[0,[[[["GetBlock",[],["pad_temp","main"],["b0"]],["GetBlock",[],["conv2d_nhwc","main"],["b1"]],["GetBlock",[],["T_add","main"],["b2"]],["GetBlock",[],["T_relu","main"],["b3"]],["GetBlock",[],["root","main"],["b4"]],["Annotate",["b1","\"SSSRRSRS\""],["meta_schedule.tiling_structure"],[]],["GetLoops",["b1"],[],["l5","l6","l7","l8","l9","l10","l11"]],["SamplePerfectTile",["l5"],[5,64],["v12","v13","v14","v15","v16"]],["Split",["l5","v12","v13","v14","v15","v16"],[1],["l17","l18","l19","l20","l21"]],["SamplePerfectTile",["l6"],[5,64],["v22","v23","v24","v25","v26"]],["Split",["l6","v22","v23","v24","v25","v26"],[1],["l27","l28","l29","l30","l31"]],["SamplePerfectTile",["l7"],[5,64],["v32","v33","v34","v35","v36"]],["Split",["l7","v32","v33","v34","v35","v36"],[1],["l37","l38","l39","l40","l41"]],["SamplePerfectTile",["l8"],[5,64],["v42","v43","v44","v45","v46"]],["Split",["l8","v42","v43","v44","v45","v46"],[1],["l47","l48","l49","l50","l51"]],["SamplePerfectTile",["l9"],[3,64],["v52","v53","v54"]],["Split",["l9","v52","v53","v54"],[1],["l55","l56","l57"]],["SamplePerfectTile",["l10"],[3,64],["v58","v59","v60"]],["Split",["l10","v58","v59","v60"],[1],["l61","l62","l63"]],["SamplePerfectTile",["l11"],[3,64],["v64","v65","v66"]],["Split",["l11","v64","v65","v66"],[1],["l67","l68","l69"]],["Reorder",["l17","l27","l37","l47","l18","l28","l38","l48","l19","l29","l39","l49","l55","l61","l67","l56","l62","l68","l20","l30","l40","l50","l57","l63","l69","l21","l31","l41","l51"],[],[]],["Fuse",["l17","l27","l37","l47"],[1],["l70"]],["Bind",["l70"],["blockIdx.x"],[]],["Fuse",["l18","l28","l38","l48"],[1],["l71"]],["Bind",["l71"],["vthread.x"],[]],["Fuse",["l19","l29","l39","l49"],[1],["l72"]],["Bind",["l72"],["threadIdx.x"],[]],["Annotate",["b1",32],["meta_schedule.thread_extent_low_inclusive"],[]],["Annotate",["b1",1024],["meta_schedule.thread_extent_high_inclusive"],[]],["CacheWrite",["b1",[]],[0,"local"],["b73"]],["ReverseComputeAt",["b73","l72"],[1,-1],[]],["CacheRead",["b1",["b1"]],[0,"shared"],["b74"]],["ComputeAt",["b74","l67"],[1,-1],[]],["GetLoops",["b74"],[],["l75","l76","l77","l78","l79","l80","l81","l82","l83","l84"]],["Fuse",["l81","l82","l83","l84"],[1],["l85"]],["SampleCategorical",[],[[1,2,3,4],[0.25,0.25,0.25,0.25]],["v86"]],["Annotate",["b74","v86"],["meta_schedule.cooperative_fetch"],[]],["CacheRead",["b1",["b1"]],[1,"shared"],["b87"]],["ComputeAt",["b87","l67"],[1,-1],[]],["GetLoops",["b87"],[],["l88","l89","l90","l91","l92","l93","l94","l95","l96","l97"]],["Fuse",["l94","l95","l96","l97"],[1],["l98"]],["SampleCategorical",[],[[1,2,3,4],[0.25,0.25,0.25,0.25]],["v99"]],["Annotate",["b87","v99"],["meta_schedule.cooperative_fetch"],[]],["ReverseComputeInline",["b3"],[],[]],["ReverseComputeInline",["b2"],[],[]],["ComputeInline",["b0"],[],[]],["SampleCategorical",[],[[0,16,64,512,1024],[0.2000000000000000111,0.2000000000000000111,0.2000000000000000111,0.2000000000000000111,0.2000000000000000111]],["v100"]],["Annotate",["b4","v100"],["meta_schedule.unroll_explicit"],[]],["EnterPostproc",[],[],[]],["Unannotate",["b74"],["meta_schedule.cooperative_fetch"],[]],["GetLoops",["b74"],[],["l101","l102","l103","l104","l105","l106","l107"]],["Split",["l107","None",280],[1],["l108","l109"]],["Bind",["l109"],["threadIdx.x"],[]],["Unannotate",["b87"],["meta_schedule.cooperative_fetch"],[]],["GetLoops",["b87"],[],["l110","l111","l112","l113","l114","l115","l116"]],["Split",["l116","None",280,2],[1],["l117","l118","l119"]],["Vectorize",["l119"],[],[]],["Bind",["l118"],["threadIdx.x"],[]],["GetBlock",[],["root","main"],["b120"]],["Unannotate",["b120"],["meta_schedule.unroll_explicit"],[]],["GetChildBlocks",["b120"],[],["b121","b122","b123","b124"]],["GetLoops",["b121"],[],["l125","l126","l127","l128","l129","l130","l131","l132"]],["GetLoops",["b122"],[],["l133","l134","l135","l136","l137","l138","l139","l140","l141"]],["GetLoops",["b123"],[],["l142","l143","l144","l145","l146","l147","l148","l149","l150","l151","l152","l153","l154","l155","l156","l157","l158","l159","l160","l161"]],["GetLoops",["b124"],[],["l162","l163","l164","l165","l166","l167","l168"]],["GetBlock",[],["conv2d_nhwc","main"],["b169"]],["GetLoops",["b169"],[],["l170","l171","l172","l173","l174","l175","l176","l177","l178","l179","l180","l181","l182","l183","l184","l185","l186","l187","l188","l189"]],["DecomposeReduction",["b169","l173"],[],["b190"]]],[[7,[1,1,2,1,1]],[9,[1,1,7,1,5]],[11,[1,1,5,7,1]],[13,[1,1,4,4,3]],[15,[1,1,1]],[17,[1,1,1]],[19,[48,4,1]],[36,2],[42,1],[47,0]]],[0],{"arch":"sm_70","keys":["cuda","gpu"],"kind":"cuda","max_num_threads":1024,"max_shared_memory_per_block":49152,"max_threads_per_block":1024,"registers_per_block":65536,"tag":"","thread_warp_size":32},[["TENSOR","float32",[2,35,35,192]],["TENSOR","float32",[1,1,192,48]],["TENSOR","float32",[1,1,1,48]],["TENSOR","float32",[2,35,35,48]]]]]
[0,[[[["GetBlock",[],["pad_temp","main"],["b0"]],["GetBlock",[],["conv2d_nhwc","main"],["b1"]],["GetBlock",[],["T_add","main"],["b2"]],["GetBlock",[],["T_relu","main"],["b3"]],["GetBlock",[],["root","main"],["b4"]],["Annotate",["b1","\"SSSRRSRS\""],["meta_schedule.tiling_structure"],[]],["GetLoops",["b1"],[],["l5","l6","l7","l8","l9","l10","l11"]],["SamplePerfectTile",["l5"],[5,64],["v12","v13","v14","v15","v16"]],["Split",["l5","v12","v13","v14","v15","v16"],[1],["l17","l18","l19","l20","l21"]],["SamplePerfectTile",["l6"],[5,64],["v22","v23","v24","v25","v26"]],["Split",["l6","v22","v23","v24","v25","v26"],[1],["l27","l28","l29","l30","l31"]],["SamplePerfectTile",["l7"],[5,64],["v32","v33","v34","v35","v36"]],["Split",["l7","v32","v33","v34","v35","v36"],[1],["l37","l38","l39","l40","l41"]],["SamplePerfectTile",["l8"],[5,64],["v42","v43","v44","v45","v46"]],["Split",["l8","v42","v43","v44","v45","v46"],[1],["l47","l48","l49","l50","l51"]],["SamplePerfectTile",["l9"],[3,64],["v52","v53","v54"]],["Split",["l9","v52","v53","v54"],[1],["l55","l56","l57"]],["SamplePerfectTile",["l10"],[3,64],["v58","v59","v60"]],["Split",["l10","v58","v59","v60"],[1],["l61","l62","l63"]],["SamplePerfectTile",["l11"],[3,64],["v64","v65","v66"]],["Split",["l11","v64","v65","v66"],[1],["l67","l68","l69"]],["Reorder",["l17","l27","l37","l47","l18","l28","l38","l48","l19","l29","l39","l49","l55","l61","l67","l56","l62","l68","l20","l30","l40","l50","l57","l63","l69","l21","l31","l41","l51"],[],[]],["Fuse",["l17","l27","l37","l47"],[1],["l70"]],["Bind",["l70"],["blockIdx.x"],[]],["Fuse",["l18","l28","l38","l48"],[1],["l71"]],["Bind",["l71"],["vthread.x"],[]],["Fuse",["l19","l29","l39","l49"],[1],["l72"]],["Bind",["l72"],["threadIdx.x"],[]],["Annotate",["b1",32],["meta_schedule.thread_extent_low_inclusive"],[]],["Annotate",["b1",1024],["meta_schedule.thread_extent_high_inclusive"],[]],["CacheWrite",["b1",[]],[0,"local"],["b73"]],["ReverseComputeAt",["b73","l72"],[1,-1],[]],["CacheRead",["b1",["b1"]],[0,"shared"],["b74"]],["ComputeAt",["b74","l67"],[1,-1],[]],["GetLoops",["b74"],[],["l75","l76","l77","l78","l79","l80","l81","l82","l83","l84"]],["Fuse",["l81","l82","l83","l84"],[1],["l85"]],["SampleCategorical",[],[[1,2,3,4],[0.25,0.25,0.25,0.25]],["v86"]],["Annotate",["b74","v86"],["meta_schedule.cooperative_fetch"],[]],["CacheRead",["b1",["b1"]],[1,"shared"],["b87"]],["ComputeAt",["b87","l67"],[1,-1],[]],["GetLoops",["b87"],[],["l88","l89","l90","l91","l92","l93","l94","l95","l96","l97"]],["Fuse",["l94","l95","l96","l97"],[1],["l98"]],["SampleCategorical",[],[[1,2,3,4],[0.25,0.25,0.25,0.25]],["v99"]],["Annotate",["b87","v99"],["meta_schedule.cooperative_fetch"],[]],["ReverseComputeInline",["b3"],[],[]],["ReverseComputeInline",["b2"],[],[]],["ComputeInline",["b0"],[],[]],["SampleCategorical",[],[[0,16,64,512,1024],[0.2000000000000000111,0.2000000000000000111,0.2000000000000000111,0.2000000000000000111,0.2000000000000000111]],["v100"]],["Annotate",["b4","v100"],["meta_schedule.unroll_explicit"],[]],["EnterPostproc",[],[],[]],["Unannotate",["b74"],["meta_schedule.cooperative_fetch"],[]],["GetLoops",["b74"],[],["l101","l102","l103","l104","l105","l106","l107"]],["Split",["l107","None",175,2],[1],["l108","l109","l110"]],["Vectorize",["l110"],[],[]],["Bind",["l109"],["threadIdx.x"],[]],["Unannotate",["b87"],["meta_schedule.cooperative_fetch"],[]],["GetLoops",["b87"],[],["l111","l112","l113","l114","l115","l116","l117"]],["Split",["l117","None",175,4],[1],["l118","l119","l120"]],["Vectorize",["l120"],[],[]],["Bind",["l119"],["threadIdx.x"],[]],["GetBlock",[],["root","main"],["b121"]],["Unannotate",["b121"],["meta_schedule.unroll_explicit"],[]],["GetChildBlocks",["b121"],[],["b122","b123","b124","b125"]],["GetLoops",["b122"],[],["l126","l127","l128","l129","l130","l131","l132","l133","l134"]],["Annotate",["l126",512],["pragma_auto_unroll_max_step"],[]],["Annotate",["l126",1],["pragma_unroll_explicit"],[]],["GetLoops",["b123"],[],["l135","l136","l137","l138","l139","l140","l141","l142","l143"]],["Annotate",["l135",512],["pragma_auto_unroll_max_step"],[]],["Annotate",["l135",1],["pragma_unroll_explicit"],[]],["GetLoops",["b124"],[],["l144","l145","l146","l147","l148","l149","l150","l151","l152","l153","l154","l155","l156","l157","l158","l159","l160","l161","l162","l163"]],["Annotate",["l144",512],["pragma_auto_unroll_max_step"],[]],["Annotate",["l144",1],["pragma_unroll_explicit"],[]],["GetLoops",["b125"],[],["l164","l165","l166","l167","l168","l169","l170"]],["Annotate",["l164",512],["pragma_auto_unroll_max_step"],[]],["Annotate",["l164",1],["pragma_unroll_explicit"],[]],["GetBlock",[],["conv2d_nhwc","main"],["b171"]],["GetLoops",["b171"],[],["l172","l173","l174","l175","l176","l177","l178","l179","l180","l181","l182","l183","l184","l185","l186","l187","l188","l189","l190","l191"]],["DecomposeReduction",["b171","l175"],[],["b192"]]],[[7,[2,1,1,1,1]],[9,[7,1,5,1,1]],[11,[1,1,35,1,1]],[13,[2,1,1,4,6]],[15,[1,1,1]],[17,[1,1,1]],[19,[6,4,8]],[36,1],[42,3],[47,3]]],[0],{"arch":"sm_70","keys":["cuda","gpu"],"kind":"cuda","max_num_threads":1024,"max_shared_memory_per_block":49152,"max_threads_per_block":1024,"registers_per_block":65536,"tag":"","thread_warp_size":32},[["TENSOR","float32",[2,35,35,192]],["TENSOR","float32",[1,1,192,48]],["TENSOR","float32",[1,1,1,48]],["TENSOR","float32",[2,35,35,48]]]]]
[0,[[[["GetBlock",[],["pad_temp","main"],["b0"]],["GetBlock",[],["conv2d_nhwc","main"],["b1"]],["GetBlock",[],["T_add","main"],["b2"]],["GetBlock",[],["T_relu","main"],["b3"]],["GetBlock",[],["root","main"],["b4"]],["Annotate",["b1","\"SSSRRSRS\""],["meta_schedule.tiling_structure"],[]],["GetLoops",["b1"],[],["l5","l6","l7","l8","l9","l10","l11"]],["SamplePerfectTile",["l5"],[5,64],["v12","v13","v14","v15","v16"]],["Split",["l5","v12","v13","v14","v15","v16"],[1],["l17","l18","l19","l20","l21"]],["SamplePerfectTile",["l6"],[5,64],["v22","v23","v24","v25","v26"]],["Split",["l6","v22","v23","v24","v25","v26"],[1],["l27","l28","l29","l30","l31"]],["SamplePerfectTile",["l7"],[5,64],["v32","v33","v34","v35","v36"]],["Split",["l7","v32","v33","v34","v35","v36"],[1],["l37","l38","l39","l40","l41"]],["SamplePerfectTile",["l8"],[5,64],["v42","v43","v44","v45","v46"]],["Split",["l8","v42","v43","v44","v45","v46"],[1],["l47","l48","l49","l50","l51"]],["SamplePerfectTile",["l9"],[3,64],["v52","v53","v54"]],["Split",["l9","v52","v53","v54"],[1],["l55","l56","l57"]],["SamplePerfectTile",["l10"],[3,64],["v58","v59","v60"]],["Split",["l10","v58","v59","v60"],[1],["l61","l62","l63"]],["SamplePerfectTile",["l11"],[3,64],["v64","v65","v66"]],["Split",["l11","v64","v65","v66"],[1],["l67","l68","l69"]],["Reorder",["l17","l27","l37","l47","l18","l28","l38","l48","l19","l29","l39","l49","l55","l61","l67","l56","l62","l68","l20","l30","l40","l50","l57","l63","l69","l21","l31","l41","l51"],[],[]],["Fuse",["l17","l27","l37","l47"],[1],["l70"]],["Bind",["l70"],["blockIdx.x"],[]],["Fuse",["l18","l28","l38","l48"],[1],["l71"]],["Bind",["l71"],["vthread.x"],[]],["Fuse",["l19","l29","l39","l49"],[1],["l72"]],["Bind",["l72"],["threadIdx.x"],[]],["Annotate",["b1",32],["meta_schedule.thread_extent_low_inclusive"],[]],["Annotate",["b1",1024],["meta_schedule.thread_extent_high_inclusive"],[]],["CacheWrite",["b1",[]],[0,"local"],["b73"]],["ReverseComputeAt",["b73","l72"],[1,-1],[]],["CacheRead",["b1",["b1"]],[0,"shared"],["b74"]],["ComputeAt",["b74","l67"],[1,-1],[]],["GetLoops",["b74"],[],["l75","l76","l77","l78","l79","l80","l81","l82","l83","l84"]],["Fuse",["l81","l82","l83","l84"],[1],["l85"]],["SampleCategorical",[],[[1,2,3,4],[0.25,0.25,0.25,0.25]],["v86"]],["Annotate",["b74","v86"],["meta_schedule.cooperative_fetch"],[]],["CacheRead",["b1",["b1"]],[1,"shared"],["b87"]],["ComputeAt",["b87","l67"],[1,-1],[]],["GetLoops",["b87"],[],["l88","l89","l90","l91","l92","l93","l94","l95","l96","l97"]],["Fuse",["l94","l95","l96","l97"],[1],["l98"]],["SampleCategorical",[],[[1,2,3,4],[0.25,0.25,0.25,0.25]],["v99"]],["Annotate",["b87","v99"],["meta_schedule.cooperative_fetch"],[]],["ReverseComputeInline",["b3"],[],[]],["ReverseComputeInline",["b2"],[],[]],["ComputeInline",["b0"],[],[]],["SampleCategorical",[],[[0,16,64,512,1024],[0.2000000000000000111,0.2000000000000000111,0.2000000000000000111,0.2000000000000000111,0.2000000000000000111]],["v100"]],["Annotate",["b4","v100"],["meta_schedule.unroll_explicit"],[]],["EnterPostproc",[],[],[]],["Unannotate",["b74"],["meta_schedule.cooperative_fetch"],[]],["GetLoops",["b74"],[],["l101","l102","l103","l104","l105","l106","l107"]],["Split",["l107","None",196,2],[1],["l108","l109","l110"]],["Vectorize",["l110"],[],[]],["Bind",["l109"],["threadIdx.x"],[]],["Unannotate",["b87"],["meta_schedule.cooperative_fetch"],[]],["GetLoops",["b87"],[],["l111","l112","l113","l114","l115","l116","l117"]],["Split",["l117","None",196],[1],["l118","l119"]],["Bind",["l119"],["threadIdx.x"],[]],["GetBlock",[],["root","main"],["b120"]],["Unannotate",["b120"],["meta_schedule.unroll_explicit"],[]],["GetChildBlocks",["b120"],[],["b121","b122","b123","b124"]],["GetLoops",["b121"],[],["l125","l126","l127","l128","l129","l130","l131","l132","l133"]],["Annotate",["l125",512],["pragma_auto_unroll_max_step"],[]],["Annotate",["l125",1],["pragma_unroll_explicit"],[]],["GetLoops",["b122"],[],["l134","l135","l136","l137","l138","l139","l140","l141"]],["Annotate",["l134",512],["pragma_auto_unroll_max_step"],[]],["Annotate",["l134",1],["pragma_unroll_explicit"],[]],["GetLoops",["b123"],[],["l142","l143","l144","l145","l146","l147","l148","l149","l150","l151","l152","l153","l154","l155","l156","l157","l158","l159","l160","l161"]],["Annotate",["l142",512],["pragma_auto_unroll_max_step"],[]],["Annotate",["l142",1],["pragma_unroll_explicit"],[]],["GetLoops",["b124"],[],["l162","l163","l164","l165","l166","l167","l168"]],["Annotate",["l162",512],["pragma_auto_unroll_max_step"],[]],["Annotate",["l162",1],["pragma_unroll_explicit"],[]],["GetBlock",[],["conv2d_nhwc","main"],["b169"]],["GetLoops",["b169"],[],["l170","l171","l172","l173","l174","l175","l176","l177","l178","l179","l180","l181","l182","l183","l184","l185","l186","l187","l188","l189"]],["DecomposeReduction",["b169","l173"],[],["b190"]]],[[7,[1,1,1,1,2]],[9,[1,5,7,1,1]],[11,[5,1,7,1,1]],[13,[4,3,4,1,1]],[15,[1,1,1]],[17,[1,1,1]],[19,[8,1,24]],[36,1],[42,0],[47,3]]],[0],{"arch":"sm_70","keys":["cuda","gpu"],"kind":"cuda","max_num_threads":1024,"max_shared_memory_per_block":49152,"max_threads_per_block":1024,"registers_per_block":65536,"tag":"","thread_warp_size":32},[["TENSOR","float32",[2,35,35,192]],["TENSOR","float32",[1,1,192,48]],["TENSOR","float32",[1,1,1,48]],["TENSOR","float32",[2,35,35,48]]]]]
[0,[[[["GetBlock",[],["pad_temp","main"],["b0"]],["GetBlock",[],["conv2d_nhwc","main"],["b1"]],["GetBlock",[],["T_add","main"],["b2"]],["GetBlock",[],["T_relu","main"],["b3"]],["GetBlock",[],["root","main"],["b4"]],["Annotate",["b1","\"SSSRRSRS\""],["meta_schedule.tiling_structure"],[]],["GetLoops",["b1"],[],["l5","l6","l7","l8","l9","l10","l11"]],["SamplePerfectTile",["l5"],[5,64],["v12","v13","v14","v15","v16"]],["Split",["l5","v12","v13","v14","v15","v16"],[1],["l17","l18","l19","l20","l21"]],["SamplePerfectTile",["l6"],[5,64],["v22","v23","v24","v25","v26"]],["Split",["l6","v22","v23","v24","v25","v26"],[1],["l27","l28","l29","l30","l31"]],["SamplePerfectTile",["l7"],[5,64],["v32","v33","v34","v35","v36"]],["Split",["l7","v32","v33","v34","v35","v36"],[1],["l37","l38","l39","l40","l41"]],["SamplePerfectTile",["l8"],[5,64],["v42","v43","v44","v45","v46"]],["Split",["l8","v42","v43","v44","v45","v46"],[1],["l47","l48","l49","l50","l51"]],["SamplePerfectTile",["l9"],[3,64],["v52","v53","v54"]],["Split",["l9","v52","v53","v54"],[1],["l55","l56","l57"]],["SamplePerfectTile",["l10"],[3,64],["v58","v59","v60"]],["Split",["l10","v58","v59","v60"],[1],["l61","l62","l63"]],["SamplePerfectTile",["l11"],[3,64],["v64","v65","v66"]],["Split",["l11","v64","v65","v66"],[1],["l67","l68","l69"]],["Reorder",["l17","l27","l37","l47","l18","l28","l38","l48","l19","l29","l39","l49","l55","l61","l67","l56","l62","l68","l20","l30","l40","l50","l57","l63","l69","l21","l31","l41","l51"],[],[]],["Fuse",["l17","l27","l37","l47"],[1],["l70"]],["Bind",["l70"],["blockIdx.x"],[]],["Fuse",["l18","l28","l38","l48"],[1],["l71"]],["Bind",["l71"],["vthread.x"],[]],["Fuse",["l19","l29","l39","l49"],[1],["l72"]],["Bind",["l72"],["threadIdx.x"],[]],["Annotate",["b1",32],["meta_schedule.thread_extent_low_inclusive"],[]],["Annotate",["b1",1024],["meta_schedule.thread_extent_high_inclusive"],[]],["CacheWrite",["b1",[]],[0,"local"],["b73"]],["ReverseComputeAt",["b73","l72"],[1,-1],[]],["CacheRead",["b1",["b1"]],[0,"shared"],["b74"]],["ComputeAt",["b74","l67"],[1,-1],[]],["GetLoops",["b74"],[],["l75","l76","l77","l78","l79","l80","l81","l82","l83","l84"]],["Fuse",["l81","l82","l83","l84"],[1],["l85"]],["SampleCategorical",[],[[1,2,3,4],[0.25,0.25,0.25,0.25]],["v86"]],["Annotate",["b74","v86"],["meta_schedule.cooperative_fetch"],[]],["CacheRead",["b1",["b1"]],[1,"shared"],["b87"]],["ComputeAt",["b87","l67"],[1,-1],[]],["GetLoops",["b87"],[],["l88","l89","l90","l91","l92","l93","l94","l95","l96","l97"]],["Fuse",["l94","l95","l96","l97"],[1],["l98"]],["SampleCategorical",[],[[1,2,3,4],[0.25,0.25,0.25,0.25]],["v99"]],["Annotate",["b87","v99"],["meta_schedule.cooperative_fetch"],[]],["ReverseComputeInline",["b3"],[],[]],["ReverseComputeInline",["b2"],[],[]],["ComputeInline",["b0"],[],[]],["SampleCategorical",[],[[0,16,64,512,1024],[0.2000000000000000111,0.2000000000000000111,0.2000000000000000111,0.2000000000000000111,0.2000000000000000111]],["v100"]],["Annotate",["b4","v100"],["meta_schedule.unroll_explicit"],[]],["EnterPostproc",[],[],[]],["Unannotate",["b74"],["meta_schedule.cooperative_fetch"],[]],["GetLoops",["b74"],[],["l101","l102","l103","l104","l105","l106","l107"]],["Split",["l107","None",70,3],[1],["l108","l109","l110"]],["Vectorize",["l110"],[],[]],["Bind",["l109"],["threadIdx.x"],[]],["Unannotate",["b87"],["meta_schedule.cooperative_fetch"],[]],["GetLoops",["b87"],[],["l111","l112","l113","l114","l115","l116","l117"]],["Split",["l117","None",70],[1],["l118","l119"]],["Bind",["l119"],["threadIdx.x"],[]],["GetBlock",[],["root","main"],["b120"]],["Unannotate",["b120"],["meta_schedule.unroll_explicit"],[]],["GetChildBlocks",["b120"],[],["b121","b122","b123","b124"]],["GetLoops",["b121"],[],["l125","l126","l127","l128","l129","l130","l131","l132","l133"]],["Annotate",["l125",16],["pragma_auto_unroll_max_step"],[]],["Annotate",["l125",1],["pragma_unroll_explicit"],[]],["GetLoops",["b122"],[],["l134","l135","l136","l137","l138","l139","l140","l141"]],["Annotate",["l134",16],["pragma_auto_unroll_max_step"],[]],["Annotate",["l134",1],["pragma_unroll_explicit"],[]],["GetLoops",["b123"],[],["l142","l143","l144","l145","l146","l147","l148","l149","l150","l151","l152","l153","l154","l155","l156","l157","l158","l159","l160","l161"]],["Annotate",["l142",16],["pragma_auto_unroll_max_step"],[]],["Annotate",["l142",1],["pragma_unroll_explicit"],[]],["GetLoops",["b124"],[],["l162","l163","l164","l165","l166","l167","l168"]],["Annotate",["l162",16],["pragma_auto_unroll_max_step"],[]],["Annotate",["l162",1],["pragma_unroll_explicit"],[]],["GetBlock",[],["conv2d_nhwc","main"],["b169"]],["GetLoops",["b169"],[],["l170","l171","l172","l173","l174","l175","l176","l177","l178","l179","l180","l181","l182","l183","l184","l185","l186","l187","l188","l189"]],["DecomposeReduction",["b169","l173"],[],["b190"]]],[[7,[1,1,1,2,1]],[9,[1,1,35,1,1]],[11,[7,1,1,1,5]],[13,[1,1,2,2,12]],[15,[1,1,1]],[17,[1,1,1]],[19,[8,6,4]],[36,2],[42,0],[47,1]]],[0],{"arch":"sm_70","keys":["cuda","gpu"],"kind":"cuda","max_num_threads":1024,"max_shared_memory_per_block":49152,"max_threads_per_block":1024,"registers_per_block":65536,"tag":"","thread_warp_size":32},[["TENSOR","float32",[2,35,35,192]],["TENSOR","float32",[1,1,192,48]],["TENSOR","float32",[1,1,1,48]],["TENSOR","float32",[2,35,35,48]]]]]
[0,[[[["GetBlock",[],["pad_temp","main"],["b0"]],["GetBlock",[],["conv2d_nhwc","main"],["b1"]],["GetBlock",[],["T_add","main"],["b2"]],["GetBlock",[],["T_relu","main"],["b3"]],["GetBlock",[],["root","main"],["b4"]],["Annotate",["b1","\"SSSRRSRS\""],["meta_schedule.tiling_structure"],[]],["GetLoops",["b1"],[],["l5","l6","l7","l8","l9","l10","l11"]],["SamplePerfectTile",["l5"],[5,64],["v12","v13","v14","v15","v16"]],["Split",["l5","v12","v13","v14","v15","v16"],[1],["l17","l18","l19","l20","l21"]],["SamplePerfectTile",["l6"],[5,64],["v22","v23","v24","v25","v26"]],["Split",["l6","v22","v23","v24","v25","v26"],[1],["l27","l28","l29","l30","l31"]],["SamplePerfectTile",["l7"],[5,64],["v32","v33","v34","v35","v36"]],["Split",["l7","v32","v33","v34","v35","v36"],[1],["l37","l38","l39","l40","l41"]],["SamplePerfectTile",["l8"],[5,64],["v42","v43","v44","v45","v46"]],["Split",["l8","v42","v43","v44","v45","v46"],[1],["l47","l48","l49","l50","l51"]],["SamplePerfectTile",["l9"],[3,64],["v52","v53","v54"]],["Split",["l9","v52","v53","v54"],[1],["l55","l56","l57"]],["SamplePerfectTile",["l10"],[3,64],["v58","v59","v60"]],["Split",["l10","v58","v59","v60"],[1],["l61","l62","l63"]],["SamplePerfectTile",["l11"],[3,64],["v64","v65","v66"]],["Split",["l11","v64","v65","v66"],[1],["l67","l68","l69"]],["Reorder",["l17","l27","l37","l47","l18","l28","l38","l48","l19","l29","l39","l49","l55","l61","l67","l56","l62","l68","l20","l30","l40","l50","l57","l63","l69","l21","l31","l41","l51"],[],[]],["Fuse",["l17","l27","l37","l47"],[1],["l70"]],["Bind",["l70"],["blockIdx.x"],[]],["Fuse",["l18","l28","l38","l48"],[1],["l71"]],["Bind",["l71"],["vthread.x"],[]],["Fuse",["l19","l29","l39","l49"],[1],["l72"]],["Bind",["l72"],["threadIdx.x"],[]],["Annotate",["b1",32],["meta_schedule.thread_extent_low_inclusive"],[]],["Annotate",["b1",1024],["meta_schedule.thread_extent_high_inclusive"],[]],["CacheWrite",["b1",[]],[0,"local"],["b73"]],["ReverseComputeAt",["b73","l72"],[1,-1],[]],["CacheRead",["b1",["b1"]],[0,"shared"],["b74"]],["ComputeAt",["b74","l67"],[1,-1],[]],["GetLoops",["b74"],[],["l75","l76","l77","l78","l79","l80","l81","l82","l83","l84"]],["Fuse",["l81","l82","l83","l84"],[1],["l85"]],["SampleCategorical",[],[[1,2,3,4],[0.25,0.25,0.25,0.25]],["v86"]],["Annotate",["b74","v86"],["meta_schedule.cooperative_fetch"],[]],["CacheRead",["b1",["b1"]],[1,"shared"],["b87"]],["ComputeAt",["b87","l67"],[1,-1],[]],["GetLoops",["b87"],[],["l88","l89","l90","l91","l92","l93","l94","l95","l96","l97"]],["Fuse",["l94","l95","l96","l97"],[1],["l98"]],["SampleCategorical",[],[[1,2,3,4],[0.25,0.25,0.25,0.25]],["v99"]],["Annotate",["b87","v99"],["meta_schedule.cooperative_fetch"],[]],["ReverseComputeInline",["b3"],[],[]],["ReverseComputeInline",["b2"],[],[]],["ComputeInline",["b0"],[],[]],["SampleCategorical",[],[[0,16,64,512,1024],[0.2000000000000000111,0.2000000000000000111,0.2000000000000000111,0.2000000000000000111,0.2000000000000000111]],["v100"]],["Annotate",["b4","v100"],["meta_schedule.unroll_explicit"],[]],["EnterPostproc",[],[],[]],["Unannotate",["b74"],["meta_schedule.cooperative_fetch"],[]],["GetLoops",["b74"],[],["l101","l102","l103","l104","l105","l106","l107"]],["Split",["l107","None",60],[1],["l108","l109"]],["Bind",["l109"],["threadIdx.x"],[]],["Unannotate",["b87"],["meta_schedule.cooperative_fetch"],[]],["GetLoops",["b87"],[],["l110","l111","l112","l113","l114","l115","l116"]],["Split",["l116","None",60,4],[1],["l117","l118","l119"]],["Vectorize",["l119"],[],[]],["Bind",["l118"],["threadIdx.x"],[]],["GetBlock",[],["root","main"],["b120"]],["Unannotate",["b120"],["meta_schedule.unroll_explicit"],[]],["GetChildBlocks",["b120"],[],["b121","b122","b123","b124"]],["GetLoops",["b121"],[],["l125","l126","l127","l128","l129","l130","l131","l132"]],["Annotate",["l125",1024],["pragma_auto_unroll_max_step"],[]],["Annotate",["l125",1],["pragma_unroll_explicit"],[]],["GetLoops",["b122"],[],["l133","l134","l135","l136","l137","l138","l139","l140","l141"]],["Annotate",["l133",1024],["pragma_auto_unroll_max_step"],[]],["Annotate",["l133",1],["pragma_unroll_explicit"],[]],["GetLoops",["b123"],[],["l142","l143","l144","l145","l146","l147","l148","l149","l150","l151","l152","l153","l154","l155","l156","l157","l158","l159","l160","l161"]],["Annotate",["l142",1024],["pragma_auto_unroll_max_step"],[]],["Annotate",["l142",1],["pragma_unroll_explicit"],[]],["GetLoops",["b124"],[],["l162","l163","l164","l165","l166","l167","l168"]],["Annotate",["l162",1024],["pragma_auto_unroll_max_step"],[]],["Annotate",["l162",1],["pragma_unroll_explicit"],[]],["GetBlock",[],["conv2d_nhwc","main"],["b169"]],["GetLoops",["b169"],[],["l170","l171","l172","l173","l174","l175","l176","l177","l178","l179","l180","l181","l182","l183","l184","l185","l186","l187","l188","l189"]],["DecomposeReduction",["b169","l173"],[],["b190"]]],[[7,[2,1,1,1,1]],[9,[1,5,1,1,7]],[11,[7,1,5,1,1]],[13,[1,4,12,1,1]],[15,[1,1,1]],[17,[1,1,1]],[19,[12,16,1]],[36,2],[42,3],[47,4]]],[0],{"arch":"sm_70","keys":["cuda","gpu"],"kind":"cuda","max_num_threads":1024,"max_shared_memory_per_block":49152,"max_threads_per_block":1024,"registers_per_block":65536,"tag":"","thread_warp_size":32},[["TENSOR","float32",[2,35,35,192]],["TENSOR","float32",[1,1,192,48]],["TENSOR","float32",[1,1,1,48]],["TENSOR","float32",[2,35,35,48]]]]]
[0,[[[["GetBlock",[],["pad_temp","main"],["b0"]],["GetBlock",[],["conv2d_nhwc","main"],["b1"]],["GetBlock",[],["T_add","main"],["b2"]],["GetBlock",[],["T_relu","main"],["b3"]],["GetBlock",[],["root","main"],["b4"]],["Annotate",["b1","\"SSSRRSRS\""],["meta_schedule.tiling_structure"],[]],["GetLoops",["b1"],[],["l5","l6","l7","l8","l9","l10","l11"]],["SamplePerfectTile",["l5"],[5,64],["v12","v13","v14","v15","v16"]],["Split",["l5","v12","v13","v14","v15","v16"],[1],["l17","l18","l19","l20","l21"]],["SamplePerfectTile",["l6"],[5,64],["v22","v23","v24","v25","v26"]],["Split",["l6","v22","v23","v24","v25","v26"],[1],["l27","l28","l29","l30","l31"]],["SamplePerfectTile",["l7"],[5,64],["v32","v33","v34","v35","v36"]],["Split",["l7","v32","v33","v34","v35","v36"],[1],["l37","l38","l39","l40","l41"]],["SamplePerfectTile",["l8"],[5,64],["v42","v43","v44","v45","v46"]],["Split",["l8","v42","v43","v44","v45","v46"],[1],["l47","l48","l49","l50","l51"]],["SamplePerfectTile",["l9"],[3,64],["v52","v53","v54"]],["Split",["l9","v52","v53","v54"],[1],["l55","l56","l57"]],["SamplePerfectTile",["l10"],[3,64],["v58","v59","v60"]],["Split",["l10","v58","v59","v60"],[1],["l61","l62","l63"]],["SamplePerfectTile",["l11"],[3,64],["v64","v65","v66"]],["Split",["l11","v64","v65","v66"],[1],["l67","l68","l69"]],["Reorder",["l17","l27","l37","l47","l18","l28","l38","l48","l19","l29","l39","l49","l55","l61","l67","l56","l62","l68","l20","l30","l40","l50","l57","l63","l69","l21","l31","l41","l51"],[],[]],["Fuse",["l17","l27","l37","l47"],[1],["l70"]],["Bind",["l70"],["blockIdx.x"],[]],["Fuse",["l18","l28","l38","l48"],[1],["l71"]],["Bind",["l71"],["vthread.x"],[]],["Fuse",["l19","l29","l39","l49"],[1],["l72"]],["Bind",["l72"],["threadIdx.x"],[]],["Annotate",["b1",32],["meta_schedule.thread_extent_low_inclusive"],[]],["Annotate",["b1",1024],["meta_schedule.thread_extent_high_inclusive"],[]],["CacheWrite",["b1",[]],[0,"local"],["b73"]],["ReverseComputeAt",["b73","l72"],[1,-1],[]],["CacheRead",["b1",["b1"]],[0,"shared"],["b74"]],["ComputeAt",["b74","l67"],[1,-1],[]],["GetLoops",["b74"],[],["l75","l76","l77","l78","l79","l80","l81","l82","l83","l84"]],["Fuse",["l81","l82","l83","l84"],[1],["l85"]],["SampleCategorical",[],[[1,2,3,4],[0.25,0.25,0.25,0.25]],["v86"]],["Annotate",["b74","v86"],["meta_schedule.cooperative_fetch"],[]],["CacheRead",["b1",["b1"]],[1,"shared"],["b87"]],["ComputeAt",["b87","l67"],[1,-1],[]],["GetLoops",["b87"],[],["l88","l89","l90","l91","l92","l93","l94","l95","l96","l97"]],["Fuse",["l94","l95","l96","l97"],[1],["l98"]],["SampleCategorical",[],[[1,2,3,4],[0.25,0.25,0.25,0.25]],["v99"]],["Annotate",["b87","v99"],["meta_schedule.cooperative_fetch"],[]],["ReverseComputeInline",["b3"],[],[]],["ReverseComputeInline",["b2"],[],[]],["ComputeInline",["b0"],[],[]],["SampleCategorical",[],[[0,16,64,512,1024],[0.2000000000000000111,0.2000000000000000111,0.2000000000000000111,0.2000000000000000111,0.2000000000000000111]],["v100"]],["Annotate",["b4","v100"],["meta_schedule.unroll_explicit"],[]],["EnterPostproc",[],[],[]],["Unannotate",["b74"],["meta_schedule.cooperative_fetch"],[]],["GetLoops",["b74"],[],["l101","l102","l103","l104","l105","l106","l107"]],["Split",["l107","None",42,2],[1],["l108","l109","l110"]],["Vectorize",["l110"],[],[]],["Bind",["l109"],["threadIdx.x"],[]],["Unannotate",["b87"],["meta_schedule.cooperative_fetch"],[]],["GetLoops",["b87"],[],["l111","l112","l113","l114","l115","l116","l117"]],["Split",["l117","None",42,4],[1],["l118","l119","l120"]],["Vectorize",["l120"],[],[]],["Bind",["l119"],["threadIdx.x"],[]],["GetBlock",[],["root","main"],["b121"]],["Unannotate",["b121"],["meta_schedule.unroll_explicit"],[]],["GetChildBlocks",["b121"],[],["b122","b123","b124","b125"]],["GetLoops",["b122"],[],["l126","l127","l128","l129","l130","l131","l132","l133","l134"]],["Annotate",["l126",16],["pragma_auto_unroll_max_step"],[]],["Annotate",["l126",1],["pragma_unroll_explicit"],[]],["GetLoops",["b123"],[],["l135","l136","l137","l138","l139","l140","l141","l142","l143"]],["Annotate",["l135",16],["pragma_auto_unroll_max_step"],[]],["Annotate",["l135",1],["pragma_unroll_explicit"],[]],["GetLoops",["b124"],[],["l144","l145","l146","l147","l148","l149","l150","l151","l152","l153","l154","l155","l156","l157","l158","l159","l160","l161","l162","l163"]],["Annotate",["l144",16],["pragma_auto_unroll_max_step"],[]],["Annotate",["l144",1],["pragma_unroll_explicit"],[]],["GetLoops",["b125"],[],["l164","l165","l166","l167","l168","l169","l170"]],["Annotate",["l164",16],["pragma_auto_unroll_max_step"],[]],["Annotate",["l164",1],["pragma_unroll_explicit"],[]],["GetBlock",[],["conv2d_nhwc","main"],["b171"]],["GetLoops",["b171"],[],["l172","l173","l174","l175","l176","l177","l178","l179","l180","l181","l182","l183","l184","l185","l186","l187","l188","l189","l190","l191"]],["DecomposeReduction",["b171","l175"],[],["b192"]]],[[7,[2,1,1,1,1]],[9,[35,1,1,1,1]],[11,[1,1,7,1,5]],[13,[4,1,6,2,1]],[15,[1,1,1]],[17,[1,1,1]],[19,[8,12,2]],[36,1],[42,3],[47,1]]],[0],{"arch":"sm_70","keys":["cuda","gpu"],"kind":"cuda","max_num_threads":1024,"max_shared_memory_per_block":49152,"max_threads_per_block":1024,"registers_per_block":65536,"tag":"","thread_warp_size":32},[["TENSOR","float32",[2,35,35,192]],["TENSOR","float32",[1,1,192,48]],["TENSOR","float32",[1,1,1,48]],["TENSOR","float32",[2,35,35,48]]]]]
[0,[[[["GetBlock",[],["pad_temp","main"],["b0"]],["GetBlock",[],["conv2d_nhwc","main"],["b1"]],["GetBlock",[],["T_add","main"],["b2"]],["GetBlock",[],["T_relu","main"],["b3"]],["GetBlock",[],["root","main"],["b4"]],["Annotate",["b1","\"SSSRRSRS\""],["meta_schedule.tiling_structure"],[]],["GetLoops",["b1"],[],["l5","l6","l7","l8","l9","l10","l11"]],["SamplePerfectTile",["l5"],[5,64],["v12","v13","v14","v15","v16"]],["Split",["l5","v12","v13","v14","v15","v16"],[1],["l17","l18","l19","l20","l21"]],["SamplePerfectTile",["l6"],[5,64],["v22","v23","v24","v25","v26"]],["Split",["l6","v22","v23","v24","v25","v26"],[1],["l27","l28","l29","l30","l31"]],["SamplePerfectTile",["l7"],[5,64],["v32","v33","v34","v35","v36"]],["Split",["l7","v32","v33","v34","v35","v36"],[1],["l37","l38","l39","l40","l41"]],["SamplePerfectTile",["l8"],[5,64],["v42","v43","v44","v45","v46"]],["Split",["l8","v42","v43","v44","v45","v46"],[1],["l47","l48","l49","l50","l51"]],["SamplePerfectTile",["l9"],[3,64],["v52","v53","v54"]],["Split",["l9","v52","v53","v54"],[1],["l55","l56","l57"]],["SamplePerfectTile",["l10"],[3,64],["v58","v59","v60"]],["Split",["l10","v58","v59","v60"],[1],["l61","l62","l63"]],["SamplePerfectTile",["l11"],[3,64],["v64","v65","v66"]],["Split",["l11","v64","v65","v66"],[1],["l67","l68","l69"]],["Reorder",["l17","l27","l37","l47","l18","l28","l38","l48","l19","l29","l39","l49","l55","l61","l67","l56","l62","l68","l20","l30","l40","l50","l57","l63","l69","l21","l31","l41","l51"],[],[]],["Fuse",["l17","l27","l37","l47"],[1],["l70"]],["Bind",["l70"],["blockIdx.x"],[]],["Fuse",["l18","l28","l38","l48"],[1],["l71"]],["Bind",["l71"],["vthread.x"],[]],["Fuse",["l19","l29","l39","l49"],[1],["l72"]],["Bind",["l72"],["threadIdx.x"],[]],["Annotate",["b1",32],["meta_schedule.thread_extent_low_inclusive"],[]],["Annotate",["b1",1024],["meta_schedule.thread_extent_high_inclusive"],[]],["CacheWrite",["b1",[]],[0,"local"],["b73"]],["ReverseComputeAt",["b73","l72"],[1,-1],[]],["CacheRead",["b1",["b1"]],[0,"shared"],["b74"]],["ComputeAt",["b74","l67"],[1,-1],[]],["GetLoops",["b74"],[],["l75","l76","l77","l78","l79","l80","l81","l82","l83","l84"]],["Fuse",["l81","l82","l83","l84"],[1],["l85"]],["SampleCategorical",[],[[1,2,3,4],[0.25,0.25,0.25,0.25]],["v86"]],["Annotate",["b74","v86"],["meta_schedule.cooperative_fetch"],[]],["CacheRead",["b1",["b1"]],[1,"shared"],["b87"]],["ComputeAt",["b87","l67"],[1,-1],[]],["GetLoops",["b87"],[],["l88","l89","l90","l91","l92","l93","l94","l95","l96","l97"]],["Fuse",["l94","l95","l96","l97"],[1],["l98"]],["SampleCategorical",[],[[1,2,3,4],[0.25,0.25,0.25,0.25]],["v99"]],["Annotate",["b87","v99"],["meta_schedule.cooperative_fetch"],[]],["ReverseComputeInline",["b3"],[],[]],["ReverseComputeInline",["b2"],[],[]],["ComputeInline",["b0"],[],[]],["SampleCategorical",[],[[0,16,64,512,1024],[0.2000000000000000111,0.2000000000000000111,0.2000000000000000111,0.2000000000000000111,0.2000000000000000111]],["v100"]],["Annotate",["b4","v100"],["meta_schedule.unroll_explicit"],[]],["EnterPostproc",[],[],[]],["Unannotate",["b74"],["meta_schedule.cooperative_fetch"],[]],["GetLoops",["b74"],[],["l101","l102","l103","l104","l105","l106","l107"]],["Split",["l107","None",200],[1],["l108","l109"]],["Bind",["l109"],["threadIdx.x"],[]],["Unannotate",["b87"],["meta_schedule.cooperative_fetch"],[]],["GetLoops",["b87"],[],["l110","l111","l112","l113","l114","l115","l116"]],["Split",["l116","None",200,2],[1],["l117","l118","l119"]],["Vectorize",["l119"],[],[]],["Bind",["l118"],["threadIdx.x"],[]],["GetBlock",[],["root","main"],["b120"]],["Unannotate",["b120"],["meta_schedule.unroll_explicit"],[]],["GetChildBlocks",["b120"],[],["b121","b122","b123","b124"]],["GetLoops",["b121"],[],["l125","l126","l127","l128","l129","l130","l131","l132"]],["Annotate",["l125",64],["pragma_auto_unroll_max_step"],[]],["Annotate",["l125",1],["pragma_unroll_explicit"],[]],["GetLoops",["b122"],[],["l133","l134","l135","l136","l137","l138","l139","l140","l141"]],["Annotate",["l133",64],["pragma_auto_unroll_max_step"],[]],["Annotate",["l133",1],["pragma_unroll_explicit"],[]],["GetLoops",["b123"],[],["l142","l143","l144","l145","l146","l147","l148","l149","l150","l151","l152","l153","l154","l155","l156","l157","l158","l159","l160","l161"]],["Annotate",["l142",64],["pragma_auto_unroll_max_step"],[]],["Annotate",["l142",1],["pragma_unroll_explicit"],[]],["GetLoops",["b124"],[],["l162","l163","l164","l165","l166","l167","l168"]],["Annotate",["l162",64],["pragma_auto_unroll_max_step"],[]],["Annotate",["l162",1],["pragma_unroll_explicit"],[]],["GetBlock",[],["conv2d_nhwc","main"],["b169"]],["GetLoops",["b169"],[],["l170","l171","l172","l173","l174","l175","l176","l177","l178","l179","l180","l181","l182","l183","l184","l185","l186","l187","l188","l189"]],["DecomposeReduction",["b169","l173"],[],["b190"]]],[[7,[1,1,2,1,1]],[9,[1,1,5,1,7]],[11,[7,1,5,1,1]],[13,[1,2,4,1,6]],[15,[1,1,1]],[17,[1,1,1]],[19,[8,2,12]],[36,0],[42,1],[47,2]]],[0],{"arch":"sm_70","keys":["cuda","gpu"],"kind":"cuda","max_num_threads":1024,"max_shared_memory_per_block":49152,"max_threads_per_block":1024,"registers_per_block":65536,"tag":"","thread_warp_size":32},[["TENSOR","float32",[2,35,35,192]],["TENSOR","float32",[1,1,192,48]],["TENSOR","float32",[1,1,1,48]],["TENSOR","float32",[2,35,35,48]]]]]
[0,[[[["GetBlock",[],["pad_temp","main"],["b0"]],["GetBlock",[],["conv2d_nhwc","main"],["b1"]],["GetBlock",[],["T_add","main"],["b2"]],["GetBlock",[],["T_relu","main"],["b3"]],["GetBlock",[],["root","main"],["b4"]],["Annotate",["b1","\"SSSRRSRS\""],["meta_schedule.tiling_structure"],[]],["GetLoops",["b1"],[],["l5","l6","l7","l8","l9","l10","l11"]],["SamplePerfectTile",["l5"],[5,64],["v12","v13","v14","v15","v16"]],["Split",["l5","v12","v13","v14","v15","v16"],[1],["l17","l18","l19","l20","l21"]],["SamplePerfectTile",["l6"],[5,64],["v22","v23","v24","v25","v26"]],["Split",["l6","v22","v23","v24","v25","v26"],[1],["l27","l28","l29","l30","l31"]],["SamplePerfectTile",["l7"],[5,64],["v32","v33","v34","v35","v36"]],["Split",["l7","v32","v33","v34","v35","v36"],[1],["l37","l38","l39","l40","l41"]],["SamplePerfectTile",["l8"],[5,64],["v42","v43","v44","v45","v46"]],["Split",["l8","v42","v43","v44","v45","v46"],[1],["l47","l48","l49","l50","l51"]],["SamplePerfectTile",["l9"],[3,64],["v52","v53","v54"]],["Split",["l9","v52","v53","v54"],[1],["l55","l56","l57"]],["SamplePerfectTile",["l10"],[3,64],["v58","v59","v60"]],["Split",["l10","v58","v59","v60"],[1],["l61","l62","l63"]],["SamplePerfectTile",["l11"],[3,64],["v64","v65","v66"]],["Split",["l11","v64","v65","v66"],[1],["l67","l68","l69"]],["Reorder",["l17","l27","l37","l47","l18","l28","l38","l48","l19","l29","l39","l49","l55","l61","l67","l56","l62","l68","l20","l30","l40","l50","l57","l63","l69","l21","l31","l41","l51"],[],[]],["Fuse",["l17","l27","l37","l47"],[1],["l70"]],["Bind",["l70"],["blockIdx.x"],[]],["Fuse",["l18","l28","l38","l48"],[1],["l71"]],["Bind",["l71"],["vthread.x"],[]],["Fuse",["l19","l29","l39","l49"],[1],["l72"]],["Bind",["l72"],["threadIdx.x"],[]],["Annotate",["b1",32],["meta_schedule.thread_extent_low_inclusive"],[]],["Annotate",["b1",1024],["meta_schedule.thread_extent_high_inclusive"],[]],["CacheWrite",["b1",[]],[0,"local"],["b73"]],["ReverseComputeAt",["b73","l72"],[1,-1],[]],["CacheRead",["b1",["b1"]],[0,"shared"],["b74"]],["ComputeAt",["b74","l67"],[1,-1],[]],["GetLoops",["b74"],[],["l75","l76","l77","l78","l79","l80","l81","l82","l83","l84"]],["Fuse",["l81","l82","l83","l84"],[1],["l85"]],["SampleCategorical",[],[[1,2,3,4],[0.25,0.25,0.25,0.25]],["v86"]],["Annotate",["b74","v86"],["meta_schedule.cooperative_fetch"],[]],["CacheRead",["b1",["b1"]],[1,"shared"],["b87"]],["ComputeAt",["b87","l67"],[1,-1],[]],["GetLoops",["b87"],[],["l88","l89","l90","l91","l92","l93","l94","l95","l96","l97"]],["Fuse",["l94","l95","l96","l97"],[1],["l98"]],["SampleCategorical",[],[[1,2,3,4],[0.25,0.25,0.25,0.25]],["v99"]],["Annotate",["b87","v99"],["meta_schedule.cooperative_fetch"],[]],["ReverseComputeInline",["b3"],[],[]],["ReverseComputeInline",["b2"],[],[]],["ComputeInline",["b0"],[],[]],["SampleCategorical",[],[[0,16,64,512,1024],[0.2000000000000000111,0.2000000000000000111,0.2000000000000000111,0.2000000000000000111,0.2000000000000000111]],["v100"]],["Annotate",["b4","v100"],["meta_schedule.unroll_explicit"],[]],["EnterPostproc",[],[],[]],["Unannotate",["b74"],["meta_schedule.cooperative_fetch"],[]],["GetLoops",["b74"],[],["l101","l102","l103","l104","l105","l106","l107"]],["Split",["l107","None",84,2],[1],["l108","l109","l110"]],["Vectorize",["l110"],[],[]],["Bind",["l109"],["threadIdx.x"],[]],["Unannotate",["b87"],["meta_schedule.cooperative_fetch"],[]],["GetLoops",["b87"],[],["l111","l112","l113","l114","l115","l116","l117"]],["Split",["l117","None",84,3],[1],["l118","l119","l120"]],["Vectorize",["l120"],[],[]],["Bind",["l119"],["threadIdx.x"],[]],["GetBlock",[],["root","main"],["b121"]],["Unannotate",["b121"],["meta_schedule.unroll_explicit"],[]],["GetChildBlocks",["b121"],[],["b122","b123","b124","b125"]],["GetLoops",["b122"],[],["l126","l127","l128","l129","l130","l131","l132","l133","l134"]],["Annotate",["l126",64],["pragma_auto_unroll_max_step"],[]],["Annotate",["l126",1],["pragma_unroll_explicit"],[]],["GetLoops",["b123"],[],["l135","l136","l137","l138","l139","l140","l141","l142","l143"]],["Annotate",["l135",64],["pragma_auto_unroll_max_step"],[]],["Annotate",["l135",1],["pragma_unroll_explicit"],[]],["GetLoops",["b124"],[],["l144","l145","l146","l147","l148","l149","l150","l151","l152","l153","l154","l155","l156","l157","l158","l159","l160","l161","l162","l163"]],["Annotate",["l144",64],["pragma_auto_unroll_max_step"],[]],["Annotate",["l144",1],["pragma_unroll_explicit"],[]],["GetLoops",["b125"],[],["l164","l165","l166","l167","l168","l169","l170"]],["Annotate",["l164",64],["pragma_auto_unroll_max_step"],[]],["Annotate",["l164",1],["pragma_unroll_explicit"],[]],["GetBlock",[],["conv2d_nhwc","main"],["b171"]],["GetLoops",["b171"],[],["l172","l173","l174","l175","l176","l177","l178","l179","l180","l181","l182","l183","l184","l185","l186","l187","l188","l189","l190","l191"]],["DecomposeReduction",["b171","l175"],[],["b192"]]],[[7,[1,1,1,2,1]],[9,[5,1,1,1,7]],[11,[5,1,7,1,1]],[13,[2,2,12,1,1]],[15,[1,1,1]],[17,[1,1,1]],[19,[12,16,1]],[36,1],[42,2],[47,2]]],[0],{"arch":"sm_70","keys":["cuda","gpu"],"kind":"cuda","max_num_threads":1024,"max_shared_memory_per_block":49152,"max_threads_per_block":1024,"registers_per_block":65536,"tag":"","thread_warp_size":32},[["TENSOR","float32",[2,35,35,192]],["TENSOR","float32",[1,1,192,48]],["TENSOR","float32",[1,1,1,48]],["TENSOR","float32",[2,35,35,48]]]]]
[0,[[[["GetBlock",[],["pad_temp","main"],["b0"]],["GetBlock",[],["conv2d_nhwc","main"],["b1"]],["GetBlock",[],["T_add","main"],["b2"]],["GetBlock",[],["T_relu","main"],["b3"]],["GetBlock",[],["root","main"],["b4"]],["Annotate",["b1","\"SSSRRSRS\""],["meta_schedule.tiling_structure"],[]],["GetLoops",["b1"],[],["l5","l6","l7","l8","l9","l10","l11"]],["SamplePerfectTile",["l5"],[5,64],["v12","v13","v14","v15","v16"]],["Split",["l5","v12","v13","v14","v15","v16"],[1],["l17","l18","l19","l20","l21"]],["SamplePerfectTile",["l6"],[5,64],["v22","v23","v24","v25","v26"]],["Split",["l6","v22","v23","v24","v25","v26"],[1],["l27","l28","l29","l30","l31"]],["SamplePerfectTile",["l7"],[5,64],["v32","v33","v34","v35","v36"]],["Split",["l7","v32","v33","v34","v35","v36"],[1],["l37","l38","l39","l40","l41"]],["SamplePerfectTile",["l8"],[5,64],["v42","v43","v44","v45","v46"]],["Split",["l8","v42","v43","v44","v45","v46"],[1],["l47","l48","l49","l50","l51"]],["SamplePerfectTile",["l9"],[3,64],["v52","v53","v54"]],["Split",["l9","v52","v53","v54"],[1],["l55","l56","l57"]],["SamplePerfectTile",["l10"],[3,64],["v58","v59","v60"]],["Split",["l10","v58","v59","v60"],[1],["l61","l62","l63"]],["SamplePerfectTile",["l11"],[3,64],["v64","v65","v66"]],["Split",["l11","v64","v65","v66"],[1],["l67","l68","l69"]],["Reorder",["l17","l27","l37","l47","l18","l28","l38","l48","l19","l29","l39","l49","l55","l61","l67","l56","l62","l68","l20","l30","l40","l50","l57","l63","l69","l21","l31","l41","l51"],[],[]],["Fuse",["l17","l27","l37","l47"],[1],["l70"]],["Bind",["l70"],["blockIdx.x"],[]],["Fuse",["l18","l28","l38","l48"],[1],["l71"]],["Bind",["l71"],["vthread.x"],[]],["Fuse",["l19","l29","l39","l49"],[1],["l72"]],["Bind",["l72"],["threadIdx.x"],[]],["Annotate",["b1",32],["meta_schedule.thread_extent_low_inclusive"],[]],["Annotate",["b1",1024],["meta_schedule.thread_extent_high_inclusive"],[]],["CacheWrite",["b1",[]],[0,"local"],["b73"]],["ReverseComputeAt",["b73","l72"],[1,-1],[]],["CacheRead",["b1",["b1"]],[0,"shared"],["b74"]],["ComputeAt",["b74","l67"],[1,-1],[]],["GetLoops",["b74"],[],["l75","l76","l77","l78","l79","l80","l81","l82","l83","l84"]],["Fuse",["l81","l82","l83","l84"],[1],["l85"]],["SampleCategorical",[],[[1,2,3,4],[0.25,0.25,0.25,0.25]],["v86"]],["Annotate",["b74","v86"],["meta_schedule.cooperative_fetch"],[]],["CacheRead",["b1",["b1"]],[1,"shared"],["b87"]],["ComputeAt",["b87","l67"],[1,-1],[]],["GetLoops",["b87"],[],["l88","l89","l90","l91","l92","l93","l94","l95","l96","l97"]],["Fuse",["l94","l95","l96","l97"],[1],["l98"]],["SampleCategorical",[],[[1,2,3,4],[0.25,0.25,0.25,0.25]],["v99"]],["Annotate",["b87","v99"],["meta_schedule.cooperative_fetch"],[]],["ReverseComputeInline",["b3"],[],[]],["ReverseComputeInline",["b2"],[],[]],["ComputeInline",["b0"],[],[]],["SampleCategorical",[],[[0,16,64,512,1024],[0.2000000000000000111,0.2000000000000000111,0.2000000000000000111,0.2000000000000000111,0.2000000000000000111]],["v100"]],["Annotate",["b4","v100"],["meta_schedule.unroll_explicit"],[]],["EnterPostproc",[],[],[]],["Unannotate",["b74"],["meta_schedule.cooperative_fetch"],[]],["GetLoops",["b74"],[],["l101","l102","l103","l104","l105","l106","l107"]],["Split",["l107","None",35],[1],["l108","l109"]],["Bind",["l109"],["threadIdx.x"],[]],["Unannotate",["b87"],["meta_schedule.cooperative_fetch"],[]],["GetLoops",["b87"],[],["l110","l111","l112","l113","l114","l115","l116"]],["Split",["l116","None",35,4],[1],["l117","l118","l119"]],["Vectorize",["l119"],[],[]],["Bind",["l118"],["threadIdx.x"],[]],["GetBlock",[],["root","main"],["b120"]],["Unannotate",["b120"],["meta_schedule.unroll_explicit"],[]],["GetChildBlocks",["b120"],[],["b121","b122","b123","b124"]],["GetLoops",["b121"],[],["l125","l126","l127","l128","l129","l130","l131","l132"]],["Annotate",["l125",64],["pragma_auto_unroll_max_step"],[]],["Annotate",["l125",1],["pragma_unroll_explicit"],[]],["GetLoops",["b122"],[],["l133","l134","l135","l136","l137","l138","l139","l140","l141"]],["Annotate",["l133",64],["pragma_auto_unroll_max_step"],[]],["Annotate",["l133",1],["pragma_unroll_explicit"],[]],["GetLoops",["b123"],[],["l142","l143","l144","l145","l146","l147","l148","l149","l150","l151","l152","l153","l154","l155","l156","l157","l158","l159","l160","l161"]],["Annotate",["l142",64],["pragma_auto_unroll_max_step"],[]],["Annotate",["l142",1],["pragma_unroll_explicit"],[]],["GetLoops",["b124"],[],["l162","l163","l164","l165","l166","l167","l168"]],["Annotate",["l162",64],["pragma_auto_unroll_max_step"],[]],["Annotate",["l162",1],["pragma_unroll_explicit"],[]],["GetBlock",[],["conv2d_nhwc","main"],["b169"]],["GetLoops",["b169"],[],["l170","l171","l172","l173","l174","l175","l176","l177","l178","l179","l180","l181","l182","l183","l184","l185","l186","l187","l188","l189"]],["DecomposeReduction",["b169","l173"],[],["b190"]]],[[7,[2,1,1,1,1]],[9,[7,1,1,1,5]],[11,[1,1,35,1,1]],[13,[12,1,1,2,2]],[15,[1,1,1]],[17,[1,1,1]],[19,[16,3,4]],[36,0],[42,3],[47,2]]],[0],{"arch":"sm_70","keys":["cuda","gpu"],"kind":"cuda","max_num_threads":1024,"max_shared_memory_per_block":49152,"max_threads_per_block":1024,"registers_per_block":65536,"tag":"","thread_warp_size":32},[["TENSOR","float32",[2,35,35,192]],["TENSOR","float32",[1,1,192,48]],["TENSOR","float32",[1,1,1,48]],["TENSOR","float32",[2,35,35,48]]]]]
[0,[[[["GetBlock",[],["pad_temp","main"],["b0"]],["GetBlock",[],["conv2d_nhwc","main"],["b1"]],["GetBlock",[],["T_add","main"],["b2"]],["GetBlock",[],["T_relu","main"],["b3"]],["GetBlock",[],["root","main"],["b4"]],["Annotate",["b1","\"SSSRRSRS\""],["meta_schedule.tiling_structure"],[]],["GetLoops",["b1"],[],["l5","l6","l7","l8","l9","l10","l11"]],["SamplePerfectTile",["l5"],[5,64],["v12","v13","v14","v15","v16"]],["Split",["l5","v12","v13","v14","v15","v16"],[1],["l17","l18","l19","l20","l21"]],["SamplePerfectTile",["l6"],[5,64],["v22","v23","v24","v25","v26"]],["Split",["l6","v22","v23","v24","v25","v26"],[1],["l27","l28","l29","l30","l31"]],["SamplePerfectTile",["l7"],[5,64],["v32","v33","v34","v35","v36"]],["Split",["l7","v32","v33","v34","v35","v36"],[1],["l37","l38","l39","l40","l41"]],["SamplePerfectTile",["l8"],[5,64],["v42","v43","v44","v45","v46"]],["Split",["l8","v42","v43","v44","v45","v46"],[1],["l47","l48","l49","l50","l51"]],["SamplePerfectTile",["l9"],[3,64],["v52","v53","v54"]],["Split",["l9","v52","v53","v54"],[1],["l55","l56","l57"]],["SamplePerfectTile",["l10"],[3,64],["v58","v59","v60"]],["Split",["l10","v58","v59","v60"],[1],["l61","l62","l63"]],["SamplePerfectTile",["l11"],[3,64],["v64","v65","v66"]],["Split",["l11","v64","v65","v66"],[1],["l67","l68","l69"]],["Reorder",["l17","l27","l37","l47","l18","l28","l38","l48","l19","l29","l39","l49","l55","l61","l67","l56","l62","l68","l20","l30","l40","l50","l57","l63","l69","l21","l31","l41","l51"],[],[]],["Fuse",["l17","l27","l37","l47"],[1],["l70"]],["Bind",["l70"],["blockIdx.x"],[]],["Fuse",["l18","l28","l38","l48"],[1],["l71"]],["Bind",["l71"],["vthread.x"],[]],["Fuse",["l19","l29","l39","l49"],[1],["l72"]],["Bind",["l72"],["threadIdx.x"],[]],["Annotate",["b1",32],["meta_schedule.thread_extent_low_inclusive"],[]],["Annotate",["b1",1024],["meta_schedule.thread_extent_high_inclusive"],[]],["CacheWrite",["b1",[]],[0,"local"],["b73"]],["ReverseComputeAt",["b73","l72"],[1,-1],[]],["CacheRead",["b1",["b1"]],[0,"shared"],["b74"]],["ComputeAt",["b74","l67"],[1,-1],[]],["GetLoops",["b74"],[],["l75","l76","l77","l78","l79","l80","l81","l82","l83","l84"]],["Fuse",["l81","l82","l83","l84"],[1],["l85"]],["SampleCategorical",[],[[1,2,3,4],[0.25,0.25,0.25,0.25]],["v86"]],["Annotate",["b74","v86"],["meta_schedule.cooperative_fetch"],[]],["CacheRead",["b1",["b1"]],[1,"shared"],["b87"]],["ComputeAt",["b87","l67"],[1,-1],[]],["GetLoops",["b87"],[],["l88","l89","l90","l91","l92","l93","l94","l95","l96","l97"]],["Fuse",["l94","l95","l96","l97"],[1],["l98"]],["SampleCategorical",[],[[1,2,3,4],[0.25,0.25,0.25,0.25]],["v99"]],["Annotate",["b87","v99"],["meta_schedule.cooperative_fetch"],[]],["ReverseComputeInline",["b3"],[],[]],["ReverseComputeInline",["b2"],[],[]],["ComputeInline",["b0"],[],[]],["SampleCategorical",[],[[0,16,64,512,1024],[0.2000000000000000111,0.2000000000000000111,0.2000000000000000111,0.2000000000000000111,0.2000000000000000111]],["v100"]],["Annotate",["b4","v100"],["meta_schedule.unroll_explicit"],[]],["EnterPostproc",[],[],[]],["Unannotate",["b74"],["meta_schedule.cooperative_fetch"],[]],["GetLoops",["b74"],[],["l101","l102","l103","l104","l105","l106","l107"]],["Split",["l107","None",35],[1],["l108","l109"]],["Bind",["l109"],["threadIdx.x"],[]],["Unannotate",["b87"],["meta_schedule.cooperative_fetch"],[]],["GetLoops",["b87"],[],["l110","l111","l112","l113","l114","l115","l116"]],["Split",["l116","None",35,2],[1],["l117","l118","l119"]],["Vectorize",["l119"],[],[]],["Bind",["l118"],["threadIdx.x"],[]],["GetBlock",[],["root","main"],["b120"]],["Unannotate",["b120"],["meta_schedule.unroll_explicit"],[]],["GetChildBlocks",["b120"],[],["b121","b122","b123","b124"]],["GetLoops",["b121"],[],["l125","l126","l127","l128","l129","l130","l131","l132"]],["Annotate",["l125",16],["pragma_auto_unroll_max_step"],[]],["Annotate",["l125",1],["pragma_unroll_explicit"],[]],["GetLoops",["b122"],[],["l133","l134","l135","l136","l137","l138","l139","l140","l141"]],["Annotate",["l133",16],["pragma_auto_unroll_max_step"],[]],["Annotate",["l133",1],["pragma_unroll_explicit"],[]],["GetLoops",["b123"],[],["l142","l143","l144","l145","l146","l147","l148","l149","l150","l151","l152","l153","l154","l155","l156","l157","l158","l159","l160","l161"]],["Annotate",["l142",16],["pragma_auto_unroll_max_step"],[]],["Annotate",["l142",1],["pragma_unroll_explicit"],[]],["GetLoops",["b124"],[],["l162","l163","l164","l165","l166","l167","l168"]],["Annotate",["l162",16],["pragma_auto_unroll_max_step"],[]],["Annotate",["l162",1],["pragma_unroll_explicit"],[]],["GetBlock",[],["conv2d_nhwc","main"],["b169"]],["GetLoops",["b169"],[],["l170","l171","l172","l173","l174","l175","l176","l177","l178","l179","l180","l181","l182","l183","l184","l185","l186","l187","l188","l189"]],["DecomposeReduction",["b169","l173"],[],["b190"]]],[[7,[2,1,1,1,1]],[9,[7,1,5,1,1]],[11,[1,1,7,1,5]],[13,[2,4,1,1,6]],[15,[1,1,1]],[17,[1,1,1]],[19,[24,4,2]],[36,0],[42,1],[47,1]]],[0],{"arch":"sm_70","keys":["cuda","gpu"],"kind":"cuda","max_num_threads":1024,"max_shared_memory_per_block":49152,"max_threads_per_block":1024,"registers_per_block":65536,"tag":"","thread_warp_size":32},[["TENSOR","float32",[2,35,35,192]],["TENSOR","float32",[1,1,192,48]],["TENSOR","float32",[1,1,1,48]],["TENSOR","float32",[2,35,35,48]]]]]
[0,[[[["GetBlock",[],["pad_temp","main"],["b0"]],["GetBlock",[],["conv2d_nhwc","main"],["b1"]],["GetBlock",[],["T_add","main"],["b2"]],["GetBlock",[],["T_relu","main"],["b3"]],["GetBlock",[],["root","main"],["b4"]],["Annotate",["b1","\"SSSRRSRS\""],["meta_schedule.tiling_structure"],[]],["GetLoops",["b1"],[],["l5","l6","l7","l8","l9","l10","l11"]],["SamplePerfectTile",["l5"],[5,64],["v12","v13","v14","v15","v16"]],["Split",["l5","v12","v13","v14","v15","v16"],[1],["l17","l18","l19","l20","l21"]],["SamplePerfectTile",["l6"],[5,64],["v22","v23","v24","v25","v26"]],["Split",["l6","v22","v23","v24","v25","v26"],[1],["l27","l28","l29","l30","l31"]],["SamplePerfectTile",["l7"],[5,64],["v32","v33","v34","v35","v36"]],["Split",["l7","v32","v33","v34","v35","v36"],[1],["l37","l38","l39","l40","l41"]],["SamplePerfectTile",["l8"],[5,64],["v42","v43","v44","v45","v46"]],["Split",["l8","v42","v43","v44","v45","v46"],[1],["l47","l48","l49","l50","l51"]],["SamplePerfectTile",["l9"],[3,64],["v52","v53","v54"]],["Split",["l9","v52","v53","v54"],[1],["l55","l56","l57"]],["SamplePerfectTile",["l10"],[3,64],["v58","v59","v60"]],["Split",["l10","v58","v59","v60"],[1],["l61","l62","l63"]],["SamplePerfectTile",["l11"],[3,64],["v64","v65","v66"]],["Split",["l11","v64","v65","v66"],[1],["l67","l68","l69"]],["Reorder",["l17","l27","l37","l47","l18","l28","l38","l48","l19","l29","l39","l49","l55","l61","l67","l56","l62","l68","l20","l30","l40","l50","l57","l63","l69","l21","l31","l41","l51"],[],[]],["Fuse",["l17","l27","l37","l47"],[1],["l70"]],["Bind",["l70"],["blockIdx.x"],[]],["Fuse",["l18","l28","l38","l48"],[1],["l71"]],["Bind",["l71"],["vthread.x"],[]],["Fuse",["l19","l29","l39","l49"],[1],["l72"]],["Bind",["l72"],["threadIdx.x"],[]],["Annotate",["b1",32],["meta_schedule.thread_extent_low_inclusive"],[]],["Annotate",["b1",1024],["meta_schedule.thread_extent_high_inclusive"],[]],["CacheWrite",["b1",[]],[0,"local"],["b73"]],["ReverseComputeAt",["b73","l72"],[1,-1],[]],["CacheRead",["b1",["b1"]],[0,"shared"],["b74"]],["ComputeAt",["b74","l67"],[1,-1],[]],["GetLoops",["b74"],[],["l75","l76","l77","l78","l79","l80","l81","l82","l83","l84"]],["Fuse",["l81","l82","l83","l84"],[1],["l85"]],["SampleCategorical",[],[[1,2,3,4],[0.25,0.25,0.25,0.25]],["v86"]],["Annotate",["b74","v86"],["meta_schedule.cooperative_fetch"],[]],["CacheRead",["b1",["b1"]],[1,"shared"],["b87"]],["ComputeAt",["b87","l67"],[1,-1],[]],["GetLoops",["b87"],[],["l88","l89","l90","l91","l92","l93","l94","l95","l96","l97"]],["Fuse",["l94","l95","l96","l97"],[1],["l98"]],["SampleCategorical",[],[[1,2,3,4],[0.25,0.25,0.25,0.25]],["v99"]],["Annotate",["b87","v99"],["meta_schedule.cooperative_fetch"],[]],["ReverseComputeInline",["b3"],[],[]],["ReverseComputeInline",["b2"],[],[]],["ComputeInline",["b0"],[],[]],["SampleCategorical",[],[[0,16,64,512,1024],[0.2000000000000000111,0.2000000000000000111,0.2000000000000000111,0.2000000000000000111,0.2000000000000000111]],["v100"]],["Annotate",["b4","v100"],["meta_schedule.unroll_explicit"],[]],["EnterPostproc",[],[],[]],["Unannotate",["b74"],["meta_schedule.cooperative_fetch"],[]],["GetLoops",["b74"],[],["l101","l102","l103","l104","l105","l106","l107"]],["Split",["l107","None",140,2],[1],["l108","l109","l110"]],["Vectorize",["l110"],[],[]],["Bind",["l109"],["threadIdx.x"],[]],["Unannotate",["b87"],["meta_schedule.cooperative_fetch"],[]],["GetLoops",["b87"],[],["l111","l112","l113","l114","l115","l116","l117"]],["Split",["l117","None",140,2],[1],["l118","l119","l120"]],["Vectorize",["l120"],[],[]],["Bind",["l119"],["threadIdx.x"],[]],["GetBlock",[],["root","main"],["b121"]],["Unannotate",["b121"],["meta_schedule.unroll_explicit"],[]],["GetChildBlocks",["b121"],[],["b122","b123","b124","b125"]],["GetLoops",["b122"],[],["l126","l127","l128","l129","l130","l131","l132","l133","l134"]],["GetLoops",["b123"],[],["l135","l136","l137","l138","l139","l140","l141","l142","l143"]],["GetLoops",["b124"],[],["l144","l145","l146","l147","l148","l149","l150","l151","l152","l153","l154","l155","l156","l157","l158","l159","l160","l161","l162","l163"]],["GetLoops",["b125"],[],["l164","l165","l166","l167","l168","l169","l170"]],["GetBlock",[],["conv2d_nhwc","main"],["b171"]],["GetLoops",["b171"],[],["l172","l173","l174","l175","l176","l177","l178","l179","l180","l181","l182","l183","l184","l185","l186","l187","l188","l189","l190","l191"]],["DecomposeReduction",["b171","l175"],[],["b192"]]],[[7,[1,1,2,1,1]],[9,[5,1,7,1,1]],[11,[1,7,5,1,1]],[13,[2,1,2,12,1]],[15,[1,1,1]],[17,[1,1,1]],[19,[12,4,4]],[36,1],[42,1],[47,0]]],[0],{"arch":"sm_70","keys":["cuda","gpu"],"kind":"cuda","max_num_threads":1024,"max_shared_memory_per_block":49152,"max_threads_per_block":1024,"registers_per_block":65536,"tag":"","thread_warp_size":32},[["TENSOR","float32",[2,35,35,192]],["TENSOR","float32",[1,1,192,48]],["TENSOR","float32",[1,1,1,48]],["TENSOR","float32",[2,35,35,48]]]]]
[0,[[[["GetBlock",[],["pad_temp","main"],["b0"]],["GetBlock",[],["conv2d_nhwc","main"],["b1"]],["GetBlock",[],["T_add","main"],["b2"]],["GetBlock",[],["T_relu","main"],["b3"]],["GetBlock",[],["root","main"],["b4"]],["Annotate",["b1","\"SSSRRSRS\""],["meta_schedule.tiling_structure"],[]],["GetLoops",["b1"],[],["l5","l6","l7","l8","l9","l10","l11"]],["SamplePerfectTile",["l5"],[5,64],["v12","v13","v14","v15","v16"]],["Split",["l5","v12","v13","v14","v15","v16"],[1],["l17","l18","l19","l20","l21"]],["SamplePerfectTile",["l6"],[5,64],["v22","v23","v24","v25","v26"]],["Split",["l6","v22","v23","v24","v25","v26"],[1],["l27","l28","l29","l30","l31"]],["SamplePerfectTile",["l7"],[5,64],["v32","v33","v34","v35","v36"]],["Split",["l7","v32","v33","v34","v35","v36"],[1],["l37","l38","l39","l40","l41"]],["SamplePerfectTile",["l8"],[5,64],["v42","v43","v44","v45","v46"]],["Split",["l8","v42","v43","v44","v45","v46"],[1],["l47","l48","l49","l50","l51"]],["SamplePerfectTile",["l9"],[3,64],["v52","v53","v54"]],["Split",["l9","v52","v53","v54"],[1],["l55","l56","l57"]],["SamplePerfectTile",["l10"],[3,64],["v58","v59","v60"]],["Split",["l10","v58","v59","v60"],[1],["l61","l62","l63"]],["SamplePerfectTile",["l11"],[3,64],["v64","v65","v66"]],["Split",["l11","v64","v65","v66"],[1],["l67","l68","l69"]],["Reorder",["l17","l27","l37","l47","l18","l28","l38","l48","l19","l29","l39","l49","l55","l61","l67","l56","l62","l68","l20","l30","l40","l50","l57","l63","l69","l21","l31","l41","l51"],[],[]],["Fuse",["l17","l27","l37","l47"],[1],["l70"]],["Bind",["l70"],["blockIdx.x"],[]],["Fuse",["l18","l28","l38","l48"],[1],["l71"]],["Bind",["l71"],["vthread.x"],[]],["Fuse",["l19","l29","l39","l49"],[1],["l72"]],["Bind",["l72"],["threadIdx.x"],[]],["Annotate",["b1",32],["meta_schedule.thread_extent_low_inclusive"],[]],["Annotate",["b1",1024],["meta_schedule.thread_extent_high_inclusive"],[]],["CacheWrite",["b1",[]],[0,"local"],["b73"]],["ReverseComputeAt",["b73","l72"],[1,-1],[]],["CacheRead",["b1",["b1"]],[0,"shared"],["b74"]],["ComputeAt",["b74","l67"],[1,-1],[]],["GetLoops",["b74"],[],["l75","l76","l77","l78","l79","l80","l81","l82","l83","l84"]],["Fuse",["l81","l82","l83","l84"],[1],["l85"]],["SampleCategorical",[],[[1,2,3,4],[0.25,0.25,0.25,0.25]],["v86"]],["Annotate",["b74","v86"],["meta_schedule.cooperative_fetch"],[]],["CacheRead",["b1",["b1"]],[1,"shared"],["b87"]],["ComputeAt",["b87","l67"],[1,-1],[]],["GetLoops",["b87"],[],["l88","l89","l90","l91","l92","l93","l94","l95","l96","l97"]],["Fuse",["l94","l95","l96","l97"],[1],["l98"]],["SampleCategorical",[],[[1,2,3,4],[0.25,0.25,0.25,0.25]],["v99"]],["Annotate",["b87","v99"],["meta_schedule.cooperative_fetch"],[]],["ReverseComputeInline",["b3"],[],[]],["ReverseComputeInline",["b2"],[],[]],["ComputeInline",["b0"],[],[]],["SampleCategorical",[],[[0,16,64,512,1024],[0.2000000000000000111,0.2000000000000000111,0.2000000000000000111,0.2000000000000000111,0.2000000000000000111]],["v100"]],["Annotate",["b4","v100"],["meta_schedule.unroll_explicit"],[]],["EnterPostproc",[],[],[]],["Unannotate",["b74"],["meta_schedule.cooperative_fetch"],[]],["GetLoops",["b74"],[],["l101","l102","l103","l104","l105","l106","l107"]],["Split",["l107","None",150],[1],["l108","l109"]],["Bind",["l109"],["threadIdx.x"],[]],["Unannotate",["b87"],["meta_schedule.cooperative_fetch"],[]],["GetLoops",["b87"],[],["l110","l111","l112","l113","l114","l115","l116"]],["Split",["l116","None",150,3],[1],["l117","l118","l119"]],["Vectorize",["l119"],[],[]],["Bind",["l118"],["threadIdx.x"],[]],["GetBlock",[],["root","main"],["b120"]],["Unannotate",["b120"],["meta_schedule.unroll_explicit"],[]],["GetChildBlocks",["b120"],[],["b121","b122","b123","b124"]],["GetLoops",["b121"],[],["l125","l126","l127","l128","l129","l130","l131","l132"]],["Annotate",["l125",512],["pragma_auto_unroll_max_step"],[]],["Annotate",["l125",1],["pragma_unroll_explicit"],[]],["GetLoops",["b122"],[],["l133","l134","l135","l136","l137","l138","l139","l140","l141"]],["Annotate",["l133",512],["pragma_auto_unroll_max_step"],[]],["Annotate",["l133",1],["pragma_unroll_explicit"],[]],["GetLoops",["b123"],[],["l142","l143","l144","l145","l146","l147","l148","l149","l150","l151","l152","l153","l154","l155","l156","l157","l158","l159","l160","l161"]],["Annotate",["l142",512],["pragma_auto_unroll_max_step"],[]],["Annotate",["l142",1],["pragma_unroll_explicit"],[]],["GetLoops",["b124"],[],["l162","l163","l164","l165","l166","l167","l168"]],["Annotate",["l162",512],["pragma_auto_unroll_max_step"],[]],["Annotate",["l162",1],["pragma_unroll_explicit"],[]],["GetBlock",[],["conv2d_nhwc","main"],["b169"]],["GetLoops",["b169"],[],["l170","l171","l172","l173","l174","l175","l176","l177","l178","l179","l180","l181","l182","l183","l184","l185","l186","l187","l188","l189"]],["DecomposeReduction",["b169","l173"],[],["b190"]]],[[7,[1,1,1,1,2]],[9,[1,1,5,7,1]],[11,[7,1,5,1,1]],[13,[1,8,6,1,1]],[15,[1,1,1]],[17,[1,1,1]],[19,[24,4,2]],[36,0],[42,2],[47,3]]],[0],{"arch":"sm_70","keys":["cuda","gpu"],"kind":"cuda","max_num_threads":1024,"max_shared_memory_per_block":49152,"max_threads_per_block":1024,"registers_per_block":65536,"tag":"","thread_warp_size":32},[["TENSOR","float32",[2,35,35,192]],["TENSOR","float32",[1,1,192,48]],["TENSOR","float32",[1,1,1,48]],["TENSOR","float32",[2,35,35,48]]]]]
[0,[[[["GetBlock",[],["pad_temp","main"],["b0"]],["GetBlock",[],["conv2d_nhwc","main"],["b1"]],["GetBlock",[],["T_add","main"],["b2"]],["GetBlock",[],["T_relu","main"],["b3"]],["GetBlock",[],["root","main"],["b4"]],["Annotate",["b1","\"SSSRRSRS\""],["meta_schedule.tiling_structure"],[]],["GetLoops",["b1"],[],["l5","l6","l7","l8","l9","l10","l11"]],["SamplePerfectTile",["l5"],[5,64],["v12","v13","v14","v15","v16"]],["Split",["l5","v12","v13","v14","v15","v16"],[1],["l17","l18","l19","l20","l21"]],["SamplePerfectTile",["l6"],[5,64],["v22","v23","v24","v25","v26"]],["Split",["l6","v22","v23","v24","v25","v26"],[1],["l27","l28","l29","l30","l31"]],["SamplePerfectTile",["l7"],[5,64],["v32","v33","v34","v35","v36"]],["Split",["l7","v32","v33","v34","v35","v36"],[1],["l37","l38","l39","l40","l41"]],["SamplePerfectTile",["l8"],[5,64],["v42","v43","v44","v45","v46"]],["Split",["l8","v42","v43","v44","v45","v46"],[1],["l47","l48","l49","l50","l51"]],["SamplePerfectTile",["l9"],[3,64],["v52","v53","v54"]],["Split",["l9","v52","v53","v54"],[1],["l55","l56","l57"]],["SamplePerfectTile",["l10"],[3,64],["v58","v59","v60"]],["Split",["l10","v58","v59","v60"],[1],["l61","l62","l63"]],["SamplePerfectTile",["l11"],[3,64],["v64","v65","v66"]],["Split",["l11","v64","v65","v66"],[1],["l67","l68","l69"]],["Reorder",["l17","l27","l37","l47","l18","l28","l38","l48","l19","l29","l39","l49","l55","l61","l67","l56","l62","l68","l20","l30","l40","l50","l57","l63","l69","l21","l31","l41","l51"],[],[]],["Fuse",["l17","l27","l37","l47"],[1],["l70"]],["Bind",["l70"],["blockIdx.x"],[]],["Fuse",["l18","l28","l38","l48"],[1],["l71"]],["Bind",["l71"],["vthread.x"],[]],["Fuse",["l19","l29","l39","l49"],[1],["l72"]],["Bind",["l72"],["threadIdx.x"],[]],["Annotate",["b1",32],["meta_schedule.thread_extent_low_inclusive"],[]],["Annotate",["b1",1024],["meta_schedule.thread_extent_high_inclusive"],[]],["CacheWrite",["b1",[]],[0,"local"],["b73"]],["ReverseComputeAt",["b73","l72"],[1,-1],[]],["CacheRead",["b1",["b1"]],[0,"shared"],["b74"]],["ComputeAt",["b74","l67"],[1,-1],[]],["GetLoops",["b74"],[],["l75","l76","l77","l78","l79","l80","l81","l82","l83","l84"]],["Fuse",["l81","l82","l83","l84"],[1],["l85"]],["SampleCategorical",[],[[1,2,3,4],[0.25,0.25,0.25,0.25]],["v86"]],["Annotate",["b74","v86"],["meta_schedule.cooperative_fetch"],[]],["CacheRead",["b1",["b1"]],[1,"shared"],["b87"]],["ComputeAt",["b87","l67"],[1,-1],[]],["GetLoops",["b87"],[],["l88","l89","l90","l91","l92","l93","l94","l95","l96","l97"]],["Fuse",["l94","l95","l96","l97"],[1],["l98"]],["SampleCategorical",[],[[1,2,3,4],[0.25,0.25,0.25,0.25]],["v99"]],["Annotate",["b87","v99"],["meta_schedule.cooperative_fetch"],[]],["ReverseComputeInline",["b3"],[],[]],["ReverseComputeInline",["b2"],[],[]],["ComputeInline",["b0"],[],[]],["SampleCategorical",[],[[0,16,64,512,1024],[0.2000000000000000111,0.2000000000000000111,0.2000000000000000111,0.2000000000000000111,0.2000000000000000111]],["v100"]],["Annotate",["b4","v100"],["meta_schedule.unroll_explicit"],[]],["EnterPostproc",[],[],[]],["Unannotate",["b74"],["meta_schedule.cooperative_fetch"],[]],["GetLoops",["b74"],[],["l101","l102","l103","l104","l105","l106","l107"]],["Split",["l107","None",32,3],[1],["l108","l109","l110"]],["Vectorize",["l110"],[],[]],["Bind",["l109"],["threadIdx.x"],[]],["Unannotate",["b87"],["meta_schedule.cooperative_fetch"],[]],["GetLoops",["b87"],[],["l111","l112","l113","l114","l115","l116","l117"]],["Split",["l117","None",32],[1],["l118","l119"]],["Bind",["l119"],["threadIdx.x"],[]],["GetBlock",[],["root","main"],["b120"]],["Unannotate",["b120"],["meta_schedule.unroll_explicit"],[]],["GetChildBlocks",["b120"],[],["b121","b122","b123","b124"]],["GetLoops",["b121"],[],["l125","l126","l127","l128","l129","l130","l131","l132","l133"]],["Annotate",["l125",64],["pragma_auto_unroll_max_step"],[]],["Annotate",["l125",1],["pragma_unroll_explicit"],[]],["GetLoops",["b122"],[],["l134","l135","l136","l137","l138","l139","l140","l141"]],["Annotate",["l134",64],["pragma_auto_unroll_max_step"],[]],["Annotate",["l134",1],["pragma_unroll_explicit"],[]],["GetLoops",["b123"],[],["l142","l143","l144","l145","l146","l147","l148","l149","l150","l151","l152","l153","l154","l155","l156","l157","l158","l159","l160","l161"]],["Annotate",["l142",64],["pragma_auto_unroll_max_step"],[]],["Annotate",["l142",1],["pragma_unroll_explicit"],[]],["GetLoops",["b124"],[],["l162","l163","l164","l165","l166","l167","l168"]],["Annotate",["l162",64],["pragma_auto_unroll_max_step"],[]],["Annotate",["l162",1],["pragma_unroll_explicit"],[]],["GetBlock",[],["conv2d_nhwc","main"],["b169"]],["GetLoops",["b169"],[],["l170","l171","l172","l173","l174","l175","l176","l177","l178","l179","l180","l181","l182","l183","l184","l185","l186","l187","l188","l189"]],["DecomposeReduction",["b169","l173"],[],["b190"]]],[[7,[1,1,2,1,1]],[9,[1,1,1,35,1]],[11,[7,1,1,1,5]],[13,[3,1,16,1,1]],[15,[1,1,1]],[17,[1,1,1]],[19,[16,2,6]],[36,2],[42,0],[47,2]]],[0],{"arch":"sm_70","keys":["cuda","gpu"],"kind":"cuda","max_num_threads":1024,"max_shared_memory_per_block":49152,"max_threads_per_block":1024,"registers_per_block":65536,"tag":"","thread_warp_size":32},[["TENSOR","float32",[2,35,35,192]],["TENSOR","float32",[1,1,192,48]],["TENSOR","float32",[1,1,1,48]],["TENSOR","float32",[2,35,35,48]]]]]
[0,[[[["GetBlock",[],["pad_temp","main"],["b0"]],["GetBlock",[],["conv2d_nhwc","main"],["b1"]],["GetBlock",[],["T_add","main"],["b2"]],["GetBlock",[],["T_relu","main"],["b3"]],["GetBlock",[],["root","main"],["b4"]],["Annotate",["b1","\"SSSRRSRS\""],["meta_schedule.tiling_structure"],[]],["GetLoops",["b1"],[],["l5","l6","l7","l8","l9","l10","l11"]],["SamplePerfectTile",["l5"],[5,64],["v12","v13","v14","v15","v16"]],["Split",["l5","v12","v13","v14","v15","v16"],[1],["l17","l18","l19","l20","l21"]],["SamplePerfectTile",["l6"],[5,64],["v22","v23","v24","v25","v26"]],["Split",["l6","v22","v23","v24","v25","v26"],[1],["l27","l28","l29","l30","l31"]],["SamplePerfectTile",["l7"],[5,64],["v32","v33","v34","v35","v36"]],["Split",["l7","v32","v33","v34","v35","v36"],[1],["l37","l38","l39","l40","l41"]],["SamplePerfectTile",["l8"],[5,64],["v42","v43","v44","v45","v46"]],["Split",["l8","v42","v43","v44","v45","v46"],[1],["l47","l48","l49","l50","l51"]],["SamplePerfectTile",["l9"],[3,64],["v52","v53","v54"]],["Split",["l9","v52","v53","v54"],[1],["l55","l56","l57"]],["SamplePerfectTile",["l10"],[3,64],["v58","v59","v60"]],["Split",["l10","v58","v59","v60"],[1],["l61","l62","l63"]],["SamplePerfectTile",["l11"],[3,64],["v64","v65","v66"]],["Split",["l11","v64","v65","v66"],[1],["l67","l68","l69"]],["Reorder",["l17","l27","l37","l47","l18","l28","l38","l48","l19","l29","l39","l49","l55","l61","l67","l56","l62","l68","l20","l30","l40","l50","l57","l63","l69","l21","l31","l41","l51"],[],[]],["Fuse",["l17","l27","l37","l47"],[1],["l70"]],["Bind",["l70"],["blockIdx.x"],[]],["Fuse",["l18","l28","l38","l48"],[1],["l71"]],["Bind",["l71"],["vthread.x"],[]],["Fuse",["l19","l29","l39","l49"],[1],["l72"]],["Bind",["l72"],["threadIdx.x"],[]],["Annotate",["b1",32],["meta_schedule.thread_extent_low_inclusive"],[]],["Annotate",["b1",1024],["meta_schedule.thread_extent_high_inclusive"],[]],["CacheWrite",["b1",[]],[0,"local"],["b73"]],["ReverseComputeAt",["b73","l72"],[1,-1],[]],["CacheRead",["b1",["b1"]],[0,"shared"],["b74"]],["ComputeAt",["b74","l67"],[1,-1],[]],["GetLoops",["b74"],[],["l75","l76","l77","l78","l79","l80","l81","l82","l83","l84"]],["Fuse",["l81","l82","l83","l84"],[1],["l85"]],["SampleCategorical",[],[[1,2,3,4],[0.25,0.25,0.25,0.25]],["v86"]],["Annotate",["b74","v86"],["meta_schedule.cooperative_fetch"],[]],["CacheRead",["b1",["b1"]],[1,"shared"],["b87"]],["ComputeAt",["b87","l67"],[1,-1],[]],["GetLoops",["b87"],[],["l88","l89","l90","l91","l92","l93","l94","l95","l96","l97"]],["Fuse",["l94","l95","l96","l97"],[1],["l98"]],["SampleCategorical",[],[[1,2,3,4],[0.25,0.25,0.25,0.25]],["v99"]],["Annotate",["b87","v99"],["meta_schedule.cooperative_fetch"],[]],["ReverseComputeInline",["b3"],[],[]],["ReverseComputeInline",["b2"],[],[]],["ComputeInline",["b0"],[],[]],["SampleCategorical",[],[[0,16,64,512,1024],[0.2000000000000000111,0.2000000000000000111,0.2000000000000000111,0.2000000000000000111,0.2000000000000000111]],["v100"]],["Annotate",["b4","v100"],["meta_schedule.unroll_explicit"],[]],["EnterPostproc",[],[],[]],["Unannotate",["b74"],["meta_schedule.cooperative_fetch"],[]],["GetLoops",["b74"],[],["l101","l102","l103","l104","l105","l106","l107"]],["Split",["l107","None",100,4],[1],["l108","l109","l110"]],["Vectorize",["l110"],[],[]],["Bind",["l109"],["threadIdx.x"],[]],["Unannotate",["b87"],["meta_schedule.cooperative_fetch"],[]],["GetLoops",["b87"],[],["l111","l112","l113","l114","l115","l116","l117"]],["Split",["l117","None",100,2],[1],["l118","l119","l120"]],["Vectorize",["l120"],[],[]],["Bind",["l119"],["threadIdx.x"],[]],["GetBlock",[],["root","main"],["b121"]],["Unannotate",["b121"],["meta_schedule.unroll_explicit"],[]],["GetChildBlocks",["b121"],[],["b122","b123","b124","b125"]],["GetLoops",["b122"],[],["l126","l127","l128","l129","l130","l131","l132","l133","l134"]],["Annotate",["l126",512],["pragma_auto_unroll_max_step"],[]],["Annotate",["l126",1],["pragma_unroll_explicit"],[]],["GetLoops",["b123"],[],["l135","l136","l137","l138","l139","l140","l141","l142","l143"]],["Annotate",["l135",512],["pragma_auto_unroll_max_step"],[]],["Annotate",["l135",1],["pragma_unroll_explicit"],[]],["GetLoops",["b124"],[],["l144","l145","l146","l147","l148","l149","l150","l151","l152","l153","l154","l155","l156","l157","l158","l159","l160","l161","l162","l163"]],["Annotate",["l144",512],["pragma_auto_unroll_max_step"],[]],["Annotate",["l144",1],["pragma_unroll_explicit"],[]],["GetLoops",["b125"],[],["l164","l165","l166","l167","l168","l169","l170"]],["Annotate",["l164",512],["pragma_auto_unroll_max_step"],[]],["Annotate",["l164",1],["pragma_unroll_explicit"],[]],["GetBlock",[],["conv2d_nhwc","main"],["b171"]],["GetLoops",["b171"],[],["l172","l173","l174","l175","l176","l177","l178","l179","l180","l181","l182","l183","l184","l185","l186","l187","l188","l189","l190","l191"]],["DecomposeReduction",["b171","l175"],[],["b192"]]],[[7,[2,1,1,1,1]],[9,[1,1,5,7,1]],[11,[7,1,5,1,1]],[13,[1,1,4,1,12]],[15,[1,1,1]],[17,[1,1,1]],[19,[6,8,4]],[36,3],[42,1],[47,3]]],[0],{"arch":"sm_70","keys":["cuda","gpu"],"kind":"cuda","max_num_threads":1024,"max_shared_memory_per_block":49152,"max_threads_per_block":1024,"registers_per_block":65536,"tag":"","thread_warp_size":32},[["TENSOR","float32",[2,35,35,192]],["TENSOR","float32",[1,1,192,48]],["TENSOR","float32",[1,1,1,48]],["TENSOR","float32",[2,35,35,48]]]]]
[0,[[[["GetBlock",[],["pad_temp","main"],["b0"]],["GetBlock",[],["conv2d_nhwc","main"],["b1"]],["GetBlock",[],["T_add","main"],["b2"]],["GetBlock",[],["T_relu","main"],["b3"]],["GetBlock",[],["root","main"],["b4"]],["Annotate",["b1","\"SSSRRSRS\""],["meta_schedule.tiling_structure"],[]],["GetLoops",["b1"],[],["l5","l6","l7","l8","l9","l10","l11"]],["SamplePerfectTile",["l5"],[5,64],["v12","v13","v14","v15","v16"]],["Split",["l5","v12","v13","v14","v15","v16"],[1],["l17","l18","l19","l20","l21"]],["SamplePerfectTile",["l6"],[5,64],["v22","v23","v24","v25","v26"]],["Split",["l6","v22","v23","v24","v25","v26"],[1],["l27","l28","l29","l30","l31"]],["SamplePerfectTile",["l7"],[5,64],["v32","v33","v34","v35","v36"]],["Split",["l7","v32","v33","v34","v35","v36"],[1],["l37","l38","l39","l40","l41"]],["SamplePerfectTile",["l8"],[5,64],["v42","v43","v44","v45","v46"]],["Split",["l8","v42","v43","v44","v45","v46"],[1],["l47","l48","l49","l50","l51"]],["SamplePerfectTile",["l9"],[3,64],["v52","v53","v54"]],["Split",["l9","v52","v53","v54"],[1],["l55","l56","l57"]],["SamplePerfectTile",["l10"],[3,64],["v58","v59","v60"]],["Split",["l10","v58","v59","v60"],[1],["l61","l62","l63"]],["SamplePerfectTile",["l11"],[3,64],["v64","v65","v66"]],["Split",["l11","v64","v65","v66"],[1],["l67","l68","l69"]],["Reorder",["l17","l27","l37","l47","l18","l28","l38","l48","l19","l29","l39","l49","l55","l61","l67","l56","l62","l68","l20","l30","l40","l50","l57","l63","l69","l21","l31","l41","l51"],[],[]],["Fuse",["l17","l27","l37","l47"],[1],["l70"]],["Bind",["l70"],["blockIdx.x"],[]],["Fuse",["l18","l28","l38","l48"],[1],["l71"]],["Bind",["l71"],["vthread.x"],[]],["Fuse",["l19","l29","l39","l49"],[1],["l72"]],["Bind",["l72"],["threadIdx.x"],[]],["Annotate",["b1",32],["meta_schedule.thread_extent_low_inclusive"],[]],["Annotate",["b1",1024],["meta_schedule.thread_extent_high_inclusive"],[]],["CacheWrite",["b1",[]],[0,"local"],["b73"]],["ReverseComputeAt",["b73","l72"],[1,-1],[]],["CacheRead",["b1",["b1"]],[0,"shared"],["b74"]],["ComputeAt",["b74","l67"],[1,-1],[]],["GetLoops",["b74"],[],["l75","l76","l77","l78","l79","l80","l81","l82","l83","l84"]],["Fuse",["l81","l82","l83","l84"],[1],["l85"]],["SampleCategorical",[],[[1,2,3,4],[0.25,0.25,0.25,0.25]],["v86"]],["Annotate",["b74","v86"],["meta_schedule.cooperative_fetch"],[]],["CacheRead",["b1",["b1"]],[1,"shared"],["b87"]],["ComputeAt",["b87","l67"],[1,-1],[]],["GetLoops",["b87"],[],["l88","l89","l90","l91","l92","l93","l94","l95","l96","l97"]],["Fuse",["l94","l95","l96","l97"],[1],["l98"]],["SampleCategorical",[],[[1,2,3,4],[0.25,0.25,0.25,0.25]],["v99"]],["Annotate",["b87","v99"],["meta_schedule.cooperative_fetch"],[]],["ReverseComputeInline",["b3"],[],[]],["ReverseComputeInline",["b2"],[],[]],["ComputeInline",["b0"],[],[]],["SampleCategorical",[],[[0,16,64,512,1024],[0.2000000000000000111,0.2000000000000000111,0.2000000000000000111,0.2000000000000000111,0.2000000000000000111]],["v100"]],["Annotate",["b4","v100"],["meta_schedule.unroll_explicit"],[]],["EnterPostproc",[],[],[]],["Unannotate",["b74"],["meta_schedule.cooperative_fetch"],[]],["GetLoops",["b74"],[],["l101","l102","l103","l104","l105","l106","l107"]],["Split",["l107","None",168],[1],["l108","l109"]],["Bind",["l109"],["threadIdx.x"],[]],["Unannotate",["b87"],["meta_schedule.cooperative_fetch"],[]],["GetLoops",["b87"],[],["l110","l111","l112","l113","l114","l115","l116"]],["Split",["l116","None",168,3],[1],["l117","l118","l119"]],["Vectorize",["l119"],[],[]],["Bind",["l118"],["threadIdx.x"],[]],["GetBlock",[],["root","main"],["b120"]],["Unannotate",["b120"],["meta_schedule.unroll_explicit"],[]],["GetChildBlocks",["b120"],[],["b121","b122","b123","b124"]],["GetLoops",["b121"],[],["l125","l126","l127","l128","l129","l130","l131","l132"]],["Annotate",["l125",1024],["pragma_auto_unroll_max_step"],[]],["Annotate",["l125",1],["pragma_unroll_explicit"],[]],["GetLoops",["b122"],[],["l133","l134","l135","l136","l137","l138","l139","l140","l141"]],["Annotate",["l133",1024],["pragma_auto_unroll_max_step"],[]],["Annotate",["l133",1],["pragma_unroll_explicit"],[]],["GetLoops",["b123"],[],["l142","l143","l144","l145","l146","l147","l148","l149","l150","l151","l152","l153","l154","l155","l156","l157","l158","l159","l160","l161"]],["Annotate",["l142",1024],["pragma_auto_unroll_max_step"],[]],["Annotate",["l142",1],["pragma_unroll_explicit"],[]],["GetLoops",["b124"],[],["l162","l163","l164","l165","l166","l167","l168"]],["Annotate",["l162",1024],["pragma_auto_unroll_max_step"],[]],["Annotate",["l162",1],["pragma_unroll_explicit"],[]],["GetBlock",[],["conv2d_nhwc","main"],["b169"]],["GetLoops",["b169"],[],["l170","l171","l172","l173","l174","l175","l176","l177","l178","l179","l180","l181","l182","l183","l184","l185","l186","l187","l188","l189"]],["DecomposeReduction",["b169","l173"],[],["b190"]]],[[7,[1,1,2,1,1]],[9,[5,1,7,1,1]],[11,[1,1,1,35,1]],[13,[1,4,12,1,1]],[15,[1,1,1]],[17,[1,1,1]],[19,[12,8,2]],[36,2],[42,2],[47,4]]],[0],{"arch":"sm_70","keys":["cuda","gpu"],"kind":"cuda","max_num_threads":1024,"max_shared_memory_per_block":49152,"max_threads_per_block":1024,"registers_per_block":65536,"tag":"","thread_warp_size":32},[["TENSOR","float32",[2,35,35,192]],["TENSOR","float32",[1,1,192,48]],["TENSOR","float32",[1,1,1,48]],["TENSOR","float32",[2,35,35,48]]]]]
[0,[[[["GetBlock",[],["pad_temp","main"],["b0"]],["GetBlock",[],["conv2d_nhwc","main"],["b1"]],["GetBlock",[],["T_add","main"],["b2"]],["GetBlock",[],["T_relu","main"],["b3"]],["GetBlock",[],["root","main"],["b4"]],["Annotate",["b1","\"SSSRRSRS\""],["meta_schedule.tiling_structure"],[]],["GetLoops",["b1"],[],["l5","l6","l7","l8","l9","l10","l11"]],["SamplePerfectTile",["l5"],[5,64],["v12","v13","v14","v15","v16"]],["Split",["l5","v12","v13","v14","v15","v16"],[1],["l17","l18","l19","l20","l21"]],["SamplePerfectTile",["l6"],[5,64],["v22","v23","v24","v25","v26"]],["Split",["l6","v22","v23","v24","v25","v26"],[1],["l27","l28","l29","l30","l31"]],["SamplePerfectTile",["l7"],[5,64],["v32","v33","v34","v35","v36"]],["Split",["l7","v32","v33","v34","v35","v36"],[1],["l37","l38","l39","l40","l41"]],["SamplePerfectTile",["l8"],[5,64],["v42","v43","v44","v45","v46"]],["Split",["l8","v42","v43","v44","v45","v46"],[1],["l47","l48","l49","l50","l51"]],["SamplePerfectTile",["l9"],[3,64],["v52","v53","v54"]],["Split",["l9","v52","v53","v54"],[1],["l55","l56","l57"]],["SamplePerfectTile",["l10"],[3,64],["v58","v59","v60"]],["Split",["l10","v58","v59","v60"],[1],["l61","l62","l63"]],["SamplePerfectTile",["l11"],[3,64],["v64","v65","v66"]],["Split",["l11","v64","v65","v66"],[1],["l67","l68","l69"]],["Reorder",["l17","l27","l37","l47","l18","l28","l38","l48","l19","l29","l39","l49","l55","l61","l67","l56","l62","l68","l20","l30","l40","l50","l57","l63","l69","l21","l31","l41","l51"],[],[]],["Fuse",["l17","l27","l37","l47"],[1],["l70"]],["Bind",["l70"],["blockIdx.x"],[]],["Fuse",["l18","l28","l38","l48"],[1],["l71"]],["Bind",["l71"],["vthread.x"],[]],["Fuse",["l19","l29","l39","l49"],[1],["l72"]],["Bind",["l72"],["threadIdx.x"],[]],["Annotate",["b1",32],["meta_schedule.thread_extent_low_inclusive"],[]],["Annotate",["b1",1024],["meta_schedule.thread_extent_high_inclusive"],[]],["CacheWrite",["b1",[]],[0,"local"],["b73"]],["ReverseComputeAt",["b73","l72"],[1,-1],[]],["CacheRead",["b1",["b1"]],[0,"shared"],["b74"]],["ComputeAt",["b74","l67"],[1,-1],[]],["GetLoops",["b74"],[],["l75","l76","l77","l78","l79","l80","l81","l82","l83","l84"]],["Fuse",["l81","l82","l83","l84"],[1],["l85"]],["SampleCategorical",[],[[1,2,3,4],[0.25,0.25,0.25,0.25]],["v86"]],["Annotate",["b74","v86"],["meta_schedule.cooperative_fetch"],[]],["CacheRead",["b1",["b1"]],[1,"shared"],["b87"]],["ComputeAt",["b87","l67"],[1,-1],[]],["GetLoops",["b87"],[],["l88","l89","l90","l91","l92","l93","l94","l95","l96","l97"]],["Fuse",["l94","l95","l96","l97"],[1],["l98"]],["SampleCategorical",[],[[1,2,3,4],[0.25,0.25,0.25,0.25]],["v99"]],["Annotate",["b87","v99"],["meta_schedule.cooperative_fetch"],[]],["ReverseComputeInline",["b3"],[],[]],["ReverseComputeInline",["b2"],[],[]],["ComputeInline",["b0"],[],[]],["SampleCategorical",[],[[0,16,64,512,1024],[0.2000000000000000111,0.2000000000000000111,0.2000000000000000111,0.2000000000000000111,0.2000000000000000111]],["v100"]],["Annotate",["b4","v100"],["meta_schedule.unroll_explicit"],[]],["EnterPostproc",[],[],[]],["Unannotate",["b74"],["meta_schedule.cooperative_fetch"],[]],["GetLoops",["b74"],[],["l101","l102","l103","l104","l105","l106","l107"]],["Split",["l107","None",70],[1],["l108","l109"]],["Bind",["l109"],["threadIdx.x"],[]],["Unannotate",["b87"],["meta_schedule.cooperative_fetch"],[]],["GetLoops",["b87"],[],["l110","l111","l112","l113","l114","l115","l116"]],["Split",["l116","None",70],[1],["l117","l118"]],["Bind",["l118"],["threadIdx.x"],[]],["GetBlock",[],["root","main"],["b119"]],["Unannotate",["b119"],["meta_schedule.unroll_explicit"],[]],["GetChildBlocks",["b119"],[],["b120","b121","b122","b123"]],["GetLoops",["b120"],[],["l124","l125","l126","l127","l128","l129","l130","l131"]],["Annotate",["l124",1024],["pragma_auto_unroll_max_step"],[]],["Annotate",["l124",1],["pragma_unroll_explicit"],[]],["GetLoops",["b121"],[],["l132","l133","l134","l135","l136","l137","l138","l139"]],["Annotate",["l132",1024],["pragma_auto_unroll_max_step"],[]],["Annotate",["l132",1],["pragma_unroll_explicit"],[]],["GetLoops",["b122"],[],["l140","l141","l142","l143","l144","l145","l146","l147","l148","l149","l150","l151","l152","l153","l154","l155","l156","l157","l158","l159"]],["Annotate",["l140",1024],["pragma_auto_unroll_max_step"],[]],["Annotate",["l140",1],["pragma_unroll_explicit"],[]],["GetLoops",["b123"],[],["l160","l161","l162","l163","l164","l165","l166"]],["Annotate",["l160",1024],["pragma_auto_unroll_max_step"],[]],["Annotate",["l160",1],["pragma_unroll_explicit"],[]],["GetBlock",[],["conv2d_nhwc","main"],["b167"]],["GetLoops",["b167"],[],["l168","l169","l170","l171","l172","l173","l174","l175","l176","l177","l178","l179","l180","l181","l182","l183","l184","l185","l186","l187"]],["DecomposeReduction",["b167","l171"],[],["b188"]]],[[7,[1,1,1,1,2]],[9,[1,5,7,1,1]],[11,[1,7,5,1,1]],[13,[3,4,2,1,2]],[15,[1,1,1]],[17,[1,1,1]],[19,[64,3,1]],[36,0],[42,0],[47,4]]],[0],{"arch":"sm_70","keys":["cuda","gpu"],"kind":"cuda","max_num_threads":1024,"max_shared_memory_per_block":49152,"max_threads_per_block":1024,"registers_per_block":65536,"tag":"","thread_warp_size":32},[["TENSOR","float32",[2,35,35,192]],["TENSOR","float32",[1,1,192,48]],["TENSOR","float32",[1,1,1,48]],["TENSOR","float32",[2,35,35,48]]]]]
