[0,[[[["GetBlock",[],["compile_engine_const","main"],["b0"]],["GetBlock",[],["T_take","main"],["b1"]],["ComputeInline",["b0"],[],[]],["GetLoops",["b1"],[],["l2","l3"]],["Fuse",["l2","l3"],[1],["l4"]],["SampleCategorical",[],[[32,64,128,256,512,1024],[0.16666666666666665741,0.16666666666666665741,0.16666666666666665741,0.16666666666666665741,0.16666666666666665741,0.16666666666666665741]],["v5"]],["Split",["l4","None","v5"],[1],["l6","l7"]],["Bind",["l6"],["blockIdx.x"],[]],["Bind",["l7"],["threadIdx.x"],[]],["EnterPostproc",[],[],[]]],[[5,5]]],[0],{"arch":"sm_70","keys":["cuda","gpu"],"kind":"cuda","max_num_threads":1024,"max_shared_memory_per_block":49152,"max_threads_per_block":1024,"registers_per_block":65536,"tag":"","thread_warp_size":32},[["TENSOR","float32",[2,64,768]],["TENSOR","float32",[2,768]]]]]
[0,[[[["GetBlock",[],["compile_engine_const","main"],["b0"]],["GetBlock",[],["T_take","main"],["b1"]],["ComputeInline",["b0"],[],[]],["GetLoops",["b1"],[],["l2","l3"]],["Fuse",["l2","l3"],[1],["l4"]],["SampleCategorical",[],[[32,64,128,256,512,1024],[0.16666666666666665741,0.16666666666666665741,0.16666666666666665741,0.16666666666666665741,0.16666666666666665741,0.16666666666666665741]],["v5"]],["Split",["l4","None","v5"],[1],["l6","l7"]],["Bind",["l6"],["blockIdx.x"],[]],["Bind",["l7"],["threadIdx.x"],[]],["EnterPostproc",[],[],[]]],[[5,3]]],[0],{"arch":"sm_70","keys":["cuda","gpu"],"kind":"cuda","max_num_threads":1024,"max_shared_memory_per_block":49152,"max_threads_per_block":1024,"registers_per_block":65536,"tag":"","thread_warp_size":32},[["TENSOR","float32",[2,64,768]],["TENSOR","float32",[2,768]]]]]
[0,[[[["GetBlock",[],["compile_engine_const","main"],["b0"]],["GetBlock",[],["T_take","main"],["b1"]],["ComputeInline",["b0"],[],[]],["GetLoops",["b1"],[],["l2","l3"]],["Fuse",["l2","l3"],[1],["l4"]],["SampleCategorical",[],[[32,64,128,256,512,1024],[0.16666666666666665741,0.16666666666666665741,0.16666666666666665741,0.16666666666666665741,0.16666666666666665741,0.16666666666666665741]],["v5"]],["Split",["l4","None","v5"],[1],["l6","l7"]],["Bind",["l6"],["blockIdx.x"],[]],["Bind",["l7"],["threadIdx.x"],[]],["EnterPostproc",[],[],[]]],[[5,0]]],[0],{"arch":"sm_70","keys":["cuda","gpu"],"kind":"cuda","max_num_threads":1024,"max_shared_memory_per_block":49152,"max_threads_per_block":1024,"registers_per_block":65536,"tag":"","thread_warp_size":32},[["TENSOR","float32",[2,64,768]],["TENSOR","float32",[2,768]]]]]
[0,[[[["GetBlock",[],["compile_engine_const","main"],["b0"]],["GetBlock",[],["T_take","main"],["b1"]],["ComputeInline",["b0"],[],[]],["GetLoops",["b1"],[],["l2","l3"]],["Fuse",["l2","l3"],[1],["l4"]],["SampleCategorical",[],[[32,64,128,256,512,1024],[0.16666666666666665741,0.16666666666666665741,0.16666666666666665741,0.16666666666666665741,0.16666666666666665741,0.16666666666666665741]],["v5"]],["Split",["l4","None","v5"],[1],["l6","l7"]],["Bind",["l6"],["blockIdx.x"],[]],["Bind",["l7"],["threadIdx.x"],[]],["EnterPostproc",[],[],[]]],[[5,2]]],[0],{"arch":"sm_70","keys":["cuda","gpu"],"kind":"cuda","max_num_threads":1024,"max_shared_memory_per_block":49152,"max_threads_per_block":1024,"registers_per_block":65536,"tag":"","thread_warp_size":32},[["TENSOR","float32",[2,64,768]],["TENSOR","float32",[2,768]]]]]
[0,[[[["GetBlock",[],["compile_engine_const","main"],["b0"]],["GetBlock",[],["T_take","main"],["b1"]],["ComputeInline",["b0"],[],[]],["GetLoops",["b1"],[],["l2","l3"]],["Fuse",["l2","l3"],[1],["l4"]],["SampleCategorical",[],[[32,64,128,256,512,1024],[0.16666666666666665741,0.16666666666666665741,0.16666666666666665741,0.16666666666666665741,0.16666666666666665741,0.16666666666666665741]],["v5"]],["Split",["l4","None","v5"],[1],["l6","l7"]],["Bind",["l6"],["blockIdx.x"],[]],["Bind",["l7"],["threadIdx.x"],[]],["EnterPostproc",[],[],[]]],[[5,4]]],[0],{"arch":"sm_70","keys":["cuda","gpu"],"kind":"cuda","max_num_threads":1024,"max_shared_memory_per_block":49152,"max_threads_per_block":1024,"registers_per_block":65536,"tag":"","thread_warp_size":32},[["TENSOR","float32",[2,64,768]],["TENSOR","float32",[2,768]]]]]
[0,[[[["GetBlock",[],["compile_engine_const","main"],["b0"]],["GetBlock",[],["T_take","main"],["b1"]],["ComputeInline",["b0"],[],[]],["GetLoops",["b1"],[],["l2","l3"]],["Fuse",["l2","l3"],[1],["l4"]],["SampleCategorical",[],[[32,64,128,256,512,1024],[0.16666666666666665741,0.16666666666666665741,0.16666666666666665741,0.16666666666666665741,0.16666666666666665741,0.16666666666666665741]],["v5"]],["Split",["l4","None","v5"],[1],["l6","l7"]],["Bind",["l6"],["blockIdx.x"],[]],["Bind",["l7"],["threadIdx.x"],[]],["EnterPostproc",[],[],[]]],[[5,1]]],[0],{"arch":"sm_70","keys":["cuda","gpu"],"kind":"cuda","max_num_threads":1024,"max_shared_memory_per_block":49152,"max_threads_per_block":1024,"registers_per_block":65536,"tag":"","thread_warp_size":32},[["TENSOR","float32",[2,64,768]],["TENSOR","float32",[2,768]]]]]
