[0,[[[["GetBlock",[],["T_subtract","main"],["b0"]],["GetBlock",[],["T_multiply","main"],["b1"]],["GetBlock",[],["T_multiply_red","main"],["b2"]],["GetBlock",[],["T_divide","main"],["b3"]],["GetBlock",[],["root","main"],["b4"]],["ComputeInline",["b1"],[],[]],["ComputeInline",["b0"],[],[]],["GetConsumers",["b2"],[],["b5"]],["GetLoops",["b5"],[],["l6","l7","l8"]],["SampleCategorical",[],[[4,8,16,32,64,128,256,512],[0.125,0.125,0.125,0.125,0.125,0.125,0.125,0.125]],["v9"]],["Split",["l8","None","v9"],[1],["l10","l11"]],["Bind",["l11"],["threadIdx.x"],[]],["ComputeAt",["b2","l10"],[1,-1],[]],["SetScope",["b2"],[0,"shared"],[]],["GetLoops",["b2"],[],["l12","l13","l14","l15","l16","l17","l18"]],["Split",["l18","None","v9"],[1],["l19","l20"]],["Bind",["l20"],["threadIdx.x"],[]],["SampleCategorical",[],[[0,16,64,512,1024],[0.2000000000000000111,0.2000000000000000111,0.2000000000000000111,0.2000000000000000111,0.2000000000000000111]],["v21"]],["Annotate",["b4","v21"],["meta_schedule.unroll_explicit"],[]],["GetLoops",["b3"],[],["l22","l23","l24","l25"]],["Fuse",["l22","l23","l24"],[1],["l26"]],["Bind",["l26"],["blockIdx.x"],[]],["EnterPostproc",[],[],[]],["GetBlock",[],["root","main"],["b27"]],["Unannotate",["b27"],["meta_schedule.unroll_explicit"],[]],["GetChildBlocks",["b27"],[],["b28","b29"]],["GetLoops",["b28"],[],["l30","l31","l32","l33","l34","l35"]],["Annotate",["l30",64],["pragma_auto_unroll_max_step"],[]],["Annotate",["l30",1],["pragma_unroll_explicit"],[]],["GetLoops",["b29"],[],["l36","l37"]],["Annotate",["l36",64],["pragma_auto_unroll_max_step"],[]],["Annotate",["l36",1],["pragma_unroll_explicit"],[]]],[[9,5],[17,2]]],[0],{"arch":"sm_70","keys":["cuda","gpu"],"kind":"cuda","max_num_threads":1024,"max_shared_memory_per_block":49152,"max_threads_per_block":1024,"registers_per_block":65536,"tag":"","thread_warp_size":32},[["TENSOR","float32",[1,128,1024]],["TENSOR","float32",[1,128,1]],["TENSOR","float32",[1,128,1]]]]]
[0,[[[["GetBlock",[],["T_subtract","main"],["b0"]],["GetBlock",[],["T_multiply","main"],["b1"]],["GetBlock",[],["T_multiply_red","main"],["b2"]],["GetBlock",[],["T_divide","main"],["b3"]],["GetBlock",[],["root","main"],["b4"]],["ComputeInline",["b1"],[],[]],["ComputeInline",["b0"],[],[]],["GetConsumers",["b2"],[],["b5"]],["GetLoops",["b5"],[],["l6","l7","l8"]],["SampleCategorical",[],[[4,8,16,32,64,128,256,512],[0.125,0.125,0.125,0.125,0.125,0.125,0.125,0.125]],["v9"]],["Split",["l8","None","v9"],[1],["l10","l11"]],["Bind",["l11"],["threadIdx.x"],[]],["ComputeAt",["b2","l10"],[1,-1],[]],["SetScope",["b2"],[0,"shared"],[]],["GetLoops",["b2"],[],["l12","l13","l14","l15","l16","l17","l18"]],["Split",["l18","None","v9"],[1],["l19","l20"]],["Bind",["l20"],["threadIdx.x"],[]],["SampleCategorical",[],[[0,16,64,512,1024],[0.2000000000000000111,0.2000000000000000111,0.2000000000000000111,0.2000000000000000111,0.2000000000000000111]],["v21"]],["Annotate",["b4","v21"],["meta_schedule.unroll_explicit"],[]],["GetLoops",["b3"],[],["l22","l23","l24","l25"]],["Fuse",["l22","l23","l24"],[1],["l26"]],["Bind",["l26"],["blockIdx.x"],[]],["EnterPostproc",[],[],[]],["GetBlock",[],["root","main"],["b27"]],["Unannotate",["b27"],["meta_schedule.unroll_explicit"],[]],["GetChildBlocks",["b27"],[],["b28","b29"]],["GetLoops",["b28"],[],["l30","l31","l32","l33","l34","l35"]],["GetLoops",["b29"],[],["l36","l37"]]],[[9,1],[17,0]]],[0],{"arch":"sm_70","keys":["cuda","gpu"],"kind":"cuda","max_num_threads":1024,"max_shared_memory_per_block":49152,"max_threads_per_block":1024,"registers_per_block":65536,"tag":"","thread_warp_size":32},[["TENSOR","float32",[1,128,1024]],["TENSOR","float32",[1,128,1]],["TENSOR","float32",[1,128,1]]]]]
[0,[[[["GetBlock",[],["T_subtract","main"],["b0"]],["GetBlock",[],["T_multiply","main"],["b1"]],["GetBlock",[],["T_multiply_red","main"],["b2"]],["GetBlock",[],["T_divide","main"],["b3"]],["GetBlock",[],["root","main"],["b4"]],["ComputeInline",["b1"],[],[]],["ComputeInline",["b0"],[],[]],["GetConsumers",["b2"],[],["b5"]],["GetLoops",["b5"],[],["l6","l7","l8"]],["SampleCategorical",[],[[4,8,16,32,64,128,256,512],[0.125,0.125,0.125,0.125,0.125,0.125,0.125,0.125]],["v9"]],["Split",["l8","None","v9"],[1],["l10","l11"]],["Bind",["l11"],["threadIdx.x"],[]],["ComputeAt",["b2","l10"],[1,-1],[]],["SetScope",["b2"],[0,"shared"],[]],["GetLoops",["b2"],[],["l12","l13","l14","l15","l16","l17","l18"]],["Split",["l18","None","v9"],[1],["l19","l20"]],["Bind",["l20"],["threadIdx.x"],[]],["SampleCategorical",[],[[0,16,64,512,1024],[0.2000000000000000111,0.2000000000000000111,0.2000000000000000111,0.2000000000000000111,0.2000000000000000111]],["v21"]],["Annotate",["b4","v21"],["meta_schedule.unroll_explicit"],[]],["GetLoops",["b3"],[],["l22","l23","l24","l25"]],["Fuse",["l22","l23","l24"],[1],["l26"]],["Bind",["l26"],["blockIdx.x"],[]],["EnterPostproc",[],[],[]],["GetBlock",[],["root","main"],["b27"]],["Unannotate",["b27"],["meta_schedule.unroll_explicit"],[]],["GetChildBlocks",["b27"],[],["b28","b29"]],["GetLoops",["b28"],[],["l30","l31","l32","l33","l34","l35"]],["GetLoops",["b29"],[],["l36","l37"]]],[[9,0],[17,0]]],[0],{"arch":"sm_70","keys":["cuda","gpu"],"kind":"cuda","max_num_threads":1024,"max_shared_memory_per_block":49152,"max_threads_per_block":1024,"registers_per_block":65536,"tag":"","thread_warp_size":32},[["TENSOR","float32",[1,128,1024]],["TENSOR","float32",[1,128,1]],["TENSOR","float32",[1,128,1]]]]]
[0,[[[["GetBlock",[],["T_subtract","main"],["b0"]],["GetBlock",[],["T_multiply","main"],["b1"]],["GetBlock",[],["T_multiply_red","main"],["b2"]],["GetBlock",[],["T_divide","main"],["b3"]],["GetBlock",[],["root","main"],["b4"]],["ComputeInline",["b1"],[],[]],["ComputeInline",["b0"],[],[]],["GetConsumers",["b2"],[],["b5"]],["GetLoops",["b5"],[],["l6","l7","l8"]],["SampleCategorical",[],[[4,8,16,32,64,128,256,512],[0.125,0.125,0.125,0.125,0.125,0.125,0.125,0.125]],["v9"]],["Split",["l8","None","v9"],[1],["l10","l11"]],["Bind",["l11"],["threadIdx.x"],[]],["ComputeAt",["b2","l10"],[1,-1],[]],["SetScope",["b2"],[0,"shared"],[]],["GetLoops",["b2"],[],["l12","l13","l14","l15","l16","l17","l18"]],["Split",["l18","None","v9"],[1],["l19","l20"]],["Bind",["l20"],["threadIdx.x"],[]],["SampleCategorical",[],[[0,16,64,512,1024],[0.2000000000000000111,0.2000000000000000111,0.2000000000000000111,0.2000000000000000111,0.2000000000000000111]],["v21"]],["Annotate",["b4","v21"],["meta_schedule.unroll_explicit"],[]],["GetLoops",["b3"],[],["l22","l23","l24","l25"]],["Fuse",["l22","l23","l24"],[1],["l26"]],["Bind",["l26"],["blockIdx.x"],[]],["EnterPostproc",[],[],[]],["GetBlock",[],["root","main"],["b27"]],["Unannotate",["b27"],["meta_schedule.unroll_explicit"],[]],["GetChildBlocks",["b27"],[],["b28","b29"]],["GetLoops",["b28"],[],["l30","l31","l32","l33","l34","l35"]],["Annotate",["l30",64],["pragma_auto_unroll_max_step"],[]],["Annotate",["l30",1],["pragma_unroll_explicit"],[]],["GetLoops",["b29"],[],["l36","l37"]],["Annotate",["l36",64],["pragma_auto_unroll_max_step"],[]],["Annotate",["l36",1],["pragma_unroll_explicit"],[]]],[[9,1],[17,2]]],[0],{"arch":"sm_70","keys":["cuda","gpu"],"kind":"cuda","max_num_threads":1024,"max_shared_memory_per_block":49152,"max_threads_per_block":1024,"registers_per_block":65536,"tag":"","thread_warp_size":32},[["TENSOR","float32",[1,128,1024]],["TENSOR","float32",[1,128,1]],["TENSOR","float32",[1,128,1]]]]]
[0,[[[["GetBlock",[],["T_subtract","main"],["b0"]],["GetBlock",[],["T_multiply","main"],["b1"]],["GetBlock",[],["T_multiply_red","main"],["b2"]],["GetBlock",[],["T_divide","main"],["b3"]],["GetBlock",[],["root","main"],["b4"]],["ComputeInline",["b1"],[],[]],["ComputeInline",["b0"],[],[]],["GetConsumers",["b2"],[],["b5"]],["GetLoops",["b5"],[],["l6","l7","l8"]],["SampleCategorical",[],[[4,8,16,32,64,128,256,512],[0.125,0.125,0.125,0.125,0.125,0.125,0.125,0.125]],["v9"]],["Split",["l8","None","v9"],[1],["l10","l11"]],["Bind",["l11"],["threadIdx.x"],[]],["ComputeAt",["b2","l10"],[1,-1],[]],["SetScope",["b2"],[0,"shared"],[]],["GetLoops",["b2"],[],["l12","l13","l14","l15","l16","l17","l18"]],["Split",["l18","None","v9"],[1],["l19","l20"]],["Bind",["l20"],["threadIdx.x"],[]],["SampleCategorical",[],[[0,16,64,512,1024],[0.2000000000000000111,0.2000000000000000111,0.2000000000000000111,0.2000000000000000111,0.2000000000000000111]],["v21"]],["Annotate",["b4","v21"],["meta_schedule.unroll_explicit"],[]],["GetLoops",["b3"],[],["l22","l23","l24","l25"]],["Fuse",["l22","l23","l24"],[1],["l26"]],["Bind",["l26"],["blockIdx.x"],[]],["EnterPostproc",[],[],[]],["GetBlock",[],["root","main"],["b27"]],["Unannotate",["b27"],["meta_schedule.unroll_explicit"],[]],["GetChildBlocks",["b27"],[],["b28","b29"]],["GetLoops",["b28"],[],["l30","l31","l32","l33","l34","l35"]],["Annotate",["l30",16],["pragma_auto_unroll_max_step"],[]],["Annotate",["l30",1],["pragma_unroll_explicit"],[]],["GetLoops",["b29"],[],["l36","l37"]],["Annotate",["l36",16],["pragma_auto_unroll_max_step"],[]],["Annotate",["l36",1],["pragma_unroll_explicit"],[]]],[[9,4],[17,1]]],[0],{"arch":"sm_70","keys":["cuda","gpu"],"kind":"cuda","max_num_threads":1024,"max_shared_memory_per_block":49152,"max_threads_per_block":1024,"registers_per_block":65536,"tag":"","thread_warp_size":32},[["TENSOR","float32",[1,128,1024]],["TENSOR","float32",[1,128,1]],["TENSOR","float32",[1,128,1]]]]]
[0,[[[["GetBlock",[],["T_subtract","main"],["b0"]],["GetBlock",[],["T_multiply","main"],["b1"]],["GetBlock",[],["T_multiply_red","main"],["b2"]],["GetBlock",[],["T_divide","main"],["b3"]],["GetBlock",[],["root","main"],["b4"]],["ComputeInline",["b1"],[],[]],["ComputeInline",["b0"],[],[]],["SampleCategorical",[],[[0,16,64,512,1024],[0.2000000000000000111,0.2000000000000000111,0.2000000000000000111,0.2000000000000000111,0.2000000000000000111]],["v5"]],["Annotate",["b4","v5"],["meta_schedule.unroll_explicit"],[]],["GetLoops",["b3"],[],["l6","l7","l8"]],["Fuse",["l6","l7","l8"],[1],["l9"]],["SampleCategorical",[],[[32,64,128],[0.33333333333333331483,0.33333333333333331483,0.33333333333333331483]],["v10"]],["Split",["l9","None","v10"],[1],["l11","l12"]],["Bind",["l11"],["blockIdx.x"],[]],["Bind",["l12"],["threadIdx.x"],[]],["GetLoops",["b2"],[],["l13","l14","l15","l16"]],["Fuse",["l13","l14","l15"],[1],["l17"]],["SampleCategorical",[],[[32,64,128],[0.33333333333333331483,0.33333333333333331483,0.33333333333333331483]],["v18"]],["Split",["l17","None","v18"],[1],["l19","l20"]],["Bind",["l19"],["blockIdx.x"],[]],["Bind",["l20"],["threadIdx.x"],[]],["EnterPostproc",[],[],[]],["GetBlock",[],["root","main"],["b21"]],["Unannotate",["b21"],["meta_schedule.unroll_explicit"],[]],["GetChildBlocks",["b21"],[],["b22","b23"]],["GetLoops",["b22"],[],["l24","l25","l26"]],["Annotate",["l24",16],["pragma_auto_unroll_max_step"],[]],["Annotate",["l24",1],["pragma_unroll_explicit"],[]],["GetLoops",["b23"],[],["l27","l28"]],["Annotate",["l27",16],["pragma_auto_unroll_max_step"],[]],["Annotate",["l27",1],["pragma_unroll_explicit"],[]],["GetBlock",[],["T_multiply_red","main"],["b29"]],["GetLoops",["b29"],[],["l30","l31","l32"]],["DecomposeReduction",["b29","l32"],[],["b33"]]],[[7,1],[11,2],[17,2]]],[0],{"arch":"sm_70","keys":["cuda","gpu"],"kind":"cuda","max_num_threads":1024,"max_shared_memory_per_block":49152,"max_threads_per_block":1024,"registers_per_block":65536,"tag":"","thread_warp_size":32},[["TENSOR","float32",[1,128,1024]],["TENSOR","float32",[1,128,1]],["TENSOR","float32",[1,128,1]]]]]
[0,[[[["GetBlock",[],["T_subtract","main"],["b0"]],["GetBlock",[],["T_multiply","main"],["b1"]],["GetBlock",[],["T_multiply_red","main"],["b2"]],["GetBlock",[],["T_divide","main"],["b3"]],["GetBlock",[],["root","main"],["b4"]],["ComputeInline",["b1"],[],[]],["ComputeInline",["b0"],[],[]],["SampleCategorical",[],[[0,16,64,512,1024],[0.2000000000000000111,0.2000000000000000111,0.2000000000000000111,0.2000000000000000111,0.2000000000000000111]],["v5"]],["Annotate",["b4","v5"],["meta_schedule.unroll_explicit"],[]],["GetLoops",["b3"],[],["l6","l7","l8"]],["Fuse",["l6","l7","l8"],[1],["l9"]],["SampleCategorical",[],[[32,64,128],[0.33333333333333331483,0.33333333333333331483,0.33333333333333331483]],["v10"]],["Split",["l9","None","v10"],[1],["l11","l12"]],["Bind",["l11"],["blockIdx.x"],[]],["Bind",["l12"],["threadIdx.x"],[]],["GetLoops",["b2"],[],["l13","l14","l15","l16"]],["Fuse",["l13","l14","l15"],[1],["l17"]],["SampleCategorical",[],[[32,64,128],[0.33333333333333331483,0.33333333333333331483,0.33333333333333331483]],["v18"]],["Split",["l17","None","v18"],[1],["l19","l20"]],["Bind",["l19"],["blockIdx.x"],[]],["Bind",["l20"],["threadIdx.x"],[]],["EnterPostproc",[],[],[]],["GetBlock",[],["root","main"],["b21"]],["Unannotate",["b21"],["meta_schedule.unroll_explicit"],[]],["GetChildBlocks",["b21"],[],["b22","b23"]],["GetLoops",["b22"],[],["l24","l25","l26"]],["GetLoops",["b23"],[],["l27","l28"]],["GetBlock",[],["T_multiply_red","main"],["b29"]],["GetLoops",["b29"],[],["l30","l31","l32"]],["DecomposeReduction",["b29","l32"],[],["b33"]]],[[7,0],[11,2],[17,0]]],[0],{"arch":"sm_70","keys":["cuda","gpu"],"kind":"cuda","max_num_threads":1024,"max_shared_memory_per_block":49152,"max_threads_per_block":1024,"registers_per_block":65536,"tag":"","thread_warp_size":32},[["TENSOR","float32",[1,128,1024]],["TENSOR","float32",[1,128,1]],["TENSOR","float32",[1,128,1]]]]]
[0,[[[["GetBlock",[],["T_subtract","main"],["b0"]],["GetBlock",[],["T_multiply","main"],["b1"]],["GetBlock",[],["T_multiply_red","main"],["b2"]],["GetBlock",[],["T_divide","main"],["b3"]],["GetBlock",[],["root","main"],["b4"]],["ComputeInline",["b1"],[],[]],["ComputeInline",["b0"],[],[]],["GetConsumers",["b2"],[],["b5"]],["GetLoops",["b5"],[],["l6","l7","l8"]],["SampleCategorical",[],[[4,8,16,32,64,128,256,512],[0.125,0.125,0.125,0.125,0.125,0.125,0.125,0.125]],["v9"]],["Split",["l8","None","v9"],[1],["l10","l11"]],["Bind",["l11"],["threadIdx.x"],[]],["ComputeAt",["b2","l10"],[1,-1],[]],["SetScope",["b2"],[0,"shared"],[]],["GetLoops",["b2"],[],["l12","l13","l14","l15","l16","l17","l18"]],["Split",["l18","None","v9"],[1],["l19","l20"]],["Bind",["l20"],["threadIdx.x"],[]],["SampleCategorical",[],[[0,16,64,512,1024],[0.2000000000000000111,0.2000000000000000111,0.2000000000000000111,0.2000000000000000111,0.2000000000000000111]],["v21"]],["Annotate",["b4","v21"],["meta_schedule.unroll_explicit"],[]],["GetLoops",["b3"],[],["l22","l23","l24","l25"]],["Fuse",["l22","l23","l24"],[1],["l26"]],["Bind",["l26"],["blockIdx.x"],[]],["EnterPostproc",[],[],[]],["GetBlock",[],["root","main"],["b27"]],["Unannotate",["b27"],["meta_schedule.unroll_explicit"],[]],["GetChildBlocks",["b27"],[],["b28","b29"]],["GetLoops",["b28"],[],["l30","l31","l32","l33","l34","l35"]],["Annotate",["l30",64],["pragma_auto_unroll_max_step"],[]],["Annotate",["l30",1],["pragma_unroll_explicit"],[]],["GetLoops",["b29"],[],["l36","l37"]],["Annotate",["l36",64],["pragma_auto_unroll_max_step"],[]],["Annotate",["l36",1],["pragma_unroll_explicit"],[]]],[[9,0],[17,2]]],[0],{"arch":"sm_70","keys":["cuda","gpu"],"kind":"cuda","max_num_threads":1024,"max_shared_memory_per_block":49152,"max_threads_per_block":1024,"registers_per_block":65536,"tag":"","thread_warp_size":32},[["TENSOR","float32",[1,128,1024]],["TENSOR","float32",[1,128,1]],["TENSOR","float32",[1,128,1]]]]]
[0,[[[["GetBlock",[],["T_subtract","main"],["b0"]],["GetBlock",[],["T_multiply","main"],["b1"]],["GetBlock",[],["T_multiply_red","main"],["b2"]],["GetBlock",[],["T_divide","main"],["b3"]],["GetBlock",[],["root","main"],["b4"]],["ComputeInline",["b1"],[],[]],["ComputeInline",["b0"],[],[]],["GetConsumers",["b2"],[],["b5"]],["GetLoops",["b5"],[],["l6","l7","l8"]],["SampleCategorical",[],[[4,8,16,32,64,128,256,512],[0.125,0.125,0.125,0.125,0.125,0.125,0.125,0.125]],["v9"]],["Split",["l8","None","v9"],[1],["l10","l11"]],["Bind",["l11"],["threadIdx.x"],[]],["ComputeAt",["b2","l10"],[1,-1],[]],["SetScope",["b2"],[0,"shared"],[]],["GetLoops",["b2"],[],["l12","l13","l14","l15","l16","l17","l18"]],["Split",["l18","None","v9"],[1],["l19","l20"]],["Bind",["l20"],["threadIdx.x"],[]],["SampleCategorical",[],[[0,16,64,512,1024],[0.2000000000000000111,0.2000000000000000111,0.2000000000000000111,0.2000000000000000111,0.2000000000000000111]],["v21"]],["Annotate",["b4","v21"],["meta_schedule.unroll_explicit"],[]],["GetLoops",["b3"],[],["l22","l23","l24","l25"]],["Fuse",["l22","l23","l24"],[1],["l26"]],["Bind",["l26"],["blockIdx.x"],[]],["EnterPostproc",[],[],[]],["GetBlock",[],["root","main"],["b27"]],["Unannotate",["b27"],["meta_schedule.unroll_explicit"],[]],["GetChildBlocks",["b27"],[],["b28","b29"]],["GetLoops",["b28"],[],["l30","l31","l32","l33","l34","l35"]],["Annotate",["l30",16],["pragma_auto_unroll_max_step"],[]],["Annotate",["l30",1],["pragma_unroll_explicit"],[]],["GetLoops",["b29"],[],["l36","l37"]],["Annotate",["l36",16],["pragma_auto_unroll_max_step"],[]],["Annotate",["l36",1],["pragma_unroll_explicit"],[]]],[[9,5],[17,1]]],[0],{"arch":"sm_70","keys":["cuda","gpu"],"kind":"cuda","max_num_threads":1024,"max_shared_memory_per_block":49152,"max_threads_per_block":1024,"registers_per_block":65536,"tag":"","thread_warp_size":32},[["TENSOR","float32",[1,128,1024]],["TENSOR","float32",[1,128,1]],["TENSOR","float32",[1,128,1]]]]]
[0,[[[["GetBlock",[],["T_subtract","main"],["b0"]],["GetBlock",[],["T_multiply","main"],["b1"]],["GetBlock",[],["T_multiply_red","main"],["b2"]],["GetBlock",[],["T_divide","main"],["b3"]],["GetBlock",[],["root","main"],["b4"]],["ComputeInline",["b1"],[],[]],["ComputeInline",["b0"],[],[]],["SampleCategorical",[],[[0,16,64,512,1024],[0.2000000000000000111,0.2000000000000000111,0.2000000000000000111,0.2000000000000000111,0.2000000000000000111]],["v5"]],["Annotate",["b4","v5"],["meta_schedule.unroll_explicit"],[]],["GetLoops",["b3"],[],["l6","l7","l8"]],["Fuse",["l6","l7","l8"],[1],["l9"]],["SampleCategorical",[],[[32,64,128],[0.33333333333333331483,0.33333333333333331483,0.33333333333333331483]],["v10"]],["Split",["l9","None","v10"],[1],["l11","l12"]],["Bind",["l11"],["blockIdx.x"],[]],["Bind",["l12"],["threadIdx.x"],[]],["GetLoops",["b2"],[],["l13","l14","l15","l16"]],["Fuse",["l13","l14","l15"],[1],["l17"]],["SampleCategorical",[],[[32,64,128],[0.33333333333333331483,0.33333333333333331483,0.33333333333333331483]],["v18"]],["Split",["l17","None","v18"],[1],["l19","l20"]],["Bind",["l19"],["blockIdx.x"],[]],["Bind",["l20"],["threadIdx.x"],[]],["EnterPostproc",[],[],[]],["GetBlock",[],["root","main"],["b21"]],["Unannotate",["b21"],["meta_schedule.unroll_explicit"],[]],["GetChildBlocks",["b21"],[],["b22","b23"]],["GetLoops",["b22"],[],["l24","l25","l26"]],["Annotate",["l24",1024],["pragma_auto_unroll_max_step"],[]],["Annotate",["l24",1],["pragma_unroll_explicit"],[]],["GetLoops",["b23"],[],["l27","l28"]],["Annotate",["l27",1024],["pragma_auto_unroll_max_step"],[]],["Annotate",["l27",1],["pragma_unroll_explicit"],[]],["GetBlock",[],["T_multiply_red","main"],["b29"]],["GetLoops",["b29"],[],["l30","l31","l32"]],["DecomposeReduction",["b29","l32"],[],["b33"]]],[[7,4],[11,0],[17,0]]],[0],{"arch":"sm_70","keys":["cuda","gpu"],"kind":"cuda","max_num_threads":1024,"max_shared_memory_per_block":49152,"max_threads_per_block":1024,"registers_per_block":65536,"tag":"","thread_warp_size":32},[["TENSOR","float32",[1,128,1024]],["TENSOR","float32",[1,128,1]],["TENSOR","float32",[1,128,1]]]]]
[0,[[[["GetBlock",[],["T_subtract","main"],["b0"]],["GetBlock",[],["T_multiply","main"],["b1"]],["GetBlock",[],["T_multiply_red","main"],["b2"]],["GetBlock",[],["T_divide","main"],["b3"]],["GetBlock",[],["root","main"],["b4"]],["ComputeInline",["b1"],[],[]],["ComputeInline",["b0"],[],[]],["GetConsumers",["b2"],[],["b5"]],["GetLoops",["b5"],[],["l6","l7","l8"]],["SampleCategorical",[],[[4,8,16,32,64,128,256,512],[0.125,0.125,0.125,0.125,0.125,0.125,0.125,0.125]],["v9"]],["Split",["l8","None","v9"],[1],["l10","l11"]],["Bind",["l11"],["threadIdx.x"],[]],["ComputeAt",["b2","l10"],[1,-1],[]],["SetScope",["b2"],[0,"shared"],[]],["GetLoops",["b2"],[],["l12","l13","l14","l15","l16","l17","l18"]],["Split",["l18","None","v9"],[1],["l19","l20"]],["Bind",["l20"],["threadIdx.x"],[]],["SampleCategorical",[],[[0,16,64,512,1024],[0.2000000000000000111,0.2000000000000000111,0.2000000000000000111,0.2000000000000000111,0.2000000000000000111]],["v21"]],["Annotate",["b4","v21"],["meta_schedule.unroll_explicit"],[]],["GetLoops",["b3"],[],["l22","l23","l24","l25"]],["Fuse",["l22","l23","l24"],[1],["l26"]],["Bind",["l26"],["blockIdx.x"],[]],["EnterPostproc",[],[],[]],["GetBlock",[],["root","main"],["b27"]],["Unannotate",["b27"],["meta_schedule.unroll_explicit"],[]],["GetChildBlocks",["b27"],[],["b28","b29"]],["GetLoops",["b28"],[],["l30","l31","l32","l33","l34","l35"]],["Annotate",["l30",64],["pragma_auto_unroll_max_step"],[]],["Annotate",["l30",1],["pragma_unroll_explicit"],[]],["GetLoops",["b29"],[],["l36","l37"]],["Annotate",["l36",64],["pragma_auto_unroll_max_step"],[]],["Annotate",["l36",1],["pragma_unroll_explicit"],[]]],[[9,2],[17,2]]],[0],{"arch":"sm_70","keys":["cuda","gpu"],"kind":"cuda","max_num_threads":1024,"max_shared_memory_per_block":49152,"max_threads_per_block":1024,"registers_per_block":65536,"tag":"","thread_warp_size":32},[["TENSOR","float32",[1,128,1024]],["TENSOR","float32",[1,128,1]],["TENSOR","float32",[1,128,1]]]]]
[0,[[[["GetBlock",[],["T_subtract","main"],["b0"]],["GetBlock",[],["T_multiply","main"],["b1"]],["GetBlock",[],["T_multiply_red","main"],["b2"]],["GetBlock",[],["T_divide","main"],["b3"]],["GetBlock",[],["root","main"],["b4"]],["ComputeInline",["b1"],[],[]],["ComputeInline",["b0"],[],[]],["SampleCategorical",[],[[0,16,64,512,1024],[0.2000000000000000111,0.2000000000000000111,0.2000000000000000111,0.2000000000000000111,0.2000000000000000111]],["v5"]],["Annotate",["b4","v5"],["meta_schedule.unroll_explicit"],[]],["GetLoops",["b3"],[],["l6","l7","l8"]],["Fuse",["l6","l7","l8"],[1],["l9"]],["SampleCategorical",[],[[32,64,128],[0.33333333333333331483,0.33333333333333331483,0.33333333333333331483]],["v10"]],["Split",["l9","None","v10"],[1],["l11","l12"]],["Bind",["l11"],["blockIdx.x"],[]],["Bind",["l12"],["threadIdx.x"],[]],["GetLoops",["b2"],[],["l13","l14","l15","l16"]],["Fuse",["l13","l14","l15"],[1],["l17"]],["SampleCategorical",[],[[32,64,128],[0.33333333333333331483,0.33333333333333331483,0.33333333333333331483]],["v18"]],["Split",["l17","None","v18"],[1],["l19","l20"]],["Bind",["l19"],["blockIdx.x"],[]],["Bind",["l20"],["threadIdx.x"],[]],["EnterPostproc",[],[],[]],["GetBlock",[],["root","main"],["b21"]],["Unannotate",["b21"],["meta_schedule.unroll_explicit"],[]],["GetChildBlocks",["b21"],[],["b22","b23"]],["GetLoops",["b22"],[],["l24","l25","l26"]],["Annotate",["l24",512],["pragma_auto_unroll_max_step"],[]],["Annotate",["l24",1],["pragma_unroll_explicit"],[]],["GetLoops",["b23"],[],["l27","l28"]],["Annotate",["l27",512],["pragma_auto_unroll_max_step"],[]],["Annotate",["l27",1],["pragma_unroll_explicit"],[]],["GetBlock",[],["T_multiply_red","main"],["b29"]],["GetLoops",["b29"],[],["l30","l31","l32"]],["DecomposeReduction",["b29","l32"],[],["b33"]]],[[7,3],[11,2],[17,0]]],[0],{"arch":"sm_70","keys":["cuda","gpu"],"kind":"cuda","max_num_threads":1024,"max_shared_memory_per_block":49152,"max_threads_per_block":1024,"registers_per_block":65536,"tag":"","thread_warp_size":32},[["TENSOR","float32",[1,128,1024]],["TENSOR","float32",[1,128,1]],["TENSOR","float32",[1,128,1]]]]]
[0,[[[["GetBlock",[],["T_subtract","main"],["b0"]],["GetBlock",[],["T_multiply","main"],["b1"]],["GetBlock",[],["T_multiply_red","main"],["b2"]],["GetBlock",[],["T_divide","main"],["b3"]],["GetBlock",[],["root","main"],["b4"]],["ComputeInline",["b1"],[],[]],["ComputeInline",["b0"],[],[]],["GetConsumers",["b2"],[],["b5"]],["GetLoops",["b5"],[],["l6","l7","l8"]],["SampleCategorical",[],[[4,8,16,32,64,128,256,512],[0.125,0.125,0.125,0.125,0.125,0.125,0.125,0.125]],["v9"]],["Split",["l8","None","v9"],[1],["l10","l11"]],["Bind",["l11"],["threadIdx.x"],[]],["ComputeAt",["b2","l10"],[1,-1],[]],["SetScope",["b2"],[0,"shared"],[]],["GetLoops",["b2"],[],["l12","l13","l14","l15","l16","l17","l18"]],["Split",["l18","None","v9"],[1],["l19","l20"]],["Bind",["l20"],["threadIdx.x"],[]],["SampleCategorical",[],[[0,16,64,512,1024],[0.2000000000000000111,0.2000000000000000111,0.2000000000000000111,0.2000000000000000111,0.2000000000000000111]],["v21"]],["Annotate",["b4","v21"],["meta_schedule.unroll_explicit"],[]],["GetLoops",["b3"],[],["l22","l23","l24","l25"]],["Fuse",["l22","l23","l24"],[1],["l26"]],["Bind",["l26"],["blockIdx.x"],[]],["EnterPostproc",[],[],[]],["GetBlock",[],["root","main"],["b27"]],["Unannotate",["b27"],["meta_schedule.unroll_explicit"],[]],["GetChildBlocks",["b27"],[],["b28","b29"]],["GetLoops",["b28"],[],["l30","l31","l32","l33","l34","l35"]],["Annotate",["l30",16],["pragma_auto_unroll_max_step"],[]],["Annotate",["l30",1],["pragma_unroll_explicit"],[]],["GetLoops",["b29"],[],["l36","l37"]],["Annotate",["l36",16],["pragma_auto_unroll_max_step"],[]],["Annotate",["l36",1],["pragma_unroll_explicit"],[]]],[[9,6],[17,1]]],[0],{"arch":"sm_70","keys":["cuda","gpu"],"kind":"cuda","max_num_threads":1024,"max_shared_memory_per_block":49152,"max_threads_per_block":1024,"registers_per_block":65536,"tag":"","thread_warp_size":32},[["TENSOR","float32",[1,128,1024]],["TENSOR","float32",[1,128,1]],["TENSOR","float32",[1,128,1]]]]]
[0,[[[["GetBlock",[],["T_subtract","main"],["b0"]],["GetBlock",[],["T_multiply","main"],["b1"]],["GetBlock",[],["T_multiply_red","main"],["b2"]],["GetBlock",[],["T_divide","main"],["b3"]],["GetBlock",[],["root","main"],["b4"]],["ComputeInline",["b1"],[],[]],["ComputeInline",["b0"],[],[]],["SampleCategorical",[],[[0,16,64,512,1024],[0.2000000000000000111,0.2000000000000000111,0.2000000000000000111,0.2000000000000000111,0.2000000000000000111]],["v5"]],["Annotate",["b4","v5"],["meta_schedule.unroll_explicit"],[]],["GetLoops",["b3"],[],["l6","l7","l8"]],["Fuse",["l6","l7","l8"],[1],["l9"]],["SampleCategorical",[],[[32,64,128],[0.33333333333333331483,0.33333333333333331483,0.33333333333333331483]],["v10"]],["Split",["l9","None","v10"],[1],["l11","l12"]],["Bind",["l11"],["blockIdx.x"],[]],["Bind",["l12"],["threadIdx.x"],[]],["GetLoops",["b2"],[],["l13","l14","l15","l16"]],["Fuse",["l13","l14","l15"],[1],["l17"]],["SampleCategorical",[],[[32,64,128],[0.33333333333333331483,0.33333333333333331483,0.33333333333333331483]],["v18"]],["Split",["l17","None","v18"],[1],["l19","l20"]],["Bind",["l19"],["blockIdx.x"],[]],["Bind",["l20"],["threadIdx.x"],[]],["EnterPostproc",[],[],[]],["GetBlock",[],["root","main"],["b21"]],["Unannotate",["b21"],["meta_schedule.unroll_explicit"],[]],["GetChildBlocks",["b21"],[],["b22","b23"]],["GetLoops",["b22"],[],["l24","l25","l26"]],["Annotate",["l24",1024],["pragma_auto_unroll_max_step"],[]],["Annotate",["l24",1],["pragma_unroll_explicit"],[]],["GetLoops",["b23"],[],["l27","l28"]],["Annotate",["l27",1024],["pragma_auto_unroll_max_step"],[]],["Annotate",["l27",1],["pragma_unroll_explicit"],[]],["GetBlock",[],["T_multiply_red","main"],["b29"]],["GetLoops",["b29"],[],["l30","l31","l32"]],["DecomposeReduction",["b29","l32"],[],["b33"]]],[[7,4],[11,1],[17,0]]],[0],{"arch":"sm_70","keys":["cuda","gpu"],"kind":"cuda","max_num_threads":1024,"max_shared_memory_per_block":49152,"max_threads_per_block":1024,"registers_per_block":65536,"tag":"","thread_warp_size":32},[["TENSOR","float32",[1,128,1024]],["TENSOR","float32",[1,128,1]],["TENSOR","float32",[1,128,1]]]]]
[0,[[[["GetBlock",[],["T_subtract","main"],["b0"]],["GetBlock",[],["T_multiply","main"],["b1"]],["GetBlock",[],["T_multiply_red","main"],["b2"]],["GetBlock",[],["T_divide","main"],["b3"]],["GetBlock",[],["root","main"],["b4"]],["ComputeInline",["b1"],[],[]],["ComputeInline",["b0"],[],[]],["GetConsumers",["b2"],[],["b5"]],["GetLoops",["b5"],[],["l6","l7","l8"]],["SampleCategorical",[],[[4,8,16,32,64,128,256,512],[0.125,0.125,0.125,0.125,0.125,0.125,0.125,0.125]],["v9"]],["Split",["l8","None","v9"],[1],["l10","l11"]],["Bind",["l11"],["threadIdx.x"],[]],["ComputeAt",["b2","l10"],[1,-1],[]],["SetScope",["b2"],[0,"shared"],[]],["GetLoops",["b2"],[],["l12","l13","l14","l15","l16","l17","l18"]],["Split",["l18","None","v9"],[1],["l19","l20"]],["Bind",["l20"],["threadIdx.x"],[]],["SampleCategorical",[],[[0,16,64,512,1024],[0.2000000000000000111,0.2000000000000000111,0.2000000000000000111,0.2000000000000000111,0.2000000000000000111]],["v21"]],["Annotate",["b4","v21"],["meta_schedule.unroll_explicit"],[]],["GetLoops",["b3"],[],["l22","l23","l24","l25"]],["Fuse",["l22","l23","l24"],[1],["l26"]],["Bind",["l26"],["blockIdx.x"],[]],["EnterPostproc",[],[],[]],["GetBlock",[],["root","main"],["b27"]],["Unannotate",["b27"],["meta_schedule.unroll_explicit"],[]],["GetChildBlocks",["b27"],[],["b28","b29"]],["GetLoops",["b28"],[],["l30","l31","l32","l33","l34","l35"]],["Annotate",["l30",64],["pragma_auto_unroll_max_step"],[]],["Annotate",["l30",1],["pragma_unroll_explicit"],[]],["GetLoops",["b29"],[],["l36","l37"]],["Annotate",["l36",64],["pragma_auto_unroll_max_step"],[]],["Annotate",["l36",1],["pragma_unroll_explicit"],[]]],[[9,3],[17,2]]],[0],{"arch":"sm_70","keys":["cuda","gpu"],"kind":"cuda","max_num_threads":1024,"max_shared_memory_per_block":49152,"max_threads_per_block":1024,"registers_per_block":65536,"tag":"","thread_warp_size":32},[["TENSOR","float32",[1,128,1024]],["TENSOR","float32",[1,128,1]],["TENSOR","float32",[1,128,1]]]]]
[0,[[[["GetBlock",[],["T_subtract","main"],["b0"]],["GetBlock",[],["T_multiply","main"],["b1"]],["GetBlock",[],["T_multiply_red","main"],["b2"]],["GetBlock",[],["T_divide","main"],["b3"]],["GetBlock",[],["root","main"],["b4"]],["ComputeInline",["b1"],[],[]],["ComputeInline",["b0"],[],[]],["SampleCategorical",[],[[0,16,64,512,1024],[0.2000000000000000111,0.2000000000000000111,0.2000000000000000111,0.2000000000000000111,0.2000000000000000111]],["v5"]],["Annotate",["b4","v5"],["meta_schedule.unroll_explicit"],[]],["GetLoops",["b3"],[],["l6","l7","l8"]],["Fuse",["l6","l7","l8"],[1],["l9"]],["SampleCategorical",[],[[32,64,128],[0.33333333333333331483,0.33333333333333331483,0.33333333333333331483]],["v10"]],["Split",["l9","None","v10"],[1],["l11","l12"]],["Bind",["l11"],["blockIdx.x"],[]],["Bind",["l12"],["threadIdx.x"],[]],["GetLoops",["b2"],[],["l13","l14","l15","l16"]],["Fuse",["l13","l14","l15"],[1],["l17"]],["SampleCategorical",[],[[32,64,128],[0.33333333333333331483,0.33333333333333331483,0.33333333333333331483]],["v18"]],["Split",["l17","None","v18"],[1],["l19","l20"]],["Bind",["l19"],["blockIdx.x"],[]],["Bind",["l20"],["threadIdx.x"],[]],["EnterPostproc",[],[],[]],["GetBlock",[],["root","main"],["b21"]],["Unannotate",["b21"],["meta_schedule.unroll_explicit"],[]],["GetChildBlocks",["b21"],[],["b22","b23"]],["GetLoops",["b22"],[],["l24","l25","l26"]],["Annotate",["l24",512],["pragma_auto_unroll_max_step"],[]],["Annotate",["l24",1],["pragma_unroll_explicit"],[]],["GetLoops",["b23"],[],["l27","l28"]],["Annotate",["l27",512],["pragma_auto_unroll_max_step"],[]],["Annotate",["l27",1],["pragma_unroll_explicit"],[]],["GetBlock",[],["T_multiply_red","main"],["b29"]],["GetLoops",["b29"],[],["l30","l31","l32"]],["DecomposeReduction",["b29","l32"],[],["b33"]]],[[7,3],[11,0],[17,1]]],[0],{"arch":"sm_70","keys":["cuda","gpu"],"kind":"cuda","max_num_threads":1024,"max_shared_memory_per_block":49152,"max_threads_per_block":1024,"registers_per_block":65536,"tag":"","thread_warp_size":32},[["TENSOR","float32",[1,128,1024]],["TENSOR","float32",[1,128,1]],["TENSOR","float32",[1,128,1]]]]]
