[0,[[[["GetBlock",[],["T_subtract","main"],["b0"]],["GetBlock",[],["compile_engine_const","main"],["b1"]],["GetBlock",[],["T_add","main"],["b2"]],["GetBlock",[],["tensor","main"],["b3"]],["GetBlock",[],["T_multiply","main"],["b4"]],["GetBlock",[],["T_multiply_1","main"],["b5"]],["GetBlock",[],["T_add_1","main"],["b6"]],["ComputeInline",["b1"],[],[]],["ReverseComputeInline",["b6"],[],[]],["ReverseComputeInline",["b5"],[],[]],["ComputeInline",["b3"],[],[]],["ComputeInline",["b2"],[],[]],["ComputeInline",["b0"],[],[]],["GetLoops",["b4"],[],["l7","l8","l9"]],["Fuse",["l7","l8","l9"],[1],["l10"]],["SampleCategorical",[],[[32,64,128,256,512,1024],[0.16666666666666665741,0.16666666666666665741,0.16666666666666665741,0.16666666666666665741,0.16666666666666665741,0.16666666666666665741]],["v11"]],["Split",["l10","None","v11"],[1],["l12","l13"]],["Bind",["l12"],["blockIdx.x"],[]],["Bind",["l13"],["threadIdx.x"],[]],["EnterPostproc",[],[],[]]],[[15,1]]],[0],{"arch":"sm_70","keys":["cuda","gpu"],"kind":"cuda","max_num_threads":1024,"max_shared_memory_per_block":49152,"max_threads_per_block":1024,"registers_per_block":65536,"tag":"","thread_warp_size":32},[["TENSOR","float32",[1,64,768]],["TENSOR","float32",[1,64,1]],["TENSOR","float32",[1,64,1]],["TENSOR","float32",[768]],["TENSOR","float32",[768]],["TENSOR","float32",[1,64,768]]]]]
[0,[[[["GetBlock",[],["T_subtract","main"],["b0"]],["GetBlock",[],["compile_engine_const","main"],["b1"]],["GetBlock",[],["T_add","main"],["b2"]],["GetBlock",[],["tensor","main"],["b3"]],["GetBlock",[],["T_multiply","main"],["b4"]],["GetBlock",[],["T_multiply_1","main"],["b5"]],["GetBlock",[],["T_add_1","main"],["b6"]],["ComputeInline",["b1"],[],[]],["ReverseComputeInline",["b6"],[],[]],["ReverseComputeInline",["b5"],[],[]],["ComputeInline",["b3"],[],[]],["ComputeInline",["b2"],[],[]],["ComputeInline",["b0"],[],[]],["GetLoops",["b4"],[],["l7","l8","l9"]],["Fuse",["l7","l8","l9"],[1],["l10"]],["SampleCategorical",[],[[32,64,128,256,512,1024],[0.16666666666666665741,0.16666666666666665741,0.16666666666666665741,0.16666666666666665741,0.16666666666666665741,0.16666666666666665741]],["v11"]],["Split",["l10","None","v11"],[1],["l12","l13"]],["Bind",["l12"],["blockIdx.x"],[]],["Bind",["l13"],["threadIdx.x"],[]],["EnterPostproc",[],[],[]]],[[15,2]]],[0],{"arch":"sm_70","keys":["cuda","gpu"],"kind":"cuda","max_num_threads":1024,"max_shared_memory_per_block":49152,"max_threads_per_block":1024,"registers_per_block":65536,"tag":"","thread_warp_size":32},[["TENSOR","float32",[1,64,768]],["TENSOR","float32",[1,64,1]],["TENSOR","float32",[1,64,1]],["TENSOR","float32",[768]],["TENSOR","float32",[768]],["TENSOR","float32",[1,64,768]]]]]
[0,[[[["GetBlock",[],["T_subtract","main"],["b0"]],["GetBlock",[],["compile_engine_const","main"],["b1"]],["GetBlock",[],["T_add","main"],["b2"]],["GetBlock",[],["tensor","main"],["b3"]],["GetBlock",[],["T_multiply","main"],["b4"]],["GetBlock",[],["T_multiply_1","main"],["b5"]],["GetBlock",[],["T_add_1","main"],["b6"]],["ComputeInline",["b1"],[],[]],["ReverseComputeInline",["b6"],[],[]],["ReverseComputeInline",["b5"],[],[]],["ComputeInline",["b3"],[],[]],["ComputeInline",["b2"],[],[]],["ComputeInline",["b0"],[],[]],["GetLoops",["b4"],[],["l7","l8","l9"]],["Fuse",["l7","l8","l9"],[1],["l10"]],["SampleCategorical",[],[[32,64,128,256,512,1024],[0.16666666666666665741,0.16666666666666665741,0.16666666666666665741,0.16666666666666665741,0.16666666666666665741,0.16666666666666665741]],["v11"]],["Split",["l10","None","v11"],[1],["l12","l13"]],["Bind",["l12"],["blockIdx.x"],[]],["Bind",["l13"],["threadIdx.x"],[]],["EnterPostproc",[],[],[]]],[[15,0]]],[0],{"arch":"sm_70","keys":["cuda","gpu"],"kind":"cuda","max_num_threads":1024,"max_shared_memory_per_block":49152,"max_threads_per_block":1024,"registers_per_block":65536,"tag":"","thread_warp_size":32},[["TENSOR","float32",[1,64,768]],["TENSOR","float32",[1,64,1]],["TENSOR","float32",[1,64,1]],["TENSOR","float32",[768]],["TENSOR","float32",[768]],["TENSOR","float32",[1,64,768]]]]]
[0,[[[["GetBlock",[],["T_subtract","main"],["b0"]],["GetBlock",[],["compile_engine_const","main"],["b1"]],["GetBlock",[],["T_add","main"],["b2"]],["GetBlock",[],["tensor","main"],["b3"]],["GetBlock",[],["T_multiply","main"],["b4"]],["GetBlock",[],["T_multiply_1","main"],["b5"]],["GetBlock",[],["T_add_1","main"],["b6"]],["ComputeInline",["b1"],[],[]],["ReverseComputeInline",["b6"],[],[]],["ReverseComputeInline",["b5"],[],[]],["ComputeInline",["b3"],[],[]],["ComputeInline",["b2"],[],[]],["ComputeInline",["b0"],[],[]],["GetLoops",["b4"],[],["l7","l8","l9"]],["Fuse",["l7","l8","l9"],[1],["l10"]],["SampleCategorical",[],[[32,64,128,256,512,1024],[0.16666666666666665741,0.16666666666666665741,0.16666666666666665741,0.16666666666666665741,0.16666666666666665741,0.16666666666666665741]],["v11"]],["Split",["l10","None","v11"],[1],["l12","l13"]],["Bind",["l12"],["blockIdx.x"],[]],["Bind",["l13"],["threadIdx.x"],[]],["EnterPostproc",[],[],[]]],[[15,4]]],[0],{"arch":"sm_70","keys":["cuda","gpu"],"kind":"cuda","max_num_threads":1024,"max_shared_memory_per_block":49152,"max_threads_per_block":1024,"registers_per_block":65536,"tag":"","thread_warp_size":32},[["TENSOR","float32",[1,64,768]],["TENSOR","float32",[1,64,1]],["TENSOR","float32",[1,64,1]],["TENSOR","float32",[768]],["TENSOR","float32",[768]],["TENSOR","float32",[1,64,768]]]]]
[0,[[[["GetBlock",[],["T_subtract","main"],["b0"]],["GetBlock",[],["compile_engine_const","main"],["b1"]],["GetBlock",[],["T_add","main"],["b2"]],["GetBlock",[],["tensor","main"],["b3"]],["GetBlock",[],["T_multiply","main"],["b4"]],["GetBlock",[],["T_multiply_1","main"],["b5"]],["GetBlock",[],["T_add_1","main"],["b6"]],["ComputeInline",["b1"],[],[]],["ReverseComputeInline",["b6"],[],[]],["ReverseComputeInline",["b5"],[],[]],["ComputeInline",["b3"],[],[]],["ComputeInline",["b2"],[],[]],["ComputeInline",["b0"],[],[]],["GetLoops",["b4"],[],["l7","l8","l9"]],["Fuse",["l7","l8","l9"],[1],["l10"]],["SampleCategorical",[],[[32,64,128,256,512,1024],[0.16666666666666665741,0.16666666666666665741,0.16666666666666665741,0.16666666666666665741,0.16666666666666665741,0.16666666666666665741]],["v11"]],["Split",["l10","None","v11"],[1],["l12","l13"]],["Bind",["l12"],["blockIdx.x"],[]],["Bind",["l13"],["threadIdx.x"],[]],["EnterPostproc",[],[],[]]],[[15,3]]],[0],{"arch":"sm_70","keys":["cuda","gpu"],"kind":"cuda","max_num_threads":1024,"max_shared_memory_per_block":49152,"max_threads_per_block":1024,"registers_per_block":65536,"tag":"","thread_warp_size":32},[["TENSOR","float32",[1,64,768]],["TENSOR","float32",[1,64,1]],["TENSOR","float32",[1,64,1]],["TENSOR","float32",[768]],["TENSOR","float32",[768]],["TENSOR","float32",[1,64,768]]]]]
[0,[[[["GetBlock",[],["T_subtract","main"],["b0"]],["GetBlock",[],["compile_engine_const","main"],["b1"]],["GetBlock",[],["T_add","main"],["b2"]],["GetBlock",[],["tensor","main"],["b3"]],["GetBlock",[],["T_multiply","main"],["b4"]],["GetBlock",[],["T_multiply_1","main"],["b5"]],["GetBlock",[],["T_add_1","main"],["b6"]],["ComputeInline",["b1"],[],[]],["ReverseComputeInline",["b6"],[],[]],["ReverseComputeInline",["b5"],[],[]],["ComputeInline",["b3"],[],[]],["ComputeInline",["b2"],[],[]],["ComputeInline",["b0"],[],[]],["GetLoops",["b4"],[],["l7","l8","l9"]],["Fuse",["l7","l8","l9"],[1],["l10"]],["SampleCategorical",[],[[32,64,128,256,512,1024],[0.16666666666666665741,0.16666666666666665741,0.16666666666666665741,0.16666666666666665741,0.16666666666666665741,0.16666666666666665741]],["v11"]],["Split",["l10","None","v11"],[1],["l12","l13"]],["Bind",["l12"],["blockIdx.x"],[]],["Bind",["l13"],["threadIdx.x"],[]],["EnterPostproc",[],[],[]]],[[15,5]]],[0],{"arch":"sm_70","keys":["cuda","gpu"],"kind":"cuda","max_num_threads":1024,"max_shared_memory_per_block":49152,"max_threads_per_block":1024,"registers_per_block":65536,"tag":"","thread_warp_size":32},[["TENSOR","float32",[1,64,768]],["TENSOR","float32",[1,64,1]],["TENSOR","float32",[1,64,1]],["TENSOR","float32",[768]],["TENSOR","float32",[768]],["TENSOR","float32",[1,64,768]]]]]
