[0,[[[["GetBlock",[],["PaddedInput","main"],["b0"]],["GetBlock",[],["DepthwiseConv2d","main"],["b1"]],["GetBlock",[],["T_add","main"],["b2"]],["GetBlock",[],["compile_engine_const","main"],["b3"]],["GetBlock",[],["T_add_1","main"],["b4"]],["GetBlock",[],["compute","main"],["b5"]],["GetBlock",[],["compile_engine_const_1","main"],["b6"]],["GetBlock",[],["T_divide","main"],["b7"]],["GetBlock",[],["T_multiply","main"],["b8"]],["GetBlock",[],["root","main"],["b9"]],["Annotate",["b1","\"SSSRRSRS\""],["meta_schedule.tiling_structure"],[]],["GetLoops",["b1"],[],["l10","l11","l12","l13","l14","l15"]],["SamplePerfectTile",["l10"],[5,64],["v16","v17","v18","v19","v20"]],["Split",["l10","v16","v17","v18","v19","v20"],[1],["l21","l22","l23","l24","l25"]],["SamplePerfectTile",["l11"],[5,64],["v26","v27","v28","v29","v30"]],["Split",["l11","v26","v27","v28","v29","v30"],[1],["l31","l32","l33","l34","l35"]],["SamplePerfectTile",["l12"],[5,64],["v36","v37","v38","v39","v40"]],["Split",["l12","v36","v37","v38","v39","v40"],[1],["l41","l42","l43","l44","l45"]],["SamplePerfectTile",["l13"],[5,64],["v46","v47","v48","v49","v50"]],["Split",["l13","v46","v47","v48","v49","v50"],[1],["l51","l52","l53","l54","l55"]],["SamplePerfectTile",["l14"],[3,64],["v56","v57","v58"]],["Split",["l14","v56","v57","v58"],[1],["l59","l60","l61"]],["SamplePerfectTile",["l15"],[3,64],["v62","v63","v64"]],["Split",["l15","v62","v63","v64"],[1],["l65","l66","l67"]],["Reorder",["l21","l31","l41","l51","l22","l32","l42","l52","l23","l33","l43","l53","l59","l65","l60","l66","l24","l34","l44","l54","l61","l67","l25","l35","l45","l55"],[],[]],["Fuse",["l21","l31","l41","l51"],[1],["l68"]],["Bind",["l68"],["blockIdx.x"],[]],["Fuse",["l22","l32","l42","l52"],[1],["l69"]],["Bind",["l69"],["vthread.x"],[]],["Fuse",["l23","l33","l43","l53"],[1],["l70"]],["Bind",["l70"],["threadIdx.x"],[]],["Annotate",["b1",32],["meta_schedule.thread_extent_low_inclusive"],[]],["Annotate",["b1",1024],["meta_schedule.thread_extent_high_inclusive"],[]],["CacheWrite",["b1",[]],[0,"local"],["b71"]],["ReverseComputeAt",["b71","l70"],[1,-1],[]],["CacheRead",["b1",["b1"]],[0,"shared"],["b72"]],["ComputeAt",["b72","l65"],[1,-1],[]],["GetLoops",["b72"],[],["l73","l74","l75","l76","l77","l78","l79","l80","l81"]],["Fuse",["l78","l79","l80","l81"],[1],["l82"]],["SampleCategorical",[],[[1,2,3,4],[0.25,0.25,0.25,0.25]],["v83"]],["Annotate",["b72","v83"],["meta_schedule.cooperative_fetch"],[]],["CacheRead",["b1",["b1"]],[1,"shared"],["b84"]],["ComputeAt",["b84","l65"],[1,-1],[]],["GetLoops",["b84"],[],["l85","l86","l87","l88","l89","l90","l91","l92","l93"]],["Fuse",["l90","l91","l92","l93"],[1],["l94"]],["SampleCategorical",[],[[1,2,3,4],[0.25,0.25,0.25,0.25]],["v95"]],["Annotate",["b84","v95"],["meta_schedule.cooperative_fetch"],[]],["ComputeInline",["b6"],[],[]],["ComputeInline",["b3"],[],[]],["ComputeInline",["b7"],[],[]],["ComputeInline",["b5"],[],[]],["ComputeInline",["b4"],[],[]],["ComputeInline",["b2"],[],[]],["ComputeInline",["b0"],[],[]],["SampleCategorical",[],[[0,16,64,512,1024],[0.2000000000000000111,0.2000000000000000111,0.2000000000000000111,0.2000000000000000111,0.2000000000000000111]],["v96"]],["Annotate",["b9","v96"],["meta_schedule.unroll_explicit"],[]],["GetLoops",["b8"],[],["l97","l98","l99","l100"]],["Fuse",["l97","l98","l99","l100"],[1],["l101"]],["Split",["l101","None",256,1024],[1],["l102","l103","l104"]],["Reorder",["l103","l104","l102"],[],[]],["Bind",["l103"],["blockIdx.x"],[]],["Bind",["l104"],["threadIdx.x"],[]],["EnterPostproc",[],[],[]],["Unannotate",["b72"],["meta_schedule.cooperative_fetch"],[]],["GetLoops",["b72"],[],["l105","l106","l107","l108","l109","l110"]],["Split",["l110","None",60,3],[1],["l111","l112","l113"]],["Vectorize",["l113"],[],[]],["Bind",["l112"],["threadIdx.x"],[]],["Unannotate",["b84"],["meta_schedule.cooperative_fetch"],[]],["GetLoops",["b84"],[],["l114","l115","l116","l117","l118","l119"]],["Split",["l119","None",60,3],[1],["l120","l121","l122"]],["Vectorize",["l122"],[],[]],["Bind",["l121"],["threadIdx.x"],[]],["GetBlock",[],["root","main"],["b123"]],["Unannotate",["b123"],["meta_schedule.unroll_explicit"],[]],["GetChildBlocks",["b123"],[],["b124","b125","b126","b127","b128"]],["GetLoops",["b124"],[],["l129","l130","l131","l132","l133","l134","l135","l136"]],["GetLoops",["b125"],[],["l137","l138","l139","l140","l141","l142","l143","l144"]],["GetLoops",["b126"],[],["l145","l146","l147","l148","l149","l150","l151","l152","l153","l154","l155","l156","l157","l158","l159","l160","l161"]],["GetLoops",["b127"],[],["l162","l163","l164","l165","l166","l167","l168"]],["GetLoops",["b128"],[],["l169","l170","l171"]],["GetBlock",[],["DepthwiseConv2d","main"],["b172"]],["GetLoops",["b172"],[],["l173","l174","l175","l176","l177","l178","l179","l180","l181","l182","l183","l184","l185","l186","l187","l188","l189"]],["DecomposeReduction",["b172","l176"],[],["b190"]]],[[12,[2,2,1,1,1]],[14,[5,1,3,1,1]],[16,[1,1,5,1,3]],[18,[24,5,4,1,1]],[20,[1,1,3]],[22,[3,1,1]],[39,2],[45,2],[54,0]]],[0],{"arch":"sm_70","keys":["cuda","gpu"],"kind":"cuda","max_num_threads":1024,"max_shared_memory_per_block":49152,"max_threads_per_block":1024,"registers_per_block":65536,"tag":"","thread_warp_size":32},[["TENSOR","float32",[4,15,15,480]],["TENSOR","float32",[3,3,480,1]],["TENSOR","float32",[1,1,1,480]],["TENSOR","float32",[4,15,15,480]]]]]
[0,[[[["GetBlock",[],["PaddedInput","main"],["b0"]],["GetBlock",[],["DepthwiseConv2d","main"],["b1"]],["GetBlock",[],["T_add","main"],["b2"]],["GetBlock",[],["compile_engine_const","main"],["b3"]],["GetBlock",[],["T_add_1","main"],["b4"]],["GetBlock",[],["compute","main"],["b5"]],["GetBlock",[],["compile_engine_const_1","main"],["b6"]],["GetBlock",[],["T_divide","main"],["b7"]],["GetBlock",[],["T_multiply","main"],["b8"]],["GetBlock",[],["root","main"],["b9"]],["Annotate",["b1","\"SSSRRSRS\""],["meta_schedule.tiling_structure"],[]],["GetLoops",["b1"],[],["l10","l11","l12","l13","l14","l15"]],["SamplePerfectTile",["l10"],[5,64],["v16","v17","v18","v19","v20"]],["Split",["l10","v16","v17","v18","v19","v20"],[1],["l21","l22","l23","l24","l25"]],["SamplePerfectTile",["l11"],[5,64],["v26","v27","v28","v29","v30"]],["Split",["l11","v26","v27","v28","v29","v30"],[1],["l31","l32","l33","l34","l35"]],["SamplePerfectTile",["l12"],[5,64],["v36","v37","v38","v39","v40"]],["Split",["l12","v36","v37","v38","v39","v40"],[1],["l41","l42","l43","l44","l45"]],["SamplePerfectTile",["l13"],[5,64],["v46","v47","v48","v49","v50"]],["Split",["l13","v46","v47","v48","v49","v50"],[1],["l51","l52","l53","l54","l55"]],["SamplePerfectTile",["l14"],[3,64],["v56","v57","v58"]],["Split",["l14","v56","v57","v58"],[1],["l59","l60","l61"]],["SamplePerfectTile",["l15"],[3,64],["v62","v63","v64"]],["Split",["l15","v62","v63","v64"],[1],["l65","l66","l67"]],["Reorder",["l21","l31","l41","l51","l22","l32","l42","l52","l23","l33","l43","l53","l59","l65","l60","l66","l24","l34","l44","l54","l61","l67","l25","l35","l45","l55"],[],[]],["Fuse",["l21","l31","l41","l51"],[1],["l68"]],["Bind",["l68"],["blockIdx.x"],[]],["Fuse",["l22","l32","l42","l52"],[1],["l69"]],["Bind",["l69"],["vthread.x"],[]],["Fuse",["l23","l33","l43","l53"],[1],["l70"]],["Bind",["l70"],["threadIdx.x"],[]],["Annotate",["b1",32],["meta_schedule.thread_extent_low_inclusive"],[]],["Annotate",["b1",1024],["meta_schedule.thread_extent_high_inclusive"],[]],["CacheWrite",["b1",[]],[0,"local"],["b71"]],["ReverseComputeAt",["b71","l70"],[1,-1],[]],["CacheRead",["b1",["b1"]],[0,"shared"],["b72"]],["ComputeAt",["b72","l65"],[1,-1],[]],["GetLoops",["b72"],[],["l73","l74","l75","l76","l77","l78","l79","l80","l81"]],["Fuse",["l78","l79","l80","l81"],[1],["l82"]],["SampleCategorical",[],[[1,2,3,4],[0.25,0.25,0.25,0.25]],["v83"]],["Annotate",["b72","v83"],["meta_schedule.cooperative_fetch"],[]],["CacheRead",["b1",["b1"]],[1,"shared"],["b84"]],["ComputeAt",["b84","l65"],[1,-1],[]],["GetLoops",["b84"],[],["l85","l86","l87","l88","l89","l90","l91","l92","l93"]],["Fuse",["l90","l91","l92","l93"],[1],["l94"]],["SampleCategorical",[],[[1,2,3,4],[0.25,0.25,0.25,0.25]],["v95"]],["Annotate",["b84","v95"],["meta_schedule.cooperative_fetch"],[]],["ComputeInline",["b6"],[],[]],["ComputeInline",["b3"],[],[]],["ComputeInline",["b7"],[],[]],["ComputeInline",["b5"],[],[]],["ComputeInline",["b4"],[],[]],["ComputeInline",["b2"],[],[]],["ComputeInline",["b0"],[],[]],["SampleCategorical",[],[[0,16,64,512,1024],[0.2000000000000000111,0.2000000000000000111,0.2000000000000000111,0.2000000000000000111,0.2000000000000000111]],["v96"]],["Annotate",["b9","v96"],["meta_schedule.unroll_explicit"],[]],["GetLoops",["b8"],[],["l97","l98","l99","l100"]],["Fuse",["l97","l98","l99","l100"],[1],["l101"]],["Split",["l101","None",256,1024],[1],["l102","l103","l104"]],["Reorder",["l103","l104","l102"],[],[]],["Bind",["l103"],["blockIdx.x"],[]],["Bind",["l104"],["threadIdx.x"],[]],["EnterPostproc",[],[],[]],["Unannotate",["b72"],["meta_schedule.cooperative_fetch"],[]],["GetLoops",["b72"],[],["l105","l106","l107","l108","l109","l110"]],["Split",["l110","None",48,2],[1],["l111","l112","l113"]],["Vectorize",["l113"],[],[]],["Bind",["l112"],["threadIdx.x"],[]],["Unannotate",["b84"],["meta_schedule.cooperative_fetch"],[]],["GetLoops",["b84"],[],["l114","l115","l116","l117","l118","l119"]],["Split",["l119","None",48,3],[1],["l120","l121","l122"]],["Vectorize",["l122"],[],[]],["Bind",["l121"],["threadIdx.x"],[]],["GetBlock",[],["root","main"],["b123"]],["Unannotate",["b123"],["meta_schedule.unroll_explicit"],[]],["GetChildBlocks",["b123"],[],["b124","b125","b126","b127","b128"]],["GetLoops",["b124"],[],["l129","l130","l131","l132","l133","l134","l135","l136"]],["Annotate",["l129",1024],["pragma_auto_unroll_max_step"],[]],["Annotate",["l129",1],["pragma_unroll_explicit"],[]],["GetLoops",["b125"],[],["l137","l138","l139","l140","l141","l142","l143","l144"]],["Annotate",["l137",1024],["pragma_auto_unroll_max_step"],[]],["Annotate",["l137",1],["pragma_unroll_explicit"],[]],["GetLoops",["b126"],[],["l145","l146","l147","l148","l149","l150","l151","l152","l153","l154","l155","l156","l157","l158","l159","l160","l161"]],["Annotate",["l145",1024],["pragma_auto_unroll_max_step"],[]],["Annotate",["l145",1],["pragma_unroll_explicit"],[]],["GetLoops",["b127"],[],["l162","l163","l164","l165","l166","l167","l168"]],["Annotate",["l162",1024],["pragma_auto_unroll_max_step"],[]],["Annotate",["l162",1],["pragma_unroll_explicit"],[]],["GetLoops",["b128"],[],["l169","l170","l171"]],["Annotate",["l169",1024],["pragma_auto_unroll_max_step"],[]],["Annotate",["l169",1],["pragma_unroll_explicit"],[]],["GetBlock",[],["DepthwiseConv2d","main"],["b172"]],["GetLoops",["b172"],[],["l173","l174","l175","l176","l177","l178","l179","l180","l181","l182","l183","l184","l185","l186","l187","l188","l189"]],["DecomposeReduction",["b172","l176"],[],["b190"]]],[[12,[2,1,1,2,1]],[14,[5,1,3,1,1]],[16,[5,1,1,3,1]],[18,[1,2,16,5,3]],[20,[3,1,1]],[22,[3,1,1]],[39,1],[45,2],[54,4]]],[0],{"arch":"sm_70","keys":["cuda","gpu"],"kind":"cuda","max_num_threads":1024,"max_shared_memory_per_block":49152,"max_threads_per_block":1024,"registers_per_block":65536,"tag":"","thread_warp_size":32},[["TENSOR","float32",[4,15,15,480]],["TENSOR","float32",[3,3,480,1]],["TENSOR","float32",[1,1,1,480]],["TENSOR","float32",[4,15,15,480]]]]]
[0,[[[["GetBlock",[],["PaddedInput","main"],["b0"]],["GetBlock",[],["DepthwiseConv2d","main"],["b1"]],["GetBlock",[],["T_add","main"],["b2"]],["GetBlock",[],["compile_engine_const","main"],["b3"]],["GetBlock",[],["T_add_1","main"],["b4"]],["GetBlock",[],["compute","main"],["b5"]],["GetBlock",[],["compile_engine_const_1","main"],["b6"]],["GetBlock",[],["T_divide","main"],["b7"]],["GetBlock",[],["T_multiply","main"],["b8"]],["GetBlock",[],["root","main"],["b9"]],["Annotate",["b1","\"SSSRRSRS\""],["meta_schedule.tiling_structure"],[]],["GetLoops",["b1"],[],["l10","l11","l12","l13","l14","l15"]],["SamplePerfectTile",["l10"],[5,64],["v16","v17","v18","v19","v20"]],["Split",["l10","v16","v17","v18","v19","v20"],[1],["l21","l22","l23","l24","l25"]],["SamplePerfectTile",["l11"],[5,64],["v26","v27","v28","v29","v30"]],["Split",["l11","v26","v27","v28","v29","v30"],[1],["l31","l32","l33","l34","l35"]],["SamplePerfectTile",["l12"],[5,64],["v36","v37","v38","v39","v40"]],["Split",["l12","v36","v37","v38","v39","v40"],[1],["l41","l42","l43","l44","l45"]],["SamplePerfectTile",["l13"],[5,64],["v46","v47","v48","v49","v50"]],["Split",["l13","v46","v47","v48","v49","v50"],[1],["l51","l52","l53","l54","l55"]],["SamplePerfectTile",["l14"],[3,64],["v56","v57","v58"]],["Split",["l14","v56","v57","v58"],[1],["l59","l60","l61"]],["SamplePerfectTile",["l15"],[3,64],["v62","v63","v64"]],["Split",["l15","v62","v63","v64"],[1],["l65","l66","l67"]],["Reorder",["l21","l31","l41","l51","l22","l32","l42","l52","l23","l33","l43","l53","l59","l65","l60","l66","l24","l34","l44","l54","l61","l67","l25","l35","l45","l55"],[],[]],["Fuse",["l21","l31","l41","l51"],[1],["l68"]],["Bind",["l68"],["blockIdx.x"],[]],["Fuse",["l22","l32","l42","l52"],[1],["l69"]],["Bind",["l69"],["vthread.x"],[]],["Fuse",["l23","l33","l43","l53"],[1],["l70"]],["Bind",["l70"],["threadIdx.x"],[]],["Annotate",["b1",32],["meta_schedule.thread_extent_low_inclusive"],[]],["Annotate",["b1",1024],["meta_schedule.thread_extent_high_inclusive"],[]],["CacheWrite",["b1",[]],[0,"local"],["b71"]],["ReverseComputeAt",["b71","l70"],[1,-1],[]],["CacheRead",["b1",["b1"]],[0,"shared"],["b72"]],["ComputeAt",["b72","l65"],[1,-1],[]],["GetLoops",["b72"],[],["l73","l74","l75","l76","l77","l78","l79","l80","l81"]],["Fuse",["l78","l79","l80","l81"],[1],["l82"]],["SampleCategorical",[],[[1,2,3,4],[0.25,0.25,0.25,0.25]],["v83"]],["Annotate",["b72","v83"],["meta_schedule.cooperative_fetch"],[]],["CacheRead",["b1",["b1"]],[1,"shared"],["b84"]],["ComputeAt",["b84","l65"],[1,-1],[]],["GetLoops",["b84"],[],["l85","l86","l87","l88","l89","l90","l91","l92","l93"]],["Fuse",["l90","l91","l92","l93"],[1],["l94"]],["SampleCategorical",[],[[1,2,3,4],[0.25,0.25,0.25,0.25]],["v95"]],["Annotate",["b84","v95"],["meta_schedule.cooperative_fetch"],[]],["ComputeInline",["b6"],[],[]],["ComputeInline",["b3"],[],[]],["ComputeInline",["b7"],[],[]],["ComputeInline",["b5"],[],[]],["ComputeInline",["b4"],[],[]],["ComputeInline",["b2"],[],[]],["ComputeInline",["b0"],[],[]],["SampleCategorical",[],[[0,16,64,512,1024],[0.2000000000000000111,0.2000000000000000111,0.2000000000000000111,0.2000000000000000111,0.2000000000000000111]],["v96"]],["Annotate",["b9","v96"],["meta_schedule.unroll_explicit"],[]],["GetLoops",["b8"],[],["l97","l98","l99","l100"]],["Fuse",["l97","l98","l99","l100"],[1],["l101"]],["Split",["l101","None",256,1024],[1],["l102","l103","l104"]],["Reorder",["l103","l104","l102"],[],[]],["Bind",["l103"],["blockIdx.x"],[]],["Bind",["l104"],["threadIdx.x"],[]],["EnterPostproc",[],[],[]],["Unannotate",["b72"],["meta_schedule.cooperative_fetch"],[]],["GetLoops",["b72"],[],["l105","l106","l107","l108","l109","l110"]],["Split",["l110","None",120,3],[1],["l111","l112","l113"]],["Vectorize",["l113"],[],[]],["Bind",["l112"],["threadIdx.x"],[]],["Unannotate",["b84"],["meta_schedule.cooperative_fetch"],[]],["GetLoops",["b84"],[],["l114","l115","l116","l117","l118","l119"]],["Split",["l119","None",120,4],[1],["l120","l121","l122"]],["Vectorize",["l122"],[],[]],["Bind",["l121"],["threadIdx.x"],[]],["GetBlock",[],["root","main"],["b123"]],["Unannotate",["b123"],["meta_schedule.unroll_explicit"],[]],["GetChildBlocks",["b123"],[],["b124","b125","b126","b127","b128"]],["GetLoops",["b124"],[],["l129","l130","l131","l132","l133","l134","l135","l136"]],["Annotate",["l129",64],["pragma_auto_unroll_max_step"],[]],["Annotate",["l129",1],["pragma_unroll_explicit"],[]],["GetLoops",["b125"],[],["l137","l138","l139","l140","l141","l142","l143","l144"]],["Annotate",["l137",64],["pragma_auto_unroll_max_step"],[]],["Annotate",["l137",1],["pragma_unroll_explicit"],[]],["GetLoops",["b126"],[],["l145","l146","l147","l148","l149","l150","l151","l152","l153","l154","l155","l156","l157","l158","l159","l160","l161"]],["Annotate",["l145",64],["pragma_auto_unroll_max_step"],[]],["Annotate",["l145",1],["pragma_unroll_explicit"],[]],["GetLoops",["b127"],[],["l162","l163","l164","l165","l166","l167","l168"]],["Annotate",["l162",64],["pragma_auto_unroll_max_step"],[]],["Annotate",["l162",1],["pragma_unroll_explicit"],[]],["GetLoops",["b128"],[],["l169","l170","l171"]],["Annotate",["l169",64],["pragma_auto_unroll_max_step"],[]],["Annotate",["l169",1],["pragma_unroll_explicit"],[]],["GetBlock",[],["DepthwiseConv2d","main"],["b172"]],["GetLoops",["b172"],[],["l173","l174","l175","l176","l177","l178","l179","l180","l181","l182","l183","l184","l185","l186","l187","l188","l189"]],["DecomposeReduction",["b172","l176"],[],["b190"]]],[[12,[2,1,2,1,1]],[14,[3,1,5,1,1]],[16,[1,1,3,5,1]],[18,[8,1,4,1,15]],[20,[3,1,1]],[22,[1,1,3]],[39,2],[45,3],[54,2]]],[0],{"arch":"sm_70","keys":["cuda","gpu"],"kind":"cuda","max_num_threads":1024,"max_shared_memory_per_block":49152,"max_threads_per_block":1024,"registers_per_block":65536,"tag":"","thread_warp_size":32},[["TENSOR","float32",[4,15,15,480]],["TENSOR","float32",[3,3,480,1]],["TENSOR","float32",[1,1,1,480]],["TENSOR","float32",[4,15,15,480]]]]]
[0,[[[["GetBlock",[],["PaddedInput","main"],["b0"]],["GetBlock",[],["DepthwiseConv2d","main"],["b1"]],["GetBlock",[],["T_add","main"],["b2"]],["GetBlock",[],["compile_engine_const","main"],["b3"]],["GetBlock",[],["T_add_1","main"],["b4"]],["GetBlock",[],["compute","main"],["b5"]],["GetBlock",[],["compile_engine_const_1","main"],["b6"]],["GetBlock",[],["T_divide","main"],["b7"]],["GetBlock",[],["T_multiply","main"],["b8"]],["GetBlock",[],["root","main"],["b9"]],["Annotate",["b1","\"SSSRRSRS\""],["meta_schedule.tiling_structure"],[]],["GetLoops",["b1"],[],["l10","l11","l12","l13","l14","l15"]],["SamplePerfectTile",["l10"],[5,64],["v16","v17","v18","v19","v20"]],["Split",["l10","v16","v17","v18","v19","v20"],[1],["l21","l22","l23","l24","l25"]],["SamplePerfectTile",["l11"],[5,64],["v26","v27","v28","v29","v30"]],["Split",["l11","v26","v27","v28","v29","v30"],[1],["l31","l32","l33","l34","l35"]],["SamplePerfectTile",["l12"],[5,64],["v36","v37","v38","v39","v40"]],["Split",["l12","v36","v37","v38","v39","v40"],[1],["l41","l42","l43","l44","l45"]],["SamplePerfectTile",["l13"],[5,64],["v46","v47","v48","v49","v50"]],["Split",["l13","v46","v47","v48","v49","v50"],[1],["l51","l52","l53","l54","l55"]],["SamplePerfectTile",["l14"],[3,64],["v56","v57","v58"]],["Split",["l14","v56","v57","v58"],[1],["l59","l60","l61"]],["SamplePerfectTile",["l15"],[3,64],["v62","v63","v64"]],["Split",["l15","v62","v63","v64"],[1],["l65","l66","l67"]],["Reorder",["l21","l31","l41","l51","l22","l32","l42","l52","l23","l33","l43","l53","l59","l65","l60","l66","l24","l34","l44","l54","l61","l67","l25","l35","l45","l55"],[],[]],["Fuse",["l21","l31","l41","l51"],[1],["l68"]],["Bind",["l68"],["blockIdx.x"],[]],["Fuse",["l22","l32","l42","l52"],[1],["l69"]],["Bind",["l69"],["vthread.x"],[]],["Fuse",["l23","l33","l43","l53"],[1],["l70"]],["Bind",["l70"],["threadIdx.x"],[]],["Annotate",["b1",32],["meta_schedule.thread_extent_low_inclusive"],[]],["Annotate",["b1",1024],["meta_schedule.thread_extent_high_inclusive"],[]],["CacheWrite",["b1",[]],[0,"local"],["b71"]],["ReverseComputeAt",["b71","l70"],[1,-1],[]],["CacheRead",["b1",["b1"]],[0,"shared"],["b72"]],["ComputeAt",["b72","l65"],[1,-1],[]],["GetLoops",["b72"],[],["l73","l74","l75","l76","l77","l78","l79","l80","l81"]],["Fuse",["l78","l79","l80","l81"],[1],["l82"]],["SampleCategorical",[],[[1,2,3,4],[0.25,0.25,0.25,0.25]],["v83"]],["Annotate",["b72","v83"],["meta_schedule.cooperative_fetch"],[]],["CacheRead",["b1",["b1"]],[1,"shared"],["b84"]],["ComputeAt",["b84","l65"],[1,-1],[]],["GetLoops",["b84"],[],["l85","l86","l87","l88","l89","l90","l91","l92","l93"]],["Fuse",["l90","l91","l92","l93"],[1],["l94"]],["SampleCategorical",[],[[1,2,3,4],[0.25,0.25,0.25,0.25]],["v95"]],["Annotate",["b84","v95"],["meta_schedule.cooperative_fetch"],[]],["ComputeInline",["b6"],[],[]],["ComputeInline",["b3"],[],[]],["ComputeInline",["b7"],[],[]],["ComputeInline",["b5"],[],[]],["ComputeInline",["b4"],[],[]],["ComputeInline",["b2"],[],[]],["ComputeInline",["b0"],[],[]],["SampleCategorical",[],[[0,16,64,512,1024],[0.2000000000000000111,0.2000000000000000111,0.2000000000000000111,0.2000000000000000111,0.2000000000000000111]],["v96"]],["Annotate",["b9","v96"],["meta_schedule.unroll_explicit"],[]],["GetLoops",["b8"],[],["l97","l98","l99","l100"]],["Fuse",["l97","l98","l99","l100"],[1],["l101"]],["Split",["l101","None",256,1024],[1],["l102","l103","l104"]],["Reorder",["l103","l104","l102"],[],[]],["Bind",["l103"],["blockIdx.x"],[]],["Bind",["l104"],["threadIdx.x"],[]],["EnterPostproc",[],[],[]],["Unannotate",["b72"],["meta_schedule.cooperative_fetch"],[]],["GetLoops",["b72"],[],["l105","l106","l107","l108","l109","l110"]],["Split",["l110","None",90,2],[1],["l111","l112","l113"]],["Vectorize",["l113"],[],[]],["Bind",["l112"],["threadIdx.x"],[]],["Unannotate",["b84"],["meta_schedule.cooperative_fetch"],[]],["GetLoops",["b84"],[],["l114","l115","l116","l117","l118","l119"]],["Split",["l119","None",90],[1],["l120","l121"]],["Bind",["l121"],["threadIdx.x"],[]],["GetBlock",[],["root","main"],["b122"]],["Unannotate",["b122"],["meta_schedule.unroll_explicit"],[]],["GetChildBlocks",["b122"],[],["b123","b124","b125","b126","b127"]],["GetLoops",["b123"],[],["l128","l129","l130","l131","l132","l133","l134","l135"]],["Annotate",["l128",1024],["pragma_auto_unroll_max_step"],[]],["Annotate",["l128",1],["pragma_unroll_explicit"],[]],["GetLoops",["b124"],[],["l136","l137","l138","l139","l140","l141","l142"]],["Annotate",["l136",1024],["pragma_auto_unroll_max_step"],[]],["Annotate",["l136",1],["pragma_unroll_explicit"],[]],["GetLoops",["b125"],[],["l143","l144","l145","l146","l147","l148","l149","l150","l151","l152","l153","l154","l155","l156","l157","l158","l159"]],["Annotate",["l143",1024],["pragma_auto_unroll_max_step"],[]],["Annotate",["l143",1],["pragma_unroll_explicit"],[]],["GetLoops",["b126"],[],["l160","l161","l162","l163","l164","l165","l166"]],["Annotate",["l160",1024],["pragma_auto_unroll_max_step"],[]],["Annotate",["l160",1],["pragma_unroll_explicit"],[]],["GetLoops",["b127"],[],["l167","l168","l169"]],["Annotate",["l167",1024],["pragma_auto_unroll_max_step"],[]],["Annotate",["l167",1],["pragma_unroll_explicit"],[]],["GetBlock",[],["DepthwiseConv2d","main"],["b170"]],["GetLoops",["b170"],[],["l171","l172","l173","l174","l175","l176","l177","l178","l179","l180","l181","l182","l183","l184","l185","l186","l187"]],["DecomposeReduction",["b170","l174"],[],["b188"]]],[[12,[2,2,1,1,1]],[14,[1,1,15,1,1]],[16,[1,1,3,1,5]],[18,[40,1,2,6,1]],[20,[1,3,1]],[22,[1,3,1]],[39,1],[45,0],[54,4]]],[0],{"arch":"sm_70","keys":["cuda","gpu"],"kind":"cuda","max_num_threads":1024,"max_shared_memory_per_block":49152,"max_threads_per_block":1024,"registers_per_block":65536,"tag":"","thread_warp_size":32},[["TENSOR","float32",[4,15,15,480]],["TENSOR","float32",[3,3,480,1]],["TENSOR","float32",[1,1,1,480]],["TENSOR","float32",[4,15,15,480]]]]]
[0,[[[["GetBlock",[],["PaddedInput","main"],["b0"]],["GetBlock",[],["DepthwiseConv2d","main"],["b1"]],["GetBlock",[],["T_add","main"],["b2"]],["GetBlock",[],["compile_engine_const","main"],["b3"]],["GetBlock",[],["T_add_1","main"],["b4"]],["GetBlock",[],["compute","main"],["b5"]],["GetBlock",[],["compile_engine_const_1","main"],["b6"]],["GetBlock",[],["T_divide","main"],["b7"]],["GetBlock",[],["T_multiply","main"],["b8"]],["GetBlock",[],["root","main"],["b9"]],["Annotate",["b1","\"SSSRRSRS\""],["meta_schedule.tiling_structure"],[]],["GetLoops",["b1"],[],["l10","l11","l12","l13","l14","l15"]],["SamplePerfectTile",["l10"],[5,64],["v16","v17","v18","v19","v20"]],["Split",["l10","v16","v17","v18","v19","v20"],[1],["l21","l22","l23","l24","l25"]],["SamplePerfectTile",["l11"],[5,64],["v26","v27","v28","v29","v30"]],["Split",["l11","v26","v27","v28","v29","v30"],[1],["l31","l32","l33","l34","l35"]],["SamplePerfectTile",["l12"],[5,64],["v36","v37","v38","v39","v40"]],["Split",["l12","v36","v37","v38","v39","v40"],[1],["l41","l42","l43","l44","l45"]],["SamplePerfectTile",["l13"],[5,64],["v46","v47","v48","v49","v50"]],["Split",["l13","v46","v47","v48","v49","v50"],[1],["l51","l52","l53","l54","l55"]],["SamplePerfectTile",["l14"],[3,64],["v56","v57","v58"]],["Split",["l14","v56","v57","v58"],[1],["l59","l60","l61"]],["SamplePerfectTile",["l15"],[3,64],["v62","v63","v64"]],["Split",["l15","v62","v63","v64"],[1],["l65","l66","l67"]],["Reorder",["l21","l31","l41","l51","l22","l32","l42","l52","l23","l33","l43","l53","l59","l65","l60","l66","l24","l34","l44","l54","l61","l67","l25","l35","l45","l55"],[],[]],["Fuse",["l21","l31","l41","l51"],[1],["l68"]],["Bind",["l68"],["blockIdx.x"],[]],["Fuse",["l22","l32","l42","l52"],[1],["l69"]],["Bind",["l69"],["vthread.x"],[]],["Fuse",["l23","l33","l43","l53"],[1],["l70"]],["Bind",["l70"],["threadIdx.x"],[]],["Annotate",["b1",32],["meta_schedule.thread_extent_low_inclusive"],[]],["Annotate",["b1",1024],["meta_schedule.thread_extent_high_inclusive"],[]],["CacheWrite",["b1",[]],[0,"local"],["b71"]],["ReverseComputeAt",["b71","l70"],[1,-1],[]],["CacheRead",["b1",["b1"]],[0,"shared"],["b72"]],["ComputeAt",["b72","l65"],[1,-1],[]],["GetLoops",["b72"],[],["l73","l74","l75","l76","l77","l78","l79","l80","l81"]],["Fuse",["l78","l79","l80","l81"],[1],["l82"]],["SampleCategorical",[],[[1,2,3,4],[0.25,0.25,0.25,0.25]],["v83"]],["Annotate",["b72","v83"],["meta_schedule.cooperative_fetch"],[]],["CacheRead",["b1",["b1"]],[1,"shared"],["b84"]],["ComputeAt",["b84","l65"],[1,-1],[]],["GetLoops",["b84"],[],["l85","l86","l87","l88","l89","l90","l91","l92","l93"]],["Fuse",["l90","l91","l92","l93"],[1],["l94"]],["SampleCategorical",[],[[1,2,3,4],[0.25,0.25,0.25,0.25]],["v95"]],["Annotate",["b84","v95"],["meta_schedule.cooperative_fetch"],[]],["ComputeInline",["b6"],[],[]],["ComputeInline",["b3"],[],[]],["ComputeInline",["b7"],[],[]],["ComputeInline",["b5"],[],[]],["ComputeInline",["b4"],[],[]],["ComputeInline",["b2"],[],[]],["ComputeInline",["b0"],[],[]],["SampleCategorical",[],[[0,16,64,512,1024],[0.2000000000000000111,0.2000000000000000111,0.2000000000000000111,0.2000000000000000111,0.2000000000000000111]],["v96"]],["Annotate",["b9","v96"],["meta_schedule.unroll_explicit"],[]],["GetLoops",["b8"],[],["l97","l98","l99","l100"]],["Fuse",["l97","l98","l99","l100"],[1],["l101"]],["Split",["l101","None",256,1024],[1],["l102","l103","l104"]],["Reorder",["l103","l104","l102"],[],[]],["Bind",["l103"],["blockIdx.x"],[]],["Bind",["l104"],["threadIdx.x"],[]],["EnterPostproc",[],[],[]],["Unannotate",["b72"],["meta_schedule.cooperative_fetch"],[]],["GetLoops",["b72"],[],["l105","l106","l107","l108","l109","l110"]],["Split",["l110","None",80,4],[1],["l111","l112","l113"]],["Vectorize",["l113"],[],[]],["Bind",["l112"],["threadIdx.x"],[]],["Unannotate",["b84"],["meta_schedule.cooperative_fetch"],[]],["GetLoops",["b84"],[],["l114","l115","l116","l117","l118","l119"]],["Split",["l119","None",80,3],[1],["l120","l121","l122"]],["Vectorize",["l122"],[],[]],["Bind",["l121"],["threadIdx.x"],[]],["GetBlock",[],["root","main"],["b123"]],["Unannotate",["b123"],["meta_schedule.unroll_explicit"],[]],["GetChildBlocks",["b123"],[],["b124","b125","b126","b127","b128"]],["GetLoops",["b124"],[],["l129","l130","l131","l132","l133","l134","l135","l136"]],["Annotate",["l129",64],["pragma_auto_unroll_max_step"],[]],["Annotate",["l129",1],["pragma_unroll_explicit"],[]],["GetLoops",["b125"],[],["l137","l138","l139","l140","l141","l142","l143","l144"]],["Annotate",["l137",64],["pragma_auto_unroll_max_step"],[]],["Annotate",["l137",1],["pragma_unroll_explicit"],[]],["GetLoops",["b126"],[],["l145","l146","l147","l148","l149","l150","l151","l152","l153","l154","l155","l156","l157","l158","l159","l160","l161"]],["Annotate",["l145",64],["pragma_auto_unroll_max_step"],[]],["Annotate",["l145",1],["pragma_unroll_explicit"],[]],["GetLoops",["b127"],[],["l162","l163","l164","l165","l166","l167","l168"]],["Annotate",["l162",64],["pragma_auto_unroll_max_step"],[]],["Annotate",["l162",1],["pragma_unroll_explicit"],[]],["GetLoops",["b128"],[],["l169","l170","l171"]],["Annotate",["l169",64],["pragma_auto_unroll_max_step"],[]],["Annotate",["l169",1],["pragma_unroll_explicit"],[]],["GetBlock",[],["DepthwiseConv2d","main"],["b172"]],["GetLoops",["b172"],[],["l173","l174","l175","l176","l177","l178","l179","l180","l181","l182","l183","l184","l185","l186","l187","l188","l189"]],["DecomposeReduction",["b172","l176"],[],["b190"]]],[[12,[1,1,4,1,1]],[14,[3,1,5,1,1]],[16,[15,1,1,1,1]],[18,[2,2,4,1,30]],[20,[1,1,3]],[22,[3,1,1]],[39,3],[45,2],[54,2]]],[0],{"arch":"sm_70","keys":["cuda","gpu"],"kind":"cuda","max_num_threads":1024,"max_shared_memory_per_block":49152,"max_threads_per_block":1024,"registers_per_block":65536,"tag":"","thread_warp_size":32},[["TENSOR","float32",[4,15,15,480]],["TENSOR","float32",[3,3,480,1]],["TENSOR","float32",[1,1,1,480]],["TENSOR","float32",[4,15,15,480]]]]]
[0,[[[["GetBlock",[],["PaddedInput","main"],["b0"]],["GetBlock",[],["DepthwiseConv2d","main"],["b1"]],["GetBlock",[],["T_add","main"],["b2"]],["GetBlock",[],["compile_engine_const","main"],["b3"]],["GetBlock",[],["T_add_1","main"],["b4"]],["GetBlock",[],["compute","main"],["b5"]],["GetBlock",[],["compile_engine_const_1","main"],["b6"]],["GetBlock",[],["T_divide","main"],["b7"]],["GetBlock",[],["T_multiply","main"],["b8"]],["GetBlock",[],["root","main"],["b9"]],["Annotate",["b1","\"SSSRRSRS\""],["meta_schedule.tiling_structure"],[]],["GetLoops",["b1"],[],["l10","l11","l12","l13","l14","l15"]],["SamplePerfectTile",["l10"],[5,64],["v16","v17","v18","v19","v20"]],["Split",["l10","v16","v17","v18","v19","v20"],[1],["l21","l22","l23","l24","l25"]],["SamplePerfectTile",["l11"],[5,64],["v26","v27","v28","v29","v30"]],["Split",["l11","v26","v27","v28","v29","v30"],[1],["l31","l32","l33","l34","l35"]],["SamplePerfectTile",["l12"],[5,64],["v36","v37","v38","v39","v40"]],["Split",["l12","v36","v37","v38","v39","v40"],[1],["l41","l42","l43","l44","l45"]],["SamplePerfectTile",["l13"],[5,64],["v46","v47","v48","v49","v50"]],["Split",["l13","v46","v47","v48","v49","v50"],[1],["l51","l52","l53","l54","l55"]],["SamplePerfectTile",["l14"],[3,64],["v56","v57","v58"]],["Split",["l14","v56","v57","v58"],[1],["l59","l60","l61"]],["SamplePerfectTile",["l15"],[3,64],["v62","v63","v64"]],["Split",["l15","v62","v63","v64"],[1],["l65","l66","l67"]],["Reorder",["l21","l31","l41","l51","l22","l32","l42","l52","l23","l33","l43","l53","l59","l65","l60","l66","l24","l34","l44","l54","l61","l67","l25","l35","l45","l55"],[],[]],["Fuse",["l21","l31","l41","l51"],[1],["l68"]],["Bind",["l68"],["blockIdx.x"],[]],["Fuse",["l22","l32","l42","l52"],[1],["l69"]],["Bind",["l69"],["vthread.x"],[]],["Fuse",["l23","l33","l43","l53"],[1],["l70"]],["Bind",["l70"],["threadIdx.x"],[]],["Annotate",["b1",32],["meta_schedule.thread_extent_low_inclusive"],[]],["Annotate",["b1",1024],["meta_schedule.thread_extent_high_inclusive"],[]],["CacheWrite",["b1",[]],[0,"local"],["b71"]],["ReverseComputeAt",["b71","l70"],[1,-1],[]],["CacheRead",["b1",["b1"]],[0,"shared"],["b72"]],["ComputeAt",["b72","l65"],[1,-1],[]],["GetLoops",["b72"],[],["l73","l74","l75","l76","l77","l78","l79","l80","l81"]],["Fuse",["l78","l79","l80","l81"],[1],["l82"]],["SampleCategorical",[],[[1,2,3,4],[0.25,0.25,0.25,0.25]],["v83"]],["Annotate",["b72","v83"],["meta_schedule.cooperative_fetch"],[]],["CacheRead",["b1",["b1"]],[1,"shared"],["b84"]],["ComputeAt",["b84","l65"],[1,-1],[]],["GetLoops",["b84"],[],["l85","l86","l87","l88","l89","l90","l91","l92","l93"]],["Fuse",["l90","l91","l92","l93"],[1],["l94"]],["SampleCategorical",[],[[1,2,3,4],[0.25,0.25,0.25,0.25]],["v95"]],["Annotate",["b84","v95"],["meta_schedule.cooperative_fetch"],[]],["ComputeInline",["b6"],[],[]],["ComputeInline",["b3"],[],[]],["ComputeInline",["b7"],[],[]],["ComputeInline",["b5"],[],[]],["ComputeInline",["b4"],[],[]],["ComputeInline",["b2"],[],[]],["ComputeInline",["b0"],[],[]],["SampleCategorical",[],[[0,16,64,512,1024],[0.2000000000000000111,0.2000000000000000111,0.2000000000000000111,0.2000000000000000111,0.2000000000000000111]],["v96"]],["Annotate",["b9","v96"],["meta_schedule.unroll_explicit"],[]],["GetLoops",["b8"],[],["l97","l98","l99","l100"]],["Fuse",["l97","l98","l99","l100"],[1],["l101"]],["Split",["l101","None",256,1024],[1],["l102","l103","l104"]],["Reorder",["l103","l104","l102"],[],[]],["Bind",["l103"],["blockIdx.x"],[]],["Bind",["l104"],["threadIdx.x"],[]],["EnterPostproc",[],[],[]],["Unannotate",["b72"],["meta_schedule.cooperative_fetch"],[]],["GetLoops",["b72"],[],["l105","l106","l107","l108","l109","l110"]],["Split",["l110","None",36,4],[1],["l111","l112","l113"]],["Vectorize",["l113"],[],[]],["Bind",["l112"],["threadIdx.x"],[]],["Unannotate",["b84"],["meta_schedule.cooperative_fetch"],[]],["GetLoops",["b84"],[],["l114","l115","l116","l117","l118","l119"]],["Split",["l119","None",36,2],[1],["l120","l121","l122"]],["Vectorize",["l122"],[],[]],["Bind",["l121"],["threadIdx.x"],[]],["GetBlock",[],["root","main"],["b123"]],["Unannotate",["b123"],["meta_schedule.unroll_explicit"],[]],["GetChildBlocks",["b123"],[],["b124","b125","b126","b127","b128"]],["GetLoops",["b124"],[],["l129","l130","l131","l132","l133","l134","l135","l136"]],["Annotate",["l129",512],["pragma_auto_unroll_max_step"],[]],["Annotate",["l129",1],["pragma_unroll_explicit"],[]],["GetLoops",["b125"],[],["l137","l138","l139","l140","l141","l142","l143","l144"]],["Annotate",["l137",512],["pragma_auto_unroll_max_step"],[]],["Annotate",["l137",1],["pragma_unroll_explicit"],[]],["GetLoops",["b126"],[],["l145","l146","l147","l148","l149","l150","l151","l152","l153","l154","l155","l156","l157","l158","l159","l160","l161"]],["Annotate",["l145",512],["pragma_auto_unroll_max_step"],[]],["Annotate",["l145",1],["pragma_unroll_explicit"],[]],["GetLoops",["b127"],[],["l162","l163","l164","l165","l166","l167","l168"]],["Annotate",["l162",512],["pragma_auto_unroll_max_step"],[]],["Annotate",["l162",1],["pragma_unroll_explicit"],[]],["GetLoops",["b128"],[],["l169","l170","l171"]],["Annotate",["l169",512],["pragma_auto_unroll_max_step"],[]],["Annotate",["l169",1],["pragma_unroll_explicit"],[]],["GetBlock",[],["DepthwiseConv2d","main"],["b172"]],["GetLoops",["b172"],[],["l173","l174","l175","l176","l177","l178","l179","l180","l181","l182","l183","l184","l185","l186","l187","l188","l189"]],["DecomposeReduction",["b172","l176"],[],["b190"]]],[[12,[1,1,2,1,2]],[14,[5,1,3,1,1]],[16,[5,1,3,1,1]],[18,[15,8,2,1,2]],[20,[1,1,3]],[22,[3,1,1]],[39,3],[45,1],[54,3]]],[0],{"arch":"sm_70","keys":["cuda","gpu"],"kind":"cuda","max_num_threads":1024,"max_shared_memory_per_block":49152,"max_threads_per_block":1024,"registers_per_block":65536,"tag":"","thread_warp_size":32},[["TENSOR","float32",[4,15,15,480]],["TENSOR","float32",[3,3,480,1]],["TENSOR","float32",[1,1,1,480]],["TENSOR","float32",[4,15,15,480]]]]]
[0,[[[["GetBlock",[],["PaddedInput","main"],["b0"]],["GetBlock",[],["DepthwiseConv2d","main"],["b1"]],["GetBlock",[],["T_add","main"],["b2"]],["GetBlock",[],["compile_engine_const","main"],["b3"]],["GetBlock",[],["T_add_1","main"],["b4"]],["GetBlock",[],["compute","main"],["b5"]],["GetBlock",[],["compile_engine_const_1","main"],["b6"]],["GetBlock",[],["T_divide","main"],["b7"]],["GetBlock",[],["T_multiply","main"],["b8"]],["GetBlock",[],["root","main"],["b9"]],["Annotate",["b1","\"SSSRRSRS\""],["meta_schedule.tiling_structure"],[]],["GetLoops",["b1"],[],["l10","l11","l12","l13","l14","l15"]],["SamplePerfectTile",["l10"],[5,64],["v16","v17","v18","v19","v20"]],["Split",["l10","v16","v17","v18","v19","v20"],[1],["l21","l22","l23","l24","l25"]],["SamplePerfectTile",["l11"],[5,64],["v26","v27","v28","v29","v30"]],["Split",["l11","v26","v27","v28","v29","v30"],[1],["l31","l32","l33","l34","l35"]],["SamplePerfectTile",["l12"],[5,64],["v36","v37","v38","v39","v40"]],["Split",["l12","v36","v37","v38","v39","v40"],[1],["l41","l42","l43","l44","l45"]],["SamplePerfectTile",["l13"],[5,64],["v46","v47","v48","v49","v50"]],["Split",["l13","v46","v47","v48","v49","v50"],[1],["l51","l52","l53","l54","l55"]],["SamplePerfectTile",["l14"],[3,64],["v56","v57","v58"]],["Split",["l14","v56","v57","v58"],[1],["l59","l60","l61"]],["SamplePerfectTile",["l15"],[3,64],["v62","v63","v64"]],["Split",["l15","v62","v63","v64"],[1],["l65","l66","l67"]],["Reorder",["l21","l31","l41","l51","l22","l32","l42","l52","l23","l33","l43","l53","l59","l65","l60","l66","l24","l34","l44","l54","l61","l67","l25","l35","l45","l55"],[],[]],["Fuse",["l21","l31","l41","l51"],[1],["l68"]],["Bind",["l68"],["blockIdx.x"],[]],["Fuse",["l22","l32","l42","l52"],[1],["l69"]],["Bind",["l69"],["vthread.x"],[]],["Fuse",["l23","l33","l43","l53"],[1],["l70"]],["Bind",["l70"],["threadIdx.x"],[]],["Annotate",["b1",32],["meta_schedule.thread_extent_low_inclusive"],[]],["Annotate",["b1",1024],["meta_schedule.thread_extent_high_inclusive"],[]],["CacheWrite",["b1",[]],[0,"local"],["b71"]],["ReverseComputeAt",["b71","l70"],[1,-1],[]],["CacheRead",["b1",["b1"]],[0,"shared"],["b72"]],["ComputeAt",["b72","l65"],[1,-1],[]],["GetLoops",["b72"],[],["l73","l74","l75","l76","l77","l78","l79","l80","l81"]],["Fuse",["l78","l79","l80","l81"],[1],["l82"]],["SampleCategorical",[],[[1,2,3,4],[0.25,0.25,0.25,0.25]],["v83"]],["Annotate",["b72","v83"],["meta_schedule.cooperative_fetch"],[]],["CacheRead",["b1",["b1"]],[1,"shared"],["b84"]],["ComputeAt",["b84","l65"],[1,-1],[]],["GetLoops",["b84"],[],["l85","l86","l87","l88","l89","l90","l91","l92","l93"]],["Fuse",["l90","l91","l92","l93"],[1],["l94"]],["SampleCategorical",[],[[1,2,3,4],[0.25,0.25,0.25,0.25]],["v95"]],["Annotate",["b84","v95"],["meta_schedule.cooperative_fetch"],[]],["ComputeInline",["b6"],[],[]],["ComputeInline",["b3"],[],[]],["ComputeInline",["b7"],[],[]],["ComputeInline",["b5"],[],[]],["ComputeInline",["b4"],[],[]],["ComputeInline",["b2"],[],[]],["ComputeInline",["b0"],[],[]],["SampleCategorical",[],[[0,16,64,512,1024],[0.2000000000000000111,0.2000000000000000111,0.2000000000000000111,0.2000000000000000111,0.2000000000000000111]],["v96"]],["Annotate",["b9","v96"],["meta_schedule.unroll_explicit"],[]],["GetLoops",["b8"],[],["l97","l98","l99","l100"]],["Fuse",["l97","l98","l99","l100"],[1],["l101"]],["Split",["l101","None",256,1024],[1],["l102","l103","l104"]],["Reorder",["l103","l104","l102"],[],[]],["Bind",["l103"],["blockIdx.x"],[]],["Bind",["l104"],["threadIdx.x"],[]],["EnterPostproc",[],[],[]],["Unannotate",["b72"],["meta_schedule.cooperative_fetch"],[]],["GetLoops",["b72"],[],["l105","l106","l107","l108","l109","l110"]],["Split",["l110","None",48,2],[1],["l111","l112","l113"]],["Vectorize",["l113"],[],[]],["Bind",["l112"],["threadIdx.x"],[]],["Unannotate",["b84"],["meta_schedule.cooperative_fetch"],[]],["GetLoops",["b84"],[],["l114","l115","l116","l117","l118","l119"]],["Split",["l119","None",48,4],[1],["l120","l121","l122"]],["Vectorize",["l122"],[],[]],["Bind",["l121"],["threadIdx.x"],[]],["GetBlock",[],["root","main"],["b123"]],["Unannotate",["b123"],["meta_schedule.unroll_explicit"],[]],["GetChildBlocks",["b123"],[],["b124","b125","b126","b127","b128"]],["GetLoops",["b124"],[],["l129","l130","l131","l132","l133","l134","l135","l136"]],["Annotate",["l129",16],["pragma_auto_unroll_max_step"],[]],["Annotate",["l129",1],["pragma_unroll_explicit"],[]],["GetLoops",["b125"],[],["l137","l138","l139","l140","l141","l142","l143","l144"]],["Annotate",["l137",16],["pragma_auto_unroll_max_step"],[]],["Annotate",["l137",1],["pragma_unroll_explicit"],[]],["GetLoops",["b126"],[],["l145","l146","l147","l148","l149","l150","l151","l152","l153","l154","l155","l156","l157","l158","l159","l160","l161"]],["Annotate",["l145",16],["pragma_auto_unroll_max_step"],[]],["Annotate",["l145",1],["pragma_unroll_explicit"],[]],["GetLoops",["b127"],[],["l162","l163","l164","l165","l166","l167","l168"]],["Annotate",["l162",16],["pragma_auto_unroll_max_step"],[]],["Annotate",["l162",1],["pragma_unroll_explicit"],[]],["GetLoops",["b128"],[],["l169","l170","l171"]],["Annotate",["l169",16],["pragma_auto_unroll_max_step"],[]],["Annotate",["l169",1],["pragma_unroll_explicit"],[]],["GetBlock",[],["DepthwiseConv2d","main"],["b172"]],["GetLoops",["b172"],[],["l173","l174","l175","l176","l177","l178","l179","l180","l181","l182","l183","l184","l185","l186","l187","l188","l189"]],["DecomposeReduction",["b172","l176"],[],["b190"]]],[[12,[1,1,4,1,1]],[14,[5,3,1,1,1]],[16,[5,1,3,1,1]],[18,[3,1,4,10,4]],[20,[3,1,1]],[22,[1,1,3]],[39,1],[45,3],[54,1]]],[0],{"arch":"sm_70","keys":["cuda","gpu"],"kind":"cuda","max_num_threads":1024,"max_shared_memory_per_block":49152,"max_threads_per_block":1024,"registers_per_block":65536,"tag":"","thread_warp_size":32},[["TENSOR","float32",[4,15,15,480]],["TENSOR","float32",[3,3,480,1]],["TENSOR","float32",[1,1,1,480]],["TENSOR","float32",[4,15,15,480]]]]]
[0,[[[["GetBlock",[],["PaddedInput","main"],["b0"]],["GetBlock",[],["DepthwiseConv2d","main"],["b1"]],["GetBlock",[],["T_add","main"],["b2"]],["GetBlock",[],["compile_engine_const","main"],["b3"]],["GetBlock",[],["T_add_1","main"],["b4"]],["GetBlock",[],["compute","main"],["b5"]],["GetBlock",[],["compile_engine_const_1","main"],["b6"]],["GetBlock",[],["T_divide","main"],["b7"]],["GetBlock",[],["T_multiply","main"],["b8"]],["GetBlock",[],["root","main"],["b9"]],["Annotate",["b1","\"SSSRRSRS\""],["meta_schedule.tiling_structure"],[]],["GetLoops",["b1"],[],["l10","l11","l12","l13","l14","l15"]],["SamplePerfectTile",["l10"],[5,64],["v16","v17","v18","v19","v20"]],["Split",["l10","v16","v17","v18","v19","v20"],[1],["l21","l22","l23","l24","l25"]],["SamplePerfectTile",["l11"],[5,64],["v26","v27","v28","v29","v30"]],["Split",["l11","v26","v27","v28","v29","v30"],[1],["l31","l32","l33","l34","l35"]],["SamplePerfectTile",["l12"],[5,64],["v36","v37","v38","v39","v40"]],["Split",["l12","v36","v37","v38","v39","v40"],[1],["l41","l42","l43","l44","l45"]],["SamplePerfectTile",["l13"],[5,64],["v46","v47","v48","v49","v50"]],["Split",["l13","v46","v47","v48","v49","v50"],[1],["l51","l52","l53","l54","l55"]],["SamplePerfectTile",["l14"],[3,64],["v56","v57","v58"]],["Split",["l14","v56","v57","v58"],[1],["l59","l60","l61"]],["SamplePerfectTile",["l15"],[3,64],["v62","v63","v64"]],["Split",["l15","v62","v63","v64"],[1],["l65","l66","l67"]],["Reorder",["l21","l31","l41","l51","l22","l32","l42","l52","l23","l33","l43","l53","l59","l65","l60","l66","l24","l34","l44","l54","l61","l67","l25","l35","l45","l55"],[],[]],["Fuse",["l21","l31","l41","l51"],[1],["l68"]],["Bind",["l68"],["blockIdx.x"],[]],["Fuse",["l22","l32","l42","l52"],[1],["l69"]],["Bind",["l69"],["vthread.x"],[]],["Fuse",["l23","l33","l43","l53"],[1],["l70"]],["Bind",["l70"],["threadIdx.x"],[]],["Annotate",["b1",32],["meta_schedule.thread_extent_low_inclusive"],[]],["Annotate",["b1",1024],["meta_schedule.thread_extent_high_inclusive"],[]],["CacheWrite",["b1",[]],[0,"local"],["b71"]],["ReverseComputeAt",["b71","l70"],[1,-1],[]],["CacheRead",["b1",["b1"]],[0,"shared"],["b72"]],["ComputeAt",["b72","l65"],[1,-1],[]],["GetLoops",["b72"],[],["l73","l74","l75","l76","l77","l78","l79","l80","l81"]],["Fuse",["l78","l79","l80","l81"],[1],["l82"]],["SampleCategorical",[],[[1,2,3,4],[0.25,0.25,0.25,0.25]],["v83"]],["Annotate",["b72","v83"],["meta_schedule.cooperative_fetch"],[]],["CacheRead",["b1",["b1"]],[1,"shared"],["b84"]],["ComputeAt",["b84","l65"],[1,-1],[]],["GetLoops",["b84"],[],["l85","l86","l87","l88","l89","l90","l91","l92","l93"]],["Fuse",["l90","l91","l92","l93"],[1],["l94"]],["SampleCategorical",[],[[1,2,3,4],[0.25,0.25,0.25,0.25]],["v95"]],["Annotate",["b84","v95"],["meta_schedule.cooperative_fetch"],[]],["ComputeInline",["b6"],[],[]],["ComputeInline",["b3"],[],[]],["ComputeInline",["b7"],[],[]],["ComputeInline",["b5"],[],[]],["ComputeInline",["b4"],[],[]],["ComputeInline",["b2"],[],[]],["ComputeInline",["b0"],[],[]],["SampleCategorical",[],[[0,16,64,512,1024],[0.2000000000000000111,0.2000000000000000111,0.2000000000000000111,0.2000000000000000111,0.2000000000000000111]],["v96"]],["Annotate",["b9","v96"],["meta_schedule.unroll_explicit"],[]],["GetLoops",["b8"],[],["l97","l98","l99","l100"]],["Fuse",["l97","l98","l99","l100"],[1],["l101"]],["Split",["l101","None",256,1024],[1],["l102","l103","l104"]],["Reorder",["l103","l104","l102"],[],[]],["Bind",["l103"],["blockIdx.x"],[]],["Bind",["l104"],["threadIdx.x"],[]],["EnterPostproc",[],[],[]],["Unannotate",["b72"],["meta_schedule.cooperative_fetch"],[]],["GetLoops",["b72"],[],["l105","l106","l107","l108","l109","l110"]],["Split",["l110","None",360],[1],["l111","l112"]],["Bind",["l112"],["threadIdx.x"],[]],["Unannotate",["b84"],["meta_schedule.cooperative_fetch"],[]],["GetLoops",["b84"],[],["l113","l114","l115","l116","l117","l118"]],["Split",["l118","None",360],[1],["l119","l120"]],["Bind",["l120"],["threadIdx.x"],[]],["GetBlock",[],["root","main"],["b121"]],["Unannotate",["b121"],["meta_schedule.unroll_explicit"],[]],["GetChildBlocks",["b121"],[],["b122","b123","b124","b125","b126"]],["GetLoops",["b122"],[],["l127","l128","l129","l130","l131","l132","l133"]],["Annotate",["l127",1024],["pragma_auto_unroll_max_step"],[]],["Annotate",["l127",1],["pragma_unroll_explicit"],[]],["GetLoops",["b123"],[],["l134","l135","l136","l137","l138","l139","l140"]],["Annotate",["l134",1024],["pragma_auto_unroll_max_step"],[]],["Annotate",["l134",1],["pragma_unroll_explicit"],[]],["GetLoops",["b124"],[],["l141","l142","l143","l144","l145","l146","l147","l148","l149","l150","l151","l152","l153","l154","l155","l156","l157"]],["Annotate",["l141",1024],["pragma_auto_unroll_max_step"],[]],["Annotate",["l141",1],["pragma_unroll_explicit"],[]],["GetLoops",["b125"],[],["l158","l159","l160","l161","l162","l163","l164"]],["Annotate",["l158",1024],["pragma_auto_unroll_max_step"],[]],["Annotate",["l158",1],["pragma_unroll_explicit"],[]],["GetLoops",["b126"],[],["l165","l166","l167"]],["Annotate",["l165",1024],["pragma_auto_unroll_max_step"],[]],["Annotate",["l165",1],["pragma_unroll_explicit"],[]],["GetBlock",[],["DepthwiseConv2d","main"],["b168"]],["GetLoops",["b168"],[],["l169","l170","l171","l172","l173","l174","l175","l176","l177","l178","l179","l180","l181","l182","l183","l184","l185"]],["DecomposeReduction",["b168","l172"],[],["b186"]]],[[12,[1,1,2,2,1]],[14,[3,1,5,1,1]],[16,[5,1,3,1,1]],[18,[5,2,12,1,4]],[20,[3,1,1]],[22,[3,1,1]],[39,0],[45,0],[54,4]]],[0],{"arch":"sm_70","keys":["cuda","gpu"],"kind":"cuda","max_num_threads":1024,"max_shared_memory_per_block":49152,"max_threads_per_block":1024,"registers_per_block":65536,"tag":"","thread_warp_size":32},[["TENSOR","float32",[4,15,15,480]],["TENSOR","float32",[3,3,480,1]],["TENSOR","float32",[1,1,1,480]],["TENSOR","float32",[4,15,15,480]]]]]
[0,[[[["GetBlock",[],["PaddedInput","main"],["b0"]],["GetBlock",[],["DepthwiseConv2d","main"],["b1"]],["GetBlock",[],["T_add","main"],["b2"]],["GetBlock",[],["compile_engine_const","main"],["b3"]],["GetBlock",[],["T_add_1","main"],["b4"]],["GetBlock",[],["compute","main"],["b5"]],["GetBlock",[],["compile_engine_const_1","main"],["b6"]],["GetBlock",[],["T_divide","main"],["b7"]],["GetBlock",[],["T_multiply","main"],["b8"]],["GetBlock",[],["root","main"],["b9"]],["Annotate",["b1","\"SSSRRSRS\""],["meta_schedule.tiling_structure"],[]],["GetLoops",["b1"],[],["l10","l11","l12","l13","l14","l15"]],["SamplePerfectTile",["l10"],[5,64],["v16","v17","v18","v19","v20"]],["Split",["l10","v16","v17","v18","v19","v20"],[1],["l21","l22","l23","l24","l25"]],["SamplePerfectTile",["l11"],[5,64],["v26","v27","v28","v29","v30"]],["Split",["l11","v26","v27","v28","v29","v30"],[1],["l31","l32","l33","l34","l35"]],["SamplePerfectTile",["l12"],[5,64],["v36","v37","v38","v39","v40"]],["Split",["l12","v36","v37","v38","v39","v40"],[1],["l41","l42","l43","l44","l45"]],["SamplePerfectTile",["l13"],[5,64],["v46","v47","v48","v49","v50"]],["Split",["l13","v46","v47","v48","v49","v50"],[1],["l51","l52","l53","l54","l55"]],["SamplePerfectTile",["l14"],[3,64],["v56","v57","v58"]],["Split",["l14","v56","v57","v58"],[1],["l59","l60","l61"]],["SamplePerfectTile",["l15"],[3,64],["v62","v63","v64"]],["Split",["l15","v62","v63","v64"],[1],["l65","l66","l67"]],["Reorder",["l21","l31","l41","l51","l22","l32","l42","l52","l23","l33","l43","l53","l59","l65","l60","l66","l24","l34","l44","l54","l61","l67","l25","l35","l45","l55"],[],[]],["Fuse",["l21","l31","l41","l51"],[1],["l68"]],["Bind",["l68"],["blockIdx.x"],[]],["Fuse",["l22","l32","l42","l52"],[1],["l69"]],["Bind",["l69"],["vthread.x"],[]],["Fuse",["l23","l33","l43","l53"],[1],["l70"]],["Bind",["l70"],["threadIdx.x"],[]],["Annotate",["b1",32],["meta_schedule.thread_extent_low_inclusive"],[]],["Annotate",["b1",1024],["meta_schedule.thread_extent_high_inclusive"],[]],["CacheWrite",["b1",[]],[0,"local"],["b71"]],["ReverseComputeAt",["b71","l70"],[1,-1],[]],["CacheRead",["b1",["b1"]],[0,"shared"],["b72"]],["ComputeAt",["b72","l65"],[1,-1],[]],["GetLoops",["b72"],[],["l73","l74","l75","l76","l77","l78","l79","l80","l81"]],["Fuse",["l78","l79","l80","l81"],[1],["l82"]],["SampleCategorical",[],[[1,2,3,4],[0.25,0.25,0.25,0.25]],["v83"]],["Annotate",["b72","v83"],["meta_schedule.cooperative_fetch"],[]],["CacheRead",["b1",["b1"]],[1,"shared"],["b84"]],["ComputeAt",["b84","l65"],[1,-1],[]],["GetLoops",["b84"],[],["l85","l86","l87","l88","l89","l90","l91","l92","l93"]],["Fuse",["l90","l91","l92","l93"],[1],["l94"]],["SampleCategorical",[],[[1,2,3,4],[0.25,0.25,0.25,0.25]],["v95"]],["Annotate",["b84","v95"],["meta_schedule.cooperative_fetch"],[]],["ComputeInline",["b6"],[],[]],["ComputeInline",["b3"],[],[]],["ComputeInline",["b7"],[],[]],["ComputeInline",["b5"],[],[]],["ComputeInline",["b4"],[],[]],["ComputeInline",["b2"],[],[]],["ComputeInline",["b0"],[],[]],["SampleCategorical",[],[[0,16,64,512,1024],[0.2000000000000000111,0.2000000000000000111,0.2000000000000000111,0.2000000000000000111,0.2000000000000000111]],["v96"]],["Annotate",["b9","v96"],["meta_schedule.unroll_explicit"],[]],["GetLoops",["b8"],[],["l97","l98","l99","l100"]],["Fuse",["l97","l98","l99","l100"],[1],["l101"]],["Split",["l101","None",256,1024],[1],["l102","l103","l104"]],["Reorder",["l103","l104","l102"],[],[]],["Bind",["l103"],["blockIdx.x"],[]],["Bind",["l104"],["threadIdx.x"],[]],["EnterPostproc",[],[],[]],["Unannotate",["b72"],["meta_schedule.cooperative_fetch"],[]],["GetLoops",["b72"],[],["l105","l106","l107","l108","l109","l110"]],["Split",["l110","None",45,2],[1],["l111","l112","l113"]],["Vectorize",["l113"],[],[]],["Bind",["l112"],["threadIdx.x"],[]],["Unannotate",["b84"],["meta_schedule.cooperative_fetch"],[]],["GetLoops",["b84"],[],["l114","l115","l116","l117","l118","l119"]],["Split",["l119","None",45,2],[1],["l120","l121","l122"]],["Vectorize",["l122"],[],[]],["Bind",["l121"],["threadIdx.x"],[]],["GetBlock",[],["root","main"],["b123"]],["Unannotate",["b123"],["meta_schedule.unroll_explicit"],[]],["GetChildBlocks",["b123"],[],["b124","b125","b126","b127","b128"]],["GetLoops",["b124"],[],["l129","l130","l131","l132","l133","l134","l135","l136"]],["Annotate",["l129",1024],["pragma_auto_unroll_max_step"],[]],["Annotate",["l129",1],["pragma_unroll_explicit"],[]],["GetLoops",["b125"],[],["l137","l138","l139","l140","l141","l142","l143","l144"]],["Annotate",["l137",1024],["pragma_auto_unroll_max_step"],[]],["Annotate",["l137",1],["pragma_unroll_explicit"],[]],["GetLoops",["b126"],[],["l145","l146","l147","l148","l149","l150","l151","l152","l153","l154","l155","l156","l157","l158","l159","l160","l161"]],["Annotate",["l145",1024],["pragma_auto_unroll_max_step"],[]],["Annotate",["l145",1],["pragma_unroll_explicit"],[]],["GetLoops",["b127"],[],["l162","l163","l164","l165","l166","l167","l168"]],["Annotate",["l162",1024],["pragma_auto_unroll_max_step"],[]],["Annotate",["l162",1],["pragma_unroll_explicit"],[]],["GetLoops",["b128"],[],["l169","l170","l171"]],["Annotate",["l169",1024],["pragma_auto_unroll_max_step"],[]],["Annotate",["l169",1],["pragma_unroll_explicit"],[]],["GetBlock",[],["DepthwiseConv2d","main"],["b172"]],["GetLoops",["b172"],[],["l173","l174","l175","l176","l177","l178","l179","l180","l181","l182","l183","l184","l185","l186","l187","l188","l189"]],["DecomposeReduction",["b172","l176"],[],["b190"]]],[[12,[4,1,1,1,1]],[14,[5,1,1,3,1]],[16,[1,1,15,1,1]],[18,[8,1,3,5,4]],[20,[3,1,1]],[22,[3,1,1]],[39,1],[45,1],[54,4]]],[0],{"arch":"sm_70","keys":["cuda","gpu"],"kind":"cuda","max_num_threads":1024,"max_shared_memory_per_block":49152,"max_threads_per_block":1024,"registers_per_block":65536,"tag":"","thread_warp_size":32},[["TENSOR","float32",[4,15,15,480]],["TENSOR","float32",[3,3,480,1]],["TENSOR","float32",[1,1,1,480]],["TENSOR","float32",[4,15,15,480]]]]]
[0,[[[["GetBlock",[],["PaddedInput","main"],["b0"]],["GetBlock",[],["DepthwiseConv2d","main"],["b1"]],["GetBlock",[],["T_add","main"],["b2"]],["GetBlock",[],["compile_engine_const","main"],["b3"]],["GetBlock",[],["T_add_1","main"],["b4"]],["GetBlock",[],["compute","main"],["b5"]],["GetBlock",[],["compile_engine_const_1","main"],["b6"]],["GetBlock",[],["T_divide","main"],["b7"]],["GetBlock",[],["T_multiply","main"],["b8"]],["GetBlock",[],["root","main"],["b9"]],["Annotate",["b1","\"SSSRRSRS\""],["meta_schedule.tiling_structure"],[]],["GetLoops",["b1"],[],["l10","l11","l12","l13","l14","l15"]],["SamplePerfectTile",["l10"],[5,64],["v16","v17","v18","v19","v20"]],["Split",["l10","v16","v17","v18","v19","v20"],[1],["l21","l22","l23","l24","l25"]],["SamplePerfectTile",["l11"],[5,64],["v26","v27","v28","v29","v30"]],["Split",["l11","v26","v27","v28","v29","v30"],[1],["l31","l32","l33","l34","l35"]],["SamplePerfectTile",["l12"],[5,64],["v36","v37","v38","v39","v40"]],["Split",["l12","v36","v37","v38","v39","v40"],[1],["l41","l42","l43","l44","l45"]],["SamplePerfectTile",["l13"],[5,64],["v46","v47","v48","v49","v50"]],["Split",["l13","v46","v47","v48","v49","v50"],[1],["l51","l52","l53","l54","l55"]],["SamplePerfectTile",["l14"],[3,64],["v56","v57","v58"]],["Split",["l14","v56","v57","v58"],[1],["l59","l60","l61"]],["SamplePerfectTile",["l15"],[3,64],["v62","v63","v64"]],["Split",["l15","v62","v63","v64"],[1],["l65","l66","l67"]],["Reorder",["l21","l31","l41","l51","l22","l32","l42","l52","l23","l33","l43","l53","l59","l65","l60","l66","l24","l34","l44","l54","l61","l67","l25","l35","l45","l55"],[],[]],["Fuse",["l21","l31","l41","l51"],[1],["l68"]],["Bind",["l68"],["blockIdx.x"],[]],["Fuse",["l22","l32","l42","l52"],[1],["l69"]],["Bind",["l69"],["vthread.x"],[]],["Fuse",["l23","l33","l43","l53"],[1],["l70"]],["Bind",["l70"],["threadIdx.x"],[]],["Annotate",["b1",32],["meta_schedule.thread_extent_low_inclusive"],[]],["Annotate",["b1",1024],["meta_schedule.thread_extent_high_inclusive"],[]],["CacheWrite",["b1",[]],[0,"local"],["b71"]],["ReverseComputeAt",["b71","l70"],[1,-1],[]],["CacheRead",["b1",["b1"]],[0,"shared"],["b72"]],["ComputeAt",["b72","l65"],[1,-1],[]],["GetLoops",["b72"],[],["l73","l74","l75","l76","l77","l78","l79","l80","l81"]],["Fuse",["l78","l79","l80","l81"],[1],["l82"]],["SampleCategorical",[],[[1,2,3,4],[0.25,0.25,0.25,0.25]],["v83"]],["Annotate",["b72","v83"],["meta_schedule.cooperative_fetch"],[]],["CacheRead",["b1",["b1"]],[1,"shared"],["b84"]],["ComputeAt",["b84","l65"],[1,-1],[]],["GetLoops",["b84"],[],["l85","l86","l87","l88","l89","l90","l91","l92","l93"]],["Fuse",["l90","l91","l92","l93"],[1],["l94"]],["SampleCategorical",[],[[1,2,3,4],[0.25,0.25,0.25,0.25]],["v95"]],["Annotate",["b84","v95"],["meta_schedule.cooperative_fetch"],[]],["ComputeInline",["b6"],[],[]],["ComputeInline",["b3"],[],[]],["ComputeInline",["b7"],[],[]],["ComputeInline",["b5"],[],[]],["ComputeInline",["b4"],[],[]],["ComputeInline",["b2"],[],[]],["ComputeInline",["b0"],[],[]],["SampleCategorical",[],[[0,16,64,512,1024],[0.2000000000000000111,0.2000000000000000111,0.2000000000000000111,0.2000000000000000111,0.2000000000000000111]],["v96"]],["Annotate",["b9","v96"],["meta_schedule.unroll_explicit"],[]],["GetLoops",["b8"],[],["l97","l98","l99","l100"]],["Fuse",["l97","l98","l99","l100"],[1],["l101"]],["Split",["l101","None",256,1024],[1],["l102","l103","l104"]],["Reorder",["l103","l104","l102"],[],[]],["Bind",["l103"],["blockIdx.x"],[]],["Bind",["l104"],["threadIdx.x"],[]],["EnterPostproc",[],[],[]],["Unannotate",["b72"],["meta_schedule.cooperative_fetch"],[]],["GetLoops",["b72"],[],["l105","l106","l107","l108","l109","l110"]],["Split",["l110","None",50],[1],["l111","l112"]],["Bind",["l112"],["threadIdx.x"],[]],["Unannotate",["b84"],["meta_schedule.cooperative_fetch"],[]],["GetLoops",["b84"],[],["l113","l114","l115","l116","l117","l118"]],["Split",["l118","None",50],[1],["l119","l120"]],["Bind",["l120"],["threadIdx.x"],[]],["GetBlock",[],["root","main"],["b121"]],["Unannotate",["b121"],["meta_schedule.unroll_explicit"],[]],["GetChildBlocks",["b121"],[],["b122","b123","b124","b125","b126"]],["GetLoops",["b122"],[],["l127","l128","l129","l130","l131","l132","l133"]],["Annotate",["l127",16],["pragma_auto_unroll_max_step"],[]],["Annotate",["l127",1],["pragma_unroll_explicit"],[]],["GetLoops",["b123"],[],["l134","l135","l136","l137","l138","l139","l140"]],["Annotate",["l134",16],["pragma_auto_unroll_max_step"],[]],["Annotate",["l134",1],["pragma_unroll_explicit"],[]],["GetLoops",["b124"],[],["l141","l142","l143","l144","l145","l146","l147","l148","l149","l150","l151","l152","l153","l154","l155","l156","l157"]],["Annotate",["l141",16],["pragma_auto_unroll_max_step"],[]],["Annotate",["l141",1],["pragma_unroll_explicit"],[]],["GetLoops",["b125"],[],["l158","l159","l160","l161","l162","l163","l164"]],["Annotate",["l158",16],["pragma_auto_unroll_max_step"],[]],["Annotate",["l158",1],["pragma_unroll_explicit"],[]],["GetLoops",["b126"],[],["l165","l166","l167"]],["Annotate",["l165",16],["pragma_auto_unroll_max_step"],[]],["Annotate",["l165",1],["pragma_unroll_explicit"],[]],["GetBlock",[],["DepthwiseConv2d","main"],["b168"]],["GetLoops",["b168"],[],["l169","l170","l171","l172","l173","l174","l175","l176","l177","l178","l179","l180","l181","l182","l183","l184","l185"]],["DecomposeReduction",["b168","l172"],[],["b186"]]],[[12,[1,1,2,1,2]],[14,[3,1,5,1,1]],[16,[5,1,1,1,3]],[18,[12,1,5,4,2]],[20,[1,1,3]],[22,[3,1,1]],[39,0],[45,0],[54,1]]],[0],{"arch":"sm_70","keys":["cuda","gpu"],"kind":"cuda","max_num_threads":1024,"max_shared_memory_per_block":49152,"max_threads_per_block":1024,"registers_per_block":65536,"tag":"","thread_warp_size":32},[["TENSOR","float32",[4,15,15,480]],["TENSOR","float32",[3,3,480,1]],["TENSOR","float32",[1,1,1,480]],["TENSOR","float32",[4,15,15,480]]]]]
[0,[[[["GetBlock",[],["PaddedInput","main"],["b0"]],["GetBlock",[],["DepthwiseConv2d","main"],["b1"]],["GetBlock",[],["T_add","main"],["b2"]],["GetBlock",[],["compile_engine_const","main"],["b3"]],["GetBlock",[],["T_add_1","main"],["b4"]],["GetBlock",[],["compute","main"],["b5"]],["GetBlock",[],["compile_engine_const_1","main"],["b6"]],["GetBlock",[],["T_divide","main"],["b7"]],["GetBlock",[],["T_multiply","main"],["b8"]],["GetBlock",[],["root","main"],["b9"]],["Annotate",["b1","\"SSSRRSRS\""],["meta_schedule.tiling_structure"],[]],["GetLoops",["b1"],[],["l10","l11","l12","l13","l14","l15"]],["SamplePerfectTile",["l10"],[5,64],["v16","v17","v18","v19","v20"]],["Split",["l10","v16","v17","v18","v19","v20"],[1],["l21","l22","l23","l24","l25"]],["SamplePerfectTile",["l11"],[5,64],["v26","v27","v28","v29","v30"]],["Split",["l11","v26","v27","v28","v29","v30"],[1],["l31","l32","l33","l34","l35"]],["SamplePerfectTile",["l12"],[5,64],["v36","v37","v38","v39","v40"]],["Split",["l12","v36","v37","v38","v39","v40"],[1],["l41","l42","l43","l44","l45"]],["SamplePerfectTile",["l13"],[5,64],["v46","v47","v48","v49","v50"]],["Split",["l13","v46","v47","v48","v49","v50"],[1],["l51","l52","l53","l54","l55"]],["SamplePerfectTile",["l14"],[3,64],["v56","v57","v58"]],["Split",["l14","v56","v57","v58"],[1],["l59","l60","l61"]],["SamplePerfectTile",["l15"],[3,64],["v62","v63","v64"]],["Split",["l15","v62","v63","v64"],[1],["l65","l66","l67"]],["Reorder",["l21","l31","l41","l51","l22","l32","l42","l52","l23","l33","l43","l53","l59","l65","l60","l66","l24","l34","l44","l54","l61","l67","l25","l35","l45","l55"],[],[]],["Fuse",["l21","l31","l41","l51"],[1],["l68"]],["Bind",["l68"],["blockIdx.x"],[]],["Fuse",["l22","l32","l42","l52"],[1],["l69"]],["Bind",["l69"],["vthread.x"],[]],["Fuse",["l23","l33","l43","l53"],[1],["l70"]],["Bind",["l70"],["threadIdx.x"],[]],["Annotate",["b1",32],["meta_schedule.thread_extent_low_inclusive"],[]],["Annotate",["b1",1024],["meta_schedule.thread_extent_high_inclusive"],[]],["CacheWrite",["b1",[]],[0,"local"],["b71"]],["ReverseComputeAt",["b71","l70"],[1,-1],[]],["CacheRead",["b1",["b1"]],[0,"shared"],["b72"]],["ComputeAt",["b72","l65"],[1,-1],[]],["GetLoops",["b72"],[],["l73","l74","l75","l76","l77","l78","l79","l80","l81"]],["Fuse",["l78","l79","l80","l81"],[1],["l82"]],["SampleCategorical",[],[[1,2,3,4],[0.25,0.25,0.25,0.25]],["v83"]],["Annotate",["b72","v83"],["meta_schedule.cooperative_fetch"],[]],["CacheRead",["b1",["b1"]],[1,"shared"],["b84"]],["ComputeAt",["b84","l65"],[1,-1],[]],["GetLoops",["b84"],[],["l85","l86","l87","l88","l89","l90","l91","l92","l93"]],["Fuse",["l90","l91","l92","l93"],[1],["l94"]],["SampleCategorical",[],[[1,2,3,4],[0.25,0.25,0.25,0.25]],["v95"]],["Annotate",["b84","v95"],["meta_schedule.cooperative_fetch"],[]],["ComputeInline",["b6"],[],[]],["ComputeInline",["b3"],[],[]],["ComputeInline",["b7"],[],[]],["ComputeInline",["b5"],[],[]],["ComputeInline",["b4"],[],[]],["ComputeInline",["b2"],[],[]],["ComputeInline",["b0"],[],[]],["SampleCategorical",[],[[0,16,64,512,1024],[0.2000000000000000111,0.2000000000000000111,0.2000000000000000111,0.2000000000000000111,0.2000000000000000111]],["v96"]],["Annotate",["b9","v96"],["meta_schedule.unroll_explicit"],[]],["GetLoops",["b8"],[],["l97","l98","l99","l100"]],["Fuse",["l97","l98","l99","l100"],[1],["l101"]],["Split",["l101","None",256,1024],[1],["l102","l103","l104"]],["Reorder",["l103","l104","l102"],[],[]],["Bind",["l103"],["blockIdx.x"],[]],["Bind",["l104"],["threadIdx.x"],[]],["EnterPostproc",[],[],[]],["Unannotate",["b72"],["meta_schedule.cooperative_fetch"],[]],["GetLoops",["b72"],[],["l105","l106","l107","l108","l109","l110"]],["Split",["l110","None",32],[1],["l111","l112"]],["Bind",["l112"],["threadIdx.x"],[]],["Unannotate",["b84"],["meta_schedule.cooperative_fetch"],[]],["GetLoops",["b84"],[],["l113","l114","l115","l116","l117","l118"]],["Split",["l118","None",32],[1],["l119","l120"]],["Bind",["l120"],["threadIdx.x"],[]],["GetBlock",[],["root","main"],["b121"]],["Unannotate",["b121"],["meta_schedule.unroll_explicit"],[]],["GetChildBlocks",["b121"],[],["b122","b123","b124","b125","b126"]],["GetLoops",["b122"],[],["l127","l128","l129","l130","l131","l132","l133"]],["Annotate",["l127",1024],["pragma_auto_unroll_max_step"],[]],["Annotate",["l127",1],["pragma_unroll_explicit"],[]],["GetLoops",["b123"],[],["l134","l135","l136","l137","l138","l139","l140"]],["Annotate",["l134",1024],["pragma_auto_unroll_max_step"],[]],["Annotate",["l134",1],["pragma_unroll_explicit"],[]],["GetLoops",["b124"],[],["l141","l142","l143","l144","l145","l146","l147","l148","l149","l150","l151","l152","l153","l154","l155","l156","l157"]],["Annotate",["l141",1024],["pragma_auto_unroll_max_step"],[]],["Annotate",["l141",1],["pragma_unroll_explicit"],[]],["GetLoops",["b125"],[],["l158","l159","l160","l161","l162","l163","l164"]],["Annotate",["l158",1024],["pragma_auto_unroll_max_step"],[]],["Annotate",["l158",1],["pragma_unroll_explicit"],[]],["GetLoops",["b126"],[],["l165","l166","l167"]],["Annotate",["l165",1024],["pragma_auto_unroll_max_step"],[]],["Annotate",["l165",1],["pragma_unroll_explicit"],[]],["GetBlock",[],["DepthwiseConv2d","main"],["b168"]],["GetLoops",["b168"],[],["l169","l170","l171","l172","l173","l174","l175","l176","l177","l178","l179","l180","l181","l182","l183","l184","l185"]],["DecomposeReduction",["b168","l172"],[],["b186"]]],[[12,[1,1,1,4,1]],[14,[5,1,1,3,1]],[16,[5,1,1,3,1]],[18,[15,1,32,1,1]],[20,[1,3,1]],[22,[3,1,1]],[39,0],[45,0],[54,4]]],[0],{"arch":"sm_70","keys":["cuda","gpu"],"kind":"cuda","max_num_threads":1024,"max_shared_memory_per_block":49152,"max_threads_per_block":1024,"registers_per_block":65536,"tag":"","thread_warp_size":32},[["TENSOR","float32",[4,15,15,480]],["TENSOR","float32",[3,3,480,1]],["TENSOR","float32",[1,1,1,480]],["TENSOR","float32",[4,15,15,480]]]]]
[0,[[[["GetBlock",[],["PaddedInput","main"],["b0"]],["GetBlock",[],["DepthwiseConv2d","main"],["b1"]],["GetBlock",[],["T_add","main"],["b2"]],["GetBlock",[],["compile_engine_const","main"],["b3"]],["GetBlock",[],["T_add_1","main"],["b4"]],["GetBlock",[],["compute","main"],["b5"]],["GetBlock",[],["compile_engine_const_1","main"],["b6"]],["GetBlock",[],["T_divide","main"],["b7"]],["GetBlock",[],["T_multiply","main"],["b8"]],["GetBlock",[],["root","main"],["b9"]],["Annotate",["b1","\"SSSRRSRS\""],["meta_schedule.tiling_structure"],[]],["GetLoops",["b1"],[],["l10","l11","l12","l13","l14","l15"]],["SamplePerfectTile",["l10"],[5,64],["v16","v17","v18","v19","v20"]],["Split",["l10","v16","v17","v18","v19","v20"],[1],["l21","l22","l23","l24","l25"]],["SamplePerfectTile",["l11"],[5,64],["v26","v27","v28","v29","v30"]],["Split",["l11","v26","v27","v28","v29","v30"],[1],["l31","l32","l33","l34","l35"]],["SamplePerfectTile",["l12"],[5,64],["v36","v37","v38","v39","v40"]],["Split",["l12","v36","v37","v38","v39","v40"],[1],["l41","l42","l43","l44","l45"]],["SamplePerfectTile",["l13"],[5,64],["v46","v47","v48","v49","v50"]],["Split",["l13","v46","v47","v48","v49","v50"],[1],["l51","l52","l53","l54","l55"]],["SamplePerfectTile",["l14"],[3,64],["v56","v57","v58"]],["Split",["l14","v56","v57","v58"],[1],["l59","l60","l61"]],["SamplePerfectTile",["l15"],[3,64],["v62","v63","v64"]],["Split",["l15","v62","v63","v64"],[1],["l65","l66","l67"]],["Reorder",["l21","l31","l41","l51","l22","l32","l42","l52","l23","l33","l43","l53","l59","l65","l60","l66","l24","l34","l44","l54","l61","l67","l25","l35","l45","l55"],[],[]],["Fuse",["l21","l31","l41","l51"],[1],["l68"]],["Bind",["l68"],["blockIdx.x"],[]],["Fuse",["l22","l32","l42","l52"],[1],["l69"]],["Bind",["l69"],["vthread.x"],[]],["Fuse",["l23","l33","l43","l53"],[1],["l70"]],["Bind",["l70"],["threadIdx.x"],[]],["Annotate",["b1",32],["meta_schedule.thread_extent_low_inclusive"],[]],["Annotate",["b1",1024],["meta_schedule.thread_extent_high_inclusive"],[]],["CacheWrite",["b1",[]],[0,"local"],["b71"]],["ReverseComputeAt",["b71","l70"],[1,-1],[]],["CacheRead",["b1",["b1"]],[0,"shared"],["b72"]],["ComputeAt",["b72","l65"],[1,-1],[]],["GetLoops",["b72"],[],["l73","l74","l75","l76","l77","l78","l79","l80","l81"]],["Fuse",["l78","l79","l80","l81"],[1],["l82"]],["SampleCategorical",[],[[1,2,3,4],[0.25,0.25,0.25,0.25]],["v83"]],["Annotate",["b72","v83"],["meta_schedule.cooperative_fetch"],[]],["CacheRead",["b1",["b1"]],[1,"shared"],["b84"]],["ComputeAt",["b84","l65"],[1,-1],[]],["GetLoops",["b84"],[],["l85","l86","l87","l88","l89","l90","l91","l92","l93"]],["Fuse",["l90","l91","l92","l93"],[1],["l94"]],["SampleCategorical",[],[[1,2,3,4],[0.25,0.25,0.25,0.25]],["v95"]],["Annotate",["b84","v95"],["meta_schedule.cooperative_fetch"],[]],["ComputeInline",["b6"],[],[]],["ComputeInline",["b3"],[],[]],["ComputeInline",["b7"],[],[]],["ComputeInline",["b5"],[],[]],["ComputeInline",["b4"],[],[]],["ComputeInline",["b2"],[],[]],["ComputeInline",["b0"],[],[]],["SampleCategorical",[],[[0,16,64,512,1024],[0.2000000000000000111,0.2000000000000000111,0.2000000000000000111,0.2000000000000000111,0.2000000000000000111]],["v96"]],["Annotate",["b9","v96"],["meta_schedule.unroll_explicit"],[]],["GetLoops",["b8"],[],["l97","l98","l99","l100"]],["Fuse",["l97","l98","l99","l100"],[1],["l101"]],["Split",["l101","None",256,1024],[1],["l102","l103","l104"]],["Reorder",["l103","l104","l102"],[],[]],["Bind",["l103"],["blockIdx.x"],[]],["Bind",["l104"],["threadIdx.x"],[]],["EnterPostproc",[],[],[]],["Unannotate",["b72"],["meta_schedule.cooperative_fetch"],[]],["GetLoops",["b72"],[],["l105","l106","l107","l108","l109","l110"]],["Split",["l110","None",48,2],[1],["l111","l112","l113"]],["Vectorize",["l113"],[],[]],["Bind",["l112"],["threadIdx.x"],[]],["Unannotate",["b84"],["meta_schedule.cooperative_fetch"],[]],["GetLoops",["b84"],[],["l114","l115","l116","l117","l118","l119"]],["Split",["l119","None",48,2],[1],["l120","l121","l122"]],["Vectorize",["l122"],[],[]],["Bind",["l121"],["threadIdx.x"],[]],["GetBlock",[],["root","main"],["b123"]],["Unannotate",["b123"],["meta_schedule.unroll_explicit"],[]],["GetChildBlocks",["b123"],[],["b124","b125","b126","b127","b128"]],["GetLoops",["b124"],[],["l129","l130","l131","l132","l133","l134","l135","l136"]],["Annotate",["l129",16],["pragma_auto_unroll_max_step"],[]],["Annotate",["l129",1],["pragma_unroll_explicit"],[]],["GetLoops",["b125"],[],["l137","l138","l139","l140","l141","l142","l143","l144"]],["Annotate",["l137",16],["pragma_auto_unroll_max_step"],[]],["Annotate",["l137",1],["pragma_unroll_explicit"],[]],["GetLoops",["b126"],[],["l145","l146","l147","l148","l149","l150","l151","l152","l153","l154","l155","l156","l157","l158","l159","l160","l161"]],["Annotate",["l145",16],["pragma_auto_unroll_max_step"],[]],["Annotate",["l145",1],["pragma_unroll_explicit"],[]],["GetLoops",["b127"],[],["l162","l163","l164","l165","l166","l167","l168"]],["Annotate",["l162",16],["pragma_auto_unroll_max_step"],[]],["Annotate",["l162",1],["pragma_unroll_explicit"],[]],["GetLoops",["b128"],[],["l169","l170","l171"]],["Annotate",["l169",16],["pragma_auto_unroll_max_step"],[]],["Annotate",["l169",1],["pragma_unroll_explicit"],[]],["GetBlock",[],["DepthwiseConv2d","main"],["b172"]],["GetLoops",["b172"],[],["l173","l174","l175","l176","l177","l178","l179","l180","l181","l182","l183","l184","l185","l186","l187","l188","l189"]],["DecomposeReduction",["b172","l176"],[],["b190"]]],[[12,[1,1,2,1,2]],[14,[5,1,3,1,1]],[16,[5,1,1,3,1]],[18,[5,4,8,3,1]],[20,[3,1,1]],[22,[3,1,1]],[39,1],[45,1],[54,1]]],[0],{"arch":"sm_70","keys":["cuda","gpu"],"kind":"cuda","max_num_threads":1024,"max_shared_memory_per_block":49152,"max_threads_per_block":1024,"registers_per_block":65536,"tag":"","thread_warp_size":32},[["TENSOR","float32",[4,15,15,480]],["TENSOR","float32",[3,3,480,1]],["TENSOR","float32",[1,1,1,480]],["TENSOR","float32",[4,15,15,480]]]]]
[0,[[[["GetBlock",[],["PaddedInput","main"],["b0"]],["GetBlock",[],["DepthwiseConv2d","main"],["b1"]],["GetBlock",[],["T_add","main"],["b2"]],["GetBlock",[],["compile_engine_const","main"],["b3"]],["GetBlock",[],["T_add_1","main"],["b4"]],["GetBlock",[],["compute","main"],["b5"]],["GetBlock",[],["compile_engine_const_1","main"],["b6"]],["GetBlock",[],["T_divide","main"],["b7"]],["GetBlock",[],["T_multiply","main"],["b8"]],["GetBlock",[],["root","main"],["b9"]],["Annotate",["b1","\"SSSRRSRS\""],["meta_schedule.tiling_structure"],[]],["GetLoops",["b1"],[],["l10","l11","l12","l13","l14","l15"]],["SamplePerfectTile",["l10"],[5,64],["v16","v17","v18","v19","v20"]],["Split",["l10","v16","v17","v18","v19","v20"],[1],["l21","l22","l23","l24","l25"]],["SamplePerfectTile",["l11"],[5,64],["v26","v27","v28","v29","v30"]],["Split",["l11","v26","v27","v28","v29","v30"],[1],["l31","l32","l33","l34","l35"]],["SamplePerfectTile",["l12"],[5,64],["v36","v37","v38","v39","v40"]],["Split",["l12","v36","v37","v38","v39","v40"],[1],["l41","l42","l43","l44","l45"]],["SamplePerfectTile",["l13"],[5,64],["v46","v47","v48","v49","v50"]],["Split",["l13","v46","v47","v48","v49","v50"],[1],["l51","l52","l53","l54","l55"]],["SamplePerfectTile",["l14"],[3,64],["v56","v57","v58"]],["Split",["l14","v56","v57","v58"],[1],["l59","l60","l61"]],["SamplePerfectTile",["l15"],[3,64],["v62","v63","v64"]],["Split",["l15","v62","v63","v64"],[1],["l65","l66","l67"]],["Reorder",["l21","l31","l41","l51","l22","l32","l42","l52","l23","l33","l43","l53","l59","l65","l60","l66","l24","l34","l44","l54","l61","l67","l25","l35","l45","l55"],[],[]],["Fuse",["l21","l31","l41","l51"],[1],["l68"]],["Bind",["l68"],["blockIdx.x"],[]],["Fuse",["l22","l32","l42","l52"],[1],["l69"]],["Bind",["l69"],["vthread.x"],[]],["Fuse",["l23","l33","l43","l53"],[1],["l70"]],["Bind",["l70"],["threadIdx.x"],[]],["Annotate",["b1",32],["meta_schedule.thread_extent_low_inclusive"],[]],["Annotate",["b1",1024],["meta_schedule.thread_extent_high_inclusive"],[]],["CacheWrite",["b1",[]],[0,"local"],["b71"]],["ReverseComputeAt",["b71","l70"],[1,-1],[]],["CacheRead",["b1",["b1"]],[0,"shared"],["b72"]],["ComputeAt",["b72","l65"],[1,-1],[]],["GetLoops",["b72"],[],["l73","l74","l75","l76","l77","l78","l79","l80","l81"]],["Fuse",["l78","l79","l80","l81"],[1],["l82"]],["SampleCategorical",[],[[1,2,3,4],[0.25,0.25,0.25,0.25]],["v83"]],["Annotate",["b72","v83"],["meta_schedule.cooperative_fetch"],[]],["CacheRead",["b1",["b1"]],[1,"shared"],["b84"]],["ComputeAt",["b84","l65"],[1,-1],[]],["GetLoops",["b84"],[],["l85","l86","l87","l88","l89","l90","l91","l92","l93"]],["Fuse",["l90","l91","l92","l93"],[1],["l94"]],["SampleCategorical",[],[[1,2,3,4],[0.25,0.25,0.25,0.25]],["v95"]],["Annotate",["b84","v95"],["meta_schedule.cooperative_fetch"],[]],["ComputeInline",["b6"],[],[]],["ComputeInline",["b3"],[],[]],["ComputeInline",["b7"],[],[]],["ComputeInline",["b5"],[],[]],["ComputeInline",["b4"],[],[]],["ComputeInline",["b2"],[],[]],["ComputeInline",["b0"],[],[]],["SampleCategorical",[],[[0,16,64,512,1024],[0.2000000000000000111,0.2000000000000000111,0.2000000000000000111,0.2000000000000000111,0.2000000000000000111]],["v96"]],["Annotate",["b9","v96"],["meta_schedule.unroll_explicit"],[]],["GetLoops",["b8"],[],["l97","l98","l99","l100"]],["Fuse",["l97","l98","l99","l100"],[1],["l101"]],["Split",["l101","None",256,1024],[1],["l102","l103","l104"]],["Reorder",["l103","l104","l102"],[],[]],["Bind",["l103"],["blockIdx.x"],[]],["Bind",["l104"],["threadIdx.x"],[]],["EnterPostproc",[],[],[]],["Unannotate",["b72"],["meta_schedule.cooperative_fetch"],[]],["GetLoops",["b72"],[],["l105","l106","l107","l108","l109","l110"]],["Split",["l110","None",60,2],[1],["l111","l112","l113"]],["Vectorize",["l113"],[],[]],["Bind",["l112"],["threadIdx.x"],[]],["Unannotate",["b84"],["meta_schedule.cooperative_fetch"],[]],["GetLoops",["b84"],[],["l114","l115","l116","l117","l118","l119"]],["Split",["l119","None",60,2],[1],["l120","l121","l122"]],["Vectorize",["l122"],[],[]],["Bind",["l121"],["threadIdx.x"],[]],["GetBlock",[],["root","main"],["b123"]],["Unannotate",["b123"],["meta_schedule.unroll_explicit"],[]],["GetChildBlocks",["b123"],[],["b124","b125","b126","b127","b128"]],["GetLoops",["b124"],[],["l129","l130","l131","l132","l133","l134","l135","l136"]],["Annotate",["l129",16],["pragma_auto_unroll_max_step"],[]],["Annotate",["l129",1],["pragma_unroll_explicit"],[]],["GetLoops",["b125"],[],["l137","l138","l139","l140","l141","l142","l143","l144"]],["Annotate",["l137",16],["pragma_auto_unroll_max_step"],[]],["Annotate",["l137",1],["pragma_unroll_explicit"],[]],["GetLoops",["b126"],[],["l145","l146","l147","l148","l149","l150","l151","l152","l153","l154","l155","l156","l157","l158","l159","l160","l161"]],["Annotate",["l145",16],["pragma_auto_unroll_max_step"],[]],["Annotate",["l145",1],["pragma_unroll_explicit"],[]],["GetLoops",["b127"],[],["l162","l163","l164","l165","l166","l167","l168"]],["Annotate",["l162",16],["pragma_auto_unroll_max_step"],[]],["Annotate",["l162",1],["pragma_unroll_explicit"],[]],["GetLoops",["b128"],[],["l169","l170","l171"]],["Annotate",["l169",16],["pragma_auto_unroll_max_step"],[]],["Annotate",["l169",1],["pragma_unroll_explicit"],[]],["GetBlock",[],["DepthwiseConv2d","main"],["b172"]],["GetLoops",["b172"],[],["l173","l174","l175","l176","l177","l178","l179","l180","l181","l182","l183","l184","l185","l186","l187","l188","l189"]],["DecomposeReduction",["b172","l176"],[],["b190"]]],[[12,[1,1,2,2,1]],[14,[3,1,5,1,1]],[16,[1,1,3,1,5]],[18,[40,2,2,1,3]],[20,[1,1,3]],[22,[1,3,1]],[39,1],[45,1],[54,1]]],[0],{"arch":"sm_70","keys":["cuda","gpu"],"kind":"cuda","max_num_threads":1024,"max_shared_memory_per_block":49152,"max_threads_per_block":1024,"registers_per_block":65536,"tag":"","thread_warp_size":32},[["TENSOR","float32",[4,15,15,480]],["TENSOR","float32",[3,3,480,1]],["TENSOR","float32",[1,1,1,480]],["TENSOR","float32",[4,15,15,480]]]]]
[0,[[[["GetBlock",[],["PaddedInput","main"],["b0"]],["GetBlock",[],["DepthwiseConv2d","main"],["b1"]],["GetBlock",[],["T_add","main"],["b2"]],["GetBlock",[],["compile_engine_const","main"],["b3"]],["GetBlock",[],["T_add_1","main"],["b4"]],["GetBlock",[],["compute","main"],["b5"]],["GetBlock",[],["compile_engine_const_1","main"],["b6"]],["GetBlock",[],["T_divide","main"],["b7"]],["GetBlock",[],["T_multiply","main"],["b8"]],["GetBlock",[],["root","main"],["b9"]],["Annotate",["b1","\"SSSRRSRS\""],["meta_schedule.tiling_structure"],[]],["GetLoops",["b1"],[],["l10","l11","l12","l13","l14","l15"]],["SamplePerfectTile",["l10"],[5,64],["v16","v17","v18","v19","v20"]],["Split",["l10","v16","v17","v18","v19","v20"],[1],["l21","l22","l23","l24","l25"]],["SamplePerfectTile",["l11"],[5,64],["v26","v27","v28","v29","v30"]],["Split",["l11","v26","v27","v28","v29","v30"],[1],["l31","l32","l33","l34","l35"]],["SamplePerfectTile",["l12"],[5,64],["v36","v37","v38","v39","v40"]],["Split",["l12","v36","v37","v38","v39","v40"],[1],["l41","l42","l43","l44","l45"]],["SamplePerfectTile",["l13"],[5,64],["v46","v47","v48","v49","v50"]],["Split",["l13","v46","v47","v48","v49","v50"],[1],["l51","l52","l53","l54","l55"]],["SamplePerfectTile",["l14"],[3,64],["v56","v57","v58"]],["Split",["l14","v56","v57","v58"],[1],["l59","l60","l61"]],["SamplePerfectTile",["l15"],[3,64],["v62","v63","v64"]],["Split",["l15","v62","v63","v64"],[1],["l65","l66","l67"]],["Reorder",["l21","l31","l41","l51","l22","l32","l42","l52","l23","l33","l43","l53","l59","l65","l60","l66","l24","l34","l44","l54","l61","l67","l25","l35","l45","l55"],[],[]],["Fuse",["l21","l31","l41","l51"],[1],["l68"]],["Bind",["l68"],["blockIdx.x"],[]],["Fuse",["l22","l32","l42","l52"],[1],["l69"]],["Bind",["l69"],["vthread.x"],[]],["Fuse",["l23","l33","l43","l53"],[1],["l70"]],["Bind",["l70"],["threadIdx.x"],[]],["Annotate",["b1",32],["meta_schedule.thread_extent_low_inclusive"],[]],["Annotate",["b1",1024],["meta_schedule.thread_extent_high_inclusive"],[]],["CacheWrite",["b1",[]],[0,"local"],["b71"]],["ReverseComputeAt",["b71","l70"],[1,-1],[]],["CacheRead",["b1",["b1"]],[0,"shared"],["b72"]],["ComputeAt",["b72","l65"],[1,-1],[]],["GetLoops",["b72"],[],["l73","l74","l75","l76","l77","l78","l79","l80","l81"]],["Fuse",["l78","l79","l80","l81"],[1],["l82"]],["SampleCategorical",[],[[1,2,3,4],[0.25,0.25,0.25,0.25]],["v83"]],["Annotate",["b72","v83"],["meta_schedule.cooperative_fetch"],[]],["CacheRead",["b1",["b1"]],[1,"shared"],["b84"]],["ComputeAt",["b84","l65"],[1,-1],[]],["GetLoops",["b84"],[],["l85","l86","l87","l88","l89","l90","l91","l92","l93"]],["Fuse",["l90","l91","l92","l93"],[1],["l94"]],["SampleCategorical",[],[[1,2,3,4],[0.25,0.25,0.25,0.25]],["v95"]],["Annotate",["b84","v95"],["meta_schedule.cooperative_fetch"],[]],["ComputeInline",["b6"],[],[]],["ComputeInline",["b3"],[],[]],["ComputeInline",["b7"],[],[]],["ComputeInline",["b5"],[],[]],["ComputeInline",["b4"],[],[]],["ComputeInline",["b2"],[],[]],["ComputeInline",["b0"],[],[]],["SampleCategorical",[],[[0,16,64,512,1024],[0.2000000000000000111,0.2000000000000000111,0.2000000000000000111,0.2000000000000000111,0.2000000000000000111]],["v96"]],["Annotate",["b9","v96"],["meta_schedule.unroll_explicit"],[]],["GetLoops",["b8"],[],["l97","l98","l99","l100"]],["Fuse",["l97","l98","l99","l100"],[1],["l101"]],["Split",["l101","None",256,1024],[1],["l102","l103","l104"]],["Reorder",["l103","l104","l102"],[],[]],["Bind",["l103"],["blockIdx.x"],[]],["Bind",["l104"],["threadIdx.x"],[]],["EnterPostproc",[],[],[]],["Unannotate",["b72"],["meta_schedule.cooperative_fetch"],[]],["GetLoops",["b72"],[],["l105","l106","l107","l108","l109","l110"]],["Split",["l110","None",400,4],[1],["l111","l112","l113"]],["Vectorize",["l113"],[],[]],["Bind",["l112"],["threadIdx.x"],[]],["Unannotate",["b84"],["meta_schedule.cooperative_fetch"],[]],["GetLoops",["b84"],[],["l114","l115","l116","l117","l118","l119"]],["Split",["l119","None",400,4],[1],["l120","l121","l122"]],["Vectorize",["l122"],[],[]],["Bind",["l121"],["threadIdx.x"],[]],["GetBlock",[],["root","main"],["b123"]],["Unannotate",["b123"],["meta_schedule.unroll_explicit"],[]],["GetChildBlocks",["b123"],[],["b124","b125","b126","b127","b128"]],["GetLoops",["b124"],[],["l129","l130","l131","l132","l133","l134","l135","l136"]],["Annotate",["l129",64],["pragma_auto_unroll_max_step"],[]],["Annotate",["l129",1],["pragma_unroll_explicit"],[]],["GetLoops",["b125"],[],["l137","l138","l139","l140","l141","l142","l143","l144"]],["Annotate",["l137",64],["pragma_auto_unroll_max_step"],[]],["Annotate",["l137",1],["pragma_unroll_explicit"],[]],["GetLoops",["b126"],[],["l145","l146","l147","l148","l149","l150","l151","l152","l153","l154","l155","l156","l157","l158","l159","l160","l161"]],["Annotate",["l145",64],["pragma_auto_unroll_max_step"],[]],["Annotate",["l145",1],["pragma_unroll_explicit"],[]],["GetLoops",["b127"],[],["l162","l163","l164","l165","l166","l167","l168"]],["Annotate",["l162",64],["pragma_auto_unroll_max_step"],[]],["Annotate",["l162",1],["pragma_unroll_explicit"],[]],["GetLoops",["b128"],[],["l169","l170","l171"]],["Annotate",["l169",64],["pragma_auto_unroll_max_step"],[]],["Annotate",["l169",1],["pragma_unroll_explicit"],[]],["GetBlock",[],["DepthwiseConv2d","main"],["b172"]],["GetLoops",["b172"],[],["l173","l174","l175","l176","l177","l178","l179","l180","l181","l182","l183","l184","l185","l186","l187","l188","l189"]],["DecomposeReduction",["b172","l176"],[],["b190"]]],[[12,[2,1,2,1,1]],[14,[3,1,5,1,1]],[16,[3,1,5,1,1]],[18,[10,2,8,3,1]],[20,[1,3,1]],[22,[1,1,3]],[39,3],[45,3],[54,2]]],[0],{"arch":"sm_70","keys":["cuda","gpu"],"kind":"cuda","max_num_threads":1024,"max_shared_memory_per_block":49152,"max_threads_per_block":1024,"registers_per_block":65536,"tag":"","thread_warp_size":32},[["TENSOR","float32",[4,15,15,480]],["TENSOR","float32",[3,3,480,1]],["TENSOR","float32",[1,1,1,480]],["TENSOR","float32",[4,15,15,480]]]]]
[0,[[[["GetBlock",[],["PaddedInput","main"],["b0"]],["GetBlock",[],["DepthwiseConv2d","main"],["b1"]],["GetBlock",[],["T_add","main"],["b2"]],["GetBlock",[],["compile_engine_const","main"],["b3"]],["GetBlock",[],["T_add_1","main"],["b4"]],["GetBlock",[],["compute","main"],["b5"]],["GetBlock",[],["compile_engine_const_1","main"],["b6"]],["GetBlock",[],["T_divide","main"],["b7"]],["GetBlock",[],["T_multiply","main"],["b8"]],["GetBlock",[],["root","main"],["b9"]],["Annotate",["b1","\"SSSRRSRS\""],["meta_schedule.tiling_structure"],[]],["GetLoops",["b1"],[],["l10","l11","l12","l13","l14","l15"]],["SamplePerfectTile",["l10"],[5,64],["v16","v17","v18","v19","v20"]],["Split",["l10","v16","v17","v18","v19","v20"],[1],["l21","l22","l23","l24","l25"]],["SamplePerfectTile",["l11"],[5,64],["v26","v27","v28","v29","v30"]],["Split",["l11","v26","v27","v28","v29","v30"],[1],["l31","l32","l33","l34","l35"]],["SamplePerfectTile",["l12"],[5,64],["v36","v37","v38","v39","v40"]],["Split",["l12","v36","v37","v38","v39","v40"],[1],["l41","l42","l43","l44","l45"]],["SamplePerfectTile",["l13"],[5,64],["v46","v47","v48","v49","v50"]],["Split",["l13","v46","v47","v48","v49","v50"],[1],["l51","l52","l53","l54","l55"]],["SamplePerfectTile",["l14"],[3,64],["v56","v57","v58"]],["Split",["l14","v56","v57","v58"],[1],["l59","l60","l61"]],["SamplePerfectTile",["l15"],[3,64],["v62","v63","v64"]],["Split",["l15","v62","v63","v64"],[1],["l65","l66","l67"]],["Reorder",["l21","l31","l41","l51","l22","l32","l42","l52","l23","l33","l43","l53","l59","l65","l60","l66","l24","l34","l44","l54","l61","l67","l25","l35","l45","l55"],[],[]],["Fuse",["l21","l31","l41","l51"],[1],["l68"]],["Bind",["l68"],["blockIdx.x"],[]],["Fuse",["l22","l32","l42","l52"],[1],["l69"]],["Bind",["l69"],["vthread.x"],[]],["Fuse",["l23","l33","l43","l53"],[1],["l70"]],["Bind",["l70"],["threadIdx.x"],[]],["Annotate",["b1",32],["meta_schedule.thread_extent_low_inclusive"],[]],["Annotate",["b1",1024],["meta_schedule.thread_extent_high_inclusive"],[]],["CacheWrite",["b1",[]],[0,"local"],["b71"]],["ReverseComputeAt",["b71","l70"],[1,-1],[]],["CacheRead",["b1",["b1"]],[0,"shared"],["b72"]],["ComputeAt",["b72","l65"],[1,-1],[]],["GetLoops",["b72"],[],["l73","l74","l75","l76","l77","l78","l79","l80","l81"]],["Fuse",["l78","l79","l80","l81"],[1],["l82"]],["SampleCategorical",[],[[1,2,3,4],[0.25,0.25,0.25,0.25]],["v83"]],["Annotate",["b72","v83"],["meta_schedule.cooperative_fetch"],[]],["CacheRead",["b1",["b1"]],[1,"shared"],["b84"]],["ComputeAt",["b84","l65"],[1,-1],[]],["GetLoops",["b84"],[],["l85","l86","l87","l88","l89","l90","l91","l92","l93"]],["Fuse",["l90","l91","l92","l93"],[1],["l94"]],["SampleCategorical",[],[[1,2,3,4],[0.25,0.25,0.25,0.25]],["v95"]],["Annotate",["b84","v95"],["meta_schedule.cooperative_fetch"],[]],["ComputeInline",["b6"],[],[]],["ComputeInline",["b3"],[],[]],["ComputeInline",["b7"],[],[]],["ComputeInline",["b5"],[],[]],["ComputeInline",["b4"],[],[]],["ComputeInline",["b2"],[],[]],["ComputeInline",["b0"],[],[]],["SampleCategorical",[],[[0,16,64,512,1024],[0.2000000000000000111,0.2000000000000000111,0.2000000000000000111,0.2000000000000000111,0.2000000000000000111]],["v96"]],["Annotate",["b9","v96"],["meta_schedule.unroll_explicit"],[]],["GetLoops",["b8"],[],["l97","l98","l99","l100"]],["Fuse",["l97","l98","l99","l100"],[1],["l101"]],["Split",["l101","None",256,1024],[1],["l102","l103","l104"]],["Reorder",["l103","l104","l102"],[],[]],["Bind",["l103"],["blockIdx.x"],[]],["Bind",["l104"],["threadIdx.x"],[]],["EnterPostproc",[],[],[]],["Unannotate",["b72"],["meta_schedule.cooperative_fetch"],[]],["GetLoops",["b72"],[],["l105","l106","l107","l108","l109","l110"]],["Split",["l110","None",40,4],[1],["l111","l112","l113"]],["Vectorize",["l113"],[],[]],["Bind",["l112"],["threadIdx.x"],[]],["Unannotate",["b84"],["meta_schedule.cooperative_fetch"],[]],["GetLoops",["b84"],[],["l114","l115","l116","l117","l118","l119"]],["Split",["l119","None",40],[1],["l120","l121"]],["Bind",["l121"],["threadIdx.x"],[]],["GetBlock",[],["root","main"],["b122"]],["Unannotate",["b122"],["meta_schedule.unroll_explicit"],[]],["GetChildBlocks",["b122"],[],["b123","b124","b125","b126","b127"]],["GetLoops",["b123"],[],["l128","l129","l130","l131","l132","l133","l134","l135"]],["GetLoops",["b124"],[],["l136","l137","l138","l139","l140","l141","l142"]],["GetLoops",["b125"],[],["l143","l144","l145","l146","l147","l148","l149","l150","l151","l152","l153","l154","l155","l156","l157","l158","l159"]],["GetLoops",["b126"],[],["l160","l161","l162","l163","l164","l165","l166"]],["GetLoops",["b127"],[],["l167","l168","l169"]],["GetBlock",[],["DepthwiseConv2d","main"],["b170"]],["GetLoops",["b170"],[],["l171","l172","l173","l174","l175","l176","l177","l178","l179","l180","l181","l182","l183","l184","l185","l186","l187"]],["DecomposeReduction",["b170","l174"],[],["b188"]]],[[12,[1,4,1,1,1]],[14,[5,1,1,3,1]],[16,[1,1,5,1,3]],[18,[10,1,8,6,1]],[20,[3,1,1]],[22,[3,1,1]],[39,3],[45,0],[54,0]]],[0],{"arch":"sm_70","keys":["cuda","gpu"],"kind":"cuda","max_num_threads":1024,"max_shared_memory_per_block":49152,"max_threads_per_block":1024,"registers_per_block":65536,"tag":"","thread_warp_size":32},[["TENSOR","float32",[4,15,15,480]],["TENSOR","float32",[3,3,480,1]],["TENSOR","float32",[1,1,1,480]],["TENSOR","float32",[4,15,15,480]]]]]
[0,[[[["GetBlock",[],["PaddedInput","main"],["b0"]],["GetBlock",[],["DepthwiseConv2d","main"],["b1"]],["GetBlock",[],["T_add","main"],["b2"]],["GetBlock",[],["compile_engine_const","main"],["b3"]],["GetBlock",[],["T_add_1","main"],["b4"]],["GetBlock",[],["compute","main"],["b5"]],["GetBlock",[],["compile_engine_const_1","main"],["b6"]],["GetBlock",[],["T_divide","main"],["b7"]],["GetBlock",[],["T_multiply","main"],["b8"]],["GetBlock",[],["root","main"],["b9"]],["Annotate",["b1","\"SSSRRSRS\""],["meta_schedule.tiling_structure"],[]],["GetLoops",["b1"],[],["l10","l11","l12","l13","l14","l15"]],["SamplePerfectTile",["l10"],[5,64],["v16","v17","v18","v19","v20"]],["Split",["l10","v16","v17","v18","v19","v20"],[1],["l21","l22","l23","l24","l25"]],["SamplePerfectTile",["l11"],[5,64],["v26","v27","v28","v29","v30"]],["Split",["l11","v26","v27","v28","v29","v30"],[1],["l31","l32","l33","l34","l35"]],["SamplePerfectTile",["l12"],[5,64],["v36","v37","v38","v39","v40"]],["Split",["l12","v36","v37","v38","v39","v40"],[1],["l41","l42","l43","l44","l45"]],["SamplePerfectTile",["l13"],[5,64],["v46","v47","v48","v49","v50"]],["Split",["l13","v46","v47","v48","v49","v50"],[1],["l51","l52","l53","l54","l55"]],["SamplePerfectTile",["l14"],[3,64],["v56","v57","v58"]],["Split",["l14","v56","v57","v58"],[1],["l59","l60","l61"]],["SamplePerfectTile",["l15"],[3,64],["v62","v63","v64"]],["Split",["l15","v62","v63","v64"],[1],["l65","l66","l67"]],["Reorder",["l21","l31","l41","l51","l22","l32","l42","l52","l23","l33","l43","l53","l59","l65","l60","l66","l24","l34","l44","l54","l61","l67","l25","l35","l45","l55"],[],[]],["Fuse",["l21","l31","l41","l51"],[1],["l68"]],["Bind",["l68"],["blockIdx.x"],[]],["Fuse",["l22","l32","l42","l52"],[1],["l69"]],["Bind",["l69"],["vthread.x"],[]],["Fuse",["l23","l33","l43","l53"],[1],["l70"]],["Bind",["l70"],["threadIdx.x"],[]],["Annotate",["b1",32],["meta_schedule.thread_extent_low_inclusive"],[]],["Annotate",["b1",1024],["meta_schedule.thread_extent_high_inclusive"],[]],["CacheWrite",["b1",[]],[0,"local"],["b71"]],["ReverseComputeAt",["b71","l70"],[1,-1],[]],["CacheRead",["b1",["b1"]],[0,"shared"],["b72"]],["ComputeAt",["b72","l65"],[1,-1],[]],["GetLoops",["b72"],[],["l73","l74","l75","l76","l77","l78","l79","l80","l81"]],["Fuse",["l78","l79","l80","l81"],[1],["l82"]],["SampleCategorical",[],[[1,2,3,4],[0.25,0.25,0.25,0.25]],["v83"]],["Annotate",["b72","v83"],["meta_schedule.cooperative_fetch"],[]],["CacheRead",["b1",["b1"]],[1,"shared"],["b84"]],["ComputeAt",["b84","l65"],[1,-1],[]],["GetLoops",["b84"],[],["l85","l86","l87","l88","l89","l90","l91","l92","l93"]],["Fuse",["l90","l91","l92","l93"],[1],["l94"]],["SampleCategorical",[],[[1,2,3,4],[0.25,0.25,0.25,0.25]],["v95"]],["Annotate",["b84","v95"],["meta_schedule.cooperative_fetch"],[]],["ComputeInline",["b6"],[],[]],["ComputeInline",["b3"],[],[]],["ComputeInline",["b7"],[],[]],["ComputeInline",["b5"],[],[]],["ComputeInline",["b4"],[],[]],["ComputeInline",["b2"],[],[]],["ComputeInline",["b0"],[],[]],["SampleCategorical",[],[[0,16,64,512,1024],[0.2000000000000000111,0.2000000000000000111,0.2000000000000000111,0.2000000000000000111,0.2000000000000000111]],["v96"]],["Annotate",["b9","v96"],["meta_schedule.unroll_explicit"],[]],["GetLoops",["b8"],[],["l97","l98","l99","l100"]],["Fuse",["l97","l98","l99","l100"],[1],["l101"]],["Split",["l101","None",256,1024],[1],["l102","l103","l104"]],["Reorder",["l103","l104","l102"],[],[]],["Bind",["l103"],["blockIdx.x"],[]],["Bind",["l104"],["threadIdx.x"],[]],["EnterPostproc",[],[],[]],["Unannotate",["b72"],["meta_schedule.cooperative_fetch"],[]],["GetLoops",["b72"],[],["l105","l106","l107","l108","l109","l110"]],["Split",["l110","None",75],[1],["l111","l112"]],["Bind",["l112"],["threadIdx.x"],[]],["Unannotate",["b84"],["meta_schedule.cooperative_fetch"],[]],["GetLoops",["b84"],[],["l113","l114","l115","l116","l117","l118"]],["Split",["l118","None",75],[1],["l119","l120"]],["Bind",["l120"],["threadIdx.x"],[]],["GetBlock",[],["root","main"],["b121"]],["Unannotate",["b121"],["meta_schedule.unroll_explicit"],[]],["GetChildBlocks",["b121"],[],["b122","b123","b124","b125","b126"]],["GetLoops",["b122"],[],["l127","l128","l129","l130","l131","l132","l133"]],["Annotate",["l127",1024],["pragma_auto_unroll_max_step"],[]],["Annotate",["l127",1],["pragma_unroll_explicit"],[]],["GetLoops",["b123"],[],["l134","l135","l136","l137","l138","l139","l140"]],["Annotate",["l134",1024],["pragma_auto_unroll_max_step"],[]],["Annotate",["l134",1],["pragma_unroll_explicit"],[]],["GetLoops",["b124"],[],["l141","l142","l143","l144","l145","l146","l147","l148","l149","l150","l151","l152","l153","l154","l155","l156","l157"]],["Annotate",["l141",1024],["pragma_auto_unroll_max_step"],[]],["Annotate",["l141",1],["pragma_unroll_explicit"],[]],["GetLoops",["b125"],[],["l158","l159","l160","l161","l162","l163","l164"]],["Annotate",["l158",1024],["pragma_auto_unroll_max_step"],[]],["Annotate",["l158",1],["pragma_unroll_explicit"],[]],["GetLoops",["b126"],[],["l165","l166","l167"]],["Annotate",["l165",1024],["pragma_auto_unroll_max_step"],[]],["Annotate",["l165",1],["pragma_unroll_explicit"],[]],["GetBlock",[],["DepthwiseConv2d","main"],["b168"]],["GetLoops",["b168"],[],["l169","l170","l171","l172","l173","l174","l175","l176","l177","l178","l179","l180","l181","l182","l183","l184","l185"]],["DecomposeReduction",["b168","l172"],[],["b186"]]],[[12,[1,2,1,2,1]],[14,[1,1,15,1,1]],[16,[5,3,1,1,1]],[18,[48,2,5,1,1]],[20,[1,3,1]],[22,[1,1,3]],[39,2],[45,0],[54,4]]],[0],{"arch":"sm_70","keys":["cuda","gpu"],"kind":"cuda","max_num_threads":1024,"max_shared_memory_per_block":49152,"max_threads_per_block":1024,"registers_per_block":65536,"tag":"","thread_warp_size":32},[["TENSOR","float32",[4,15,15,480]],["TENSOR","float32",[3,3,480,1]],["TENSOR","float32",[1,1,1,480]],["TENSOR","float32",[4,15,15,480]]]]]
