[0,[[[["GetBlock",[],["T_concat","main"],["b0"]],["GetBlock",[],["T_add","main"],["b1"]],["GetBlock",[],["T_relu","main"],["b2"]],["ReverseComputeInline",["b2"],[],[]],["ReverseComputeInline",["b1"],[],[]],["GetLoops",["b0"],[],["l3","l4","l5","l6"]],["Fuse",["l3","l4","l5","l6"],[1],["l7"]],["SampleCategorical",[],[[32,64,128,256,512,1024],[0.16666666666666665741,0.16666666666666665741,0.16666666666666665741,0.16666666666666665741,0.16666666666666665741,0.16666666666666665741]],["v8"]],["Split",["l7","None","v8"],[1],["l9","l10"]],["Bind",["l9"],["blockIdx.x"],[]],["Bind",["l10"],["threadIdx.x"],[]],["EnterPostproc",[],[],[]]],[[7,4]]],[0],{"arch":"sm_70","keys":["cuda","gpu"],"kind":"cuda","max_num_threads":1024,"max_shared_memory_per_block":49152,"max_threads_per_block":1024,"registers_per_block":65536,"tag":"","thread_warp_size":32},[["TENSOR","float32",[1,14,14,256]],["TENSOR","float32",[1,14,14,32]],["TENSOR","float32",[1,14,14,32]],["TENSOR","float32",[1,14,14,32]],["TENSOR","float32",[1,14,14,32]],["TENSOR","float32",[1,1,1,384]],["TENSOR","float32",[1,14,14,384]]]]]
[0,[[[["GetBlock",[],["T_concat","main"],["b0"]],["GetBlock",[],["T_add","main"],["b1"]],["GetBlock",[],["T_relu","main"],["b2"]],["ReverseComputeInline",["b2"],[],[]],["ReverseComputeInline",["b1"],[],[]],["GetLoops",["b0"],[],["l3","l4","l5","l6"]],["Fuse",["l3","l4","l5","l6"],[1],["l7"]],["SampleCategorical",[],[[32,64,128,256,512,1024],[0.16666666666666665741,0.16666666666666665741,0.16666666666666665741,0.16666666666666665741,0.16666666666666665741,0.16666666666666665741]],["v8"]],["Split",["l7","None","v8"],[1],["l9","l10"]],["Bind",["l9"],["blockIdx.x"],[]],["Bind",["l10"],["threadIdx.x"],[]],["EnterPostproc",[],[],[]]],[[7,1]]],[0],{"arch":"sm_70","keys":["cuda","gpu"],"kind":"cuda","max_num_threads":1024,"max_shared_memory_per_block":49152,"max_threads_per_block":1024,"registers_per_block":65536,"tag":"","thread_warp_size":32},[["TENSOR","float32",[1,14,14,256]],["TENSOR","float32",[1,14,14,32]],["TENSOR","float32",[1,14,14,32]],["TENSOR","float32",[1,14,14,32]],["TENSOR","float32",[1,14,14,32]],["TENSOR","float32",[1,1,1,384]],["TENSOR","float32",[1,14,14,384]]]]]
[0,[[[["GetBlock",[],["T_concat","main"],["b0"]],["GetBlock",[],["T_add","main"],["b1"]],["GetBlock",[],["T_relu","main"],["b2"]],["ReverseComputeInline",["b2"],[],[]],["ReverseComputeInline",["b1"],[],[]],["GetLoops",["b0"],[],["l3","l4","l5","l6"]],["Fuse",["l3","l4","l5","l6"],[1],["l7"]],["SampleCategorical",[],[[32,64,128,256,512,1024],[0.16666666666666665741,0.16666666666666665741,0.16666666666666665741,0.16666666666666665741,0.16666666666666665741,0.16666666666666665741]],["v8"]],["Split",["l7","None","v8"],[1],["l9","l10"]],["Bind",["l9"],["blockIdx.x"],[]],["Bind",["l10"],["threadIdx.x"],[]],["EnterPostproc",[],[],[]]],[[7,2]]],[0],{"arch":"sm_70","keys":["cuda","gpu"],"kind":"cuda","max_num_threads":1024,"max_shared_memory_per_block":49152,"max_threads_per_block":1024,"registers_per_block":65536,"tag":"","thread_warp_size":32},[["TENSOR","float32",[1,14,14,256]],["TENSOR","float32",[1,14,14,32]],["TENSOR","float32",[1,14,14,32]],["TENSOR","float32",[1,14,14,32]],["TENSOR","float32",[1,14,14,32]],["TENSOR","float32",[1,1,1,384]],["TENSOR","float32",[1,14,14,384]]]]]
[0,[[[["GetBlock",[],["T_concat","main"],["b0"]],["GetBlock",[],["T_add","main"],["b1"]],["GetBlock",[],["T_relu","main"],["b2"]],["ReverseComputeInline",["b2"],[],[]],["ReverseComputeInline",["b1"],[],[]],["GetLoops",["b0"],[],["l3","l4","l5","l6"]],["Fuse",["l3","l4","l5","l6"],[1],["l7"]],["SampleCategorical",[],[[32,64,128,256,512,1024],[0.16666666666666665741,0.16666666666666665741,0.16666666666666665741,0.16666666666666665741,0.16666666666666665741,0.16666666666666665741]],["v8"]],["Split",["l7","None","v8"],[1],["l9","l10"]],["Bind",["l9"],["blockIdx.x"],[]],["Bind",["l10"],["threadIdx.x"],[]],["EnterPostproc",[],[],[]]],[[7,0]]],[0],{"arch":"sm_70","keys":["cuda","gpu"],"kind":"cuda","max_num_threads":1024,"max_shared_memory_per_block":49152,"max_threads_per_block":1024,"registers_per_block":65536,"tag":"","thread_warp_size":32},[["TENSOR","float32",[1,14,14,256]],["TENSOR","float32",[1,14,14,32]],["TENSOR","float32",[1,14,14,32]],["TENSOR","float32",[1,14,14,32]],["TENSOR","float32",[1,14,14,32]],["TENSOR","float32",[1,1,1,384]],["TENSOR","float32",[1,14,14,384]]]]]
[0,[[[["GetBlock",[],["T_concat","main"],["b0"]],["GetBlock",[],["T_add","main"],["b1"]],["GetBlock",[],["T_relu","main"],["b2"]],["ReverseComputeInline",["b2"],[],[]],["ReverseComputeInline",["b1"],[],[]],["GetLoops",["b0"],[],["l3","l4","l5","l6"]],["Fuse",["l3","l4","l5","l6"],[1],["l7"]],["SampleCategorical",[],[[32,64,128,256,512,1024],[0.16666666666666665741,0.16666666666666665741,0.16666666666666665741,0.16666666666666665741,0.16666666666666665741,0.16666666666666665741]],["v8"]],["Split",["l7","None","v8"],[1],["l9","l10"]],["Bind",["l9"],["blockIdx.x"],[]],["Bind",["l10"],["threadIdx.x"],[]],["EnterPostproc",[],[],[]]],[[7,5]]],[0],{"arch":"sm_70","keys":["cuda","gpu"],"kind":"cuda","max_num_threads":1024,"max_shared_memory_per_block":49152,"max_threads_per_block":1024,"registers_per_block":65536,"tag":"","thread_warp_size":32},[["TENSOR","float32",[1,14,14,256]],["TENSOR","float32",[1,14,14,32]],["TENSOR","float32",[1,14,14,32]],["TENSOR","float32",[1,14,14,32]],["TENSOR","float32",[1,14,14,32]],["TENSOR","float32",[1,1,1,384]],["TENSOR","float32",[1,14,14,384]]]]]
[0,[[[["GetBlock",[],["T_concat","main"],["b0"]],["GetBlock",[],["T_add","main"],["b1"]],["GetBlock",[],["T_relu","main"],["b2"]],["ReverseComputeInline",["b2"],[],[]],["ReverseComputeInline",["b1"],[],[]],["GetLoops",["b0"],[],["l3","l4","l5","l6"]],["Fuse",["l3","l4","l5","l6"],[1],["l7"]],["SampleCategorical",[],[[32,64,128,256,512,1024],[0.16666666666666665741,0.16666666666666665741,0.16666666666666665741,0.16666666666666665741,0.16666666666666665741,0.16666666666666665741]],["v8"]],["Split",["l7","None","v8"],[1],["l9","l10"]],["Bind",["l9"],["blockIdx.x"],[]],["Bind",["l10"],["threadIdx.x"],[]],["EnterPostproc",[],[],[]]],[[7,3]]],[0],{"arch":"sm_70","keys":["cuda","gpu"],"kind":"cuda","max_num_threads":1024,"max_shared_memory_per_block":49152,"max_threads_per_block":1024,"registers_per_block":65536,"tag":"","thread_warp_size":32},[["TENSOR","float32",[1,14,14,256]],["TENSOR","float32",[1,14,14,32]],["TENSOR","float32",[1,14,14,32]],["TENSOR","float32",[1,14,14,32]],["TENSOR","float32",[1,14,14,32]],["TENSOR","float32",[1,1,1,384]],["TENSOR","float32",[1,14,14,384]]]]]
