[0,[[[["GetBlock",[],["pad_temp","main"],["b0"]],["GetBlock",[],["conv2d_nhwc","main"],["b1"]],["GetBlock",[],["root","main"],["b2"]],["Annotate",["b1","\"SSSRRSRS\""],["meta_schedule.tiling_structure"],[]],["GetLoops",["b1"],[],["l3","l4","l5","l6","l7","l8","l9"]],["SamplePerfectTile",["l3"],[5,64],["v10","v11","v12","v13","v14"]],["Split",["l3","v10","v11","v12","v13","v14"],[1],["l15","l16","l17","l18","l19"]],["SamplePerfectTile",["l4"],[5,64],["v20","v21","v22","v23","v24"]],["Split",["l4","v20","v21","v22","v23","v24"],[1],["l25","l26","l27","l28","l29"]],["SamplePerfectTile",["l5"],[5,64],["v30","v31","v32","v33","v34"]],["Split",["l5","v30","v31","v32","v33","v34"],[1],["l35","l36","l37","l38","l39"]],["SamplePerfectTile",["l6"],[5,64],["v40","v41","v42","v43","v44"]],["Split",["l6","v40","v41","v42","v43","v44"],[1],["l45","l46","l47","l48","l49"]],["SamplePerfectTile",["l7"],[3,64],["v50","v51","v52"]],["Split",["l7","v50","v51","v52"],[1],["l53","l54","l55"]],["SamplePerfectTile",["l8"],[3,64],["v56","v57","v58"]],["Split",["l8","v56","v57","v58"],[1],["l59","l60","l61"]],["SamplePerfectTile",["l9"],[3,64],["v62","v63","v64"]],["Split",["l9","v62","v63","v64"],[1],["l65","l66","l67"]],["Reorder",["l15","l25","l35","l45","l16","l26","l36","l46","l17","l27","l37","l47","l53","l59","l65","l54","l60","l66","l18","l28","l38","l48","l55","l61","l67","l19","l29","l39","l49"],[],[]],["Fuse",["l15","l25","l35","l45"],[1],["l68"]],["Bind",["l68"],["blockIdx.x"],[]],["Fuse",["l16","l26","l36","l46"],[1],["l69"]],["Bind",["l69"],["vthread.x"],[]],["Fuse",["l17","l27","l37","l47"],[1],["l70"]],["Bind",["l70"],["threadIdx.x"],[]],["Annotate",["b1",32],["meta_schedule.thread_extent_low_inclusive"],[]],["Annotate",["b1",1024],["meta_schedule.thread_extent_high_inclusive"],[]],["CacheWrite",["b1",[]],[0,"local"],["b71"]],["ReverseComputeAt",["b71","l70"],[1,-1],[]],["CacheRead",["b1",["b1"]],[0,"shared"],["b72"]],["ComputeAt",["b72","l65"],[1,-1],[]],["GetLoops",["b72"],[],["l73","l74","l75","l76","l77","l78","l79","l80","l81","l82"]],["Fuse",["l79","l80","l81","l82"],[1],["l83"]],["SampleCategorical",[],[[1,2,3,4],[0.25,0.25,0.25,0.25]],["v84"]],["Annotate",["b72","v84"],["meta_schedule.cooperative_fetch"],[]],["CacheRead",["b1",["b1"]],[1,"shared"],["b85"]],["ComputeAt",["b85","l65"],[1,-1],[]],["GetLoops",["b85"],[],["l86","l87","l88","l89","l90","l91","l92","l93","l94","l95"]],["Fuse",["l92","l93","l94","l95"],[1],["l96"]],["SampleCategorical",[],[[1,2,3,4],[0.25,0.25,0.25,0.25]],["v97"]],["Annotate",["b85","v97"],["meta_schedule.cooperative_fetch"],[]],["ComputeInline",["b0"],[],[]],["SampleCategorical",[],[[0,16,64,512,1024],[0.2000000000000000111,0.2000000000000000111,0.2000000000000000111,0.2000000000000000111,0.2000000000000000111]],["v98"]],["Annotate",["b2","v98"],["meta_schedule.unroll_explicit"],[]],["EnterPostproc",[],[],[]],["Unannotate",["b72"],["meta_schedule.cooperative_fetch"],[]],["GetLoops",["b72"],[],["l99","l100","l101","l102","l103","l104","l105"]],["Split",["l105","None",32,2],[1],["l106","l107","l108"]],["Vectorize",["l108"],[],[]],["Bind",["l107"],["threadIdx.x"],[]],["Unannotate",["b85"],["meta_schedule.cooperative_fetch"],[]],["GetLoops",["b85"],[],["l109","l110","l111","l112","l113","l114","l115"]],["Split",["l115","None",32],[1],["l116","l117"]],["Bind",["l117"],["threadIdx.x"],[]],["GetBlock",[],["root","main"],["b118"]],["Unannotate",["b118"],["meta_schedule.unroll_explicit"],[]],["GetChildBlocks",["b118"],[],["b119","b120","b121","b122"]],["GetLoops",["b119"],[],["l123","l124","l125","l126","l127","l128","l129","l130","l131"]],["GetLoops",["b120"],[],["l132","l133","l134","l135","l136","l137","l138","l139"]],["GetLoops",["b121"],[],["l140","l141","l142","l143","l144","l145","l146","l147","l148","l149","l150","l151","l152","l153","l154","l155","l156","l157","l158","l159"]],["GetLoops",["b122"],[],["l160","l161","l162","l163","l164","l165","l166"]],["GetBlock",[],["conv2d_nhwc","main"],["b167"]],["GetLoops",["b167"],[],["l168","l169","l170","l171","l172","l173","l174","l175","l176","l177","l178","l179","l180","l181","l182","l183","l184","l185","l186","l187"]],["DecomposeReduction",["b167","l171"],[],["b188"]]],[[5,[2,1,1,2,1]],[7,[3,5,1,2,1]],[9,[2,5,1,3,1]],[11,[1,4,32,2,1]],[13,[1,1,1]],[15,[1,1,1]],[17,[32,1,16]],[34,1],[40,0],[43,0]]],[0],{"arch":"sm_70","keys":["cuda","gpu"],"kind":"cuda","max_num_threads":1024,"max_shared_memory_per_block":49152,"max_threads_per_block":1024,"registers_per_block":65536,"tag":"","thread_warp_size":32},[["TENSOR","float32",[4,30,30,512]],["TENSOR","float32",[1,1,512,256]],["TENSOR","float32",[4,30,30,256]]]]]
[0,[[[["GetBlock",[],["pad_temp","main"],["b0"]],["GetBlock",[],["conv2d_nhwc","main"],["b1"]],["GetBlock",[],["root","main"],["b2"]],["Annotate",["b1","\"SSSRRSRS\""],["meta_schedule.tiling_structure"],[]],["GetLoops",["b1"],[],["l3","l4","l5","l6","l7","l8","l9"]],["SamplePerfectTile",["l3"],[5,64],["v10","v11","v12","v13","v14"]],["Split",["l3","v10","v11","v12","v13","v14"],[1],["l15","l16","l17","l18","l19"]],["SamplePerfectTile",["l4"],[5,64],["v20","v21","v22","v23","v24"]],["Split",["l4","v20","v21","v22","v23","v24"],[1],["l25","l26","l27","l28","l29"]],["SamplePerfectTile",["l5"],[5,64],["v30","v31","v32","v33","v34"]],["Split",["l5","v30","v31","v32","v33","v34"],[1],["l35","l36","l37","l38","l39"]],["SamplePerfectTile",["l6"],[5,64],["v40","v41","v42","v43","v44"]],["Split",["l6","v40","v41","v42","v43","v44"],[1],["l45","l46","l47","l48","l49"]],["SamplePerfectTile",["l7"],[3,64],["v50","v51","v52"]],["Split",["l7","v50","v51","v52"],[1],["l53","l54","l55"]],["SamplePerfectTile",["l8"],[3,64],["v56","v57","v58"]],["Split",["l8","v56","v57","v58"],[1],["l59","l60","l61"]],["SamplePerfectTile",["l9"],[3,64],["v62","v63","v64"]],["Split",["l9","v62","v63","v64"],[1],["l65","l66","l67"]],["Reorder",["l15","l25","l35","l45","l16","l26","l36","l46","l17","l27","l37","l47","l53","l59","l65","l54","l60","l66","l18","l28","l38","l48","l55","l61","l67","l19","l29","l39","l49"],[],[]],["Fuse",["l15","l25","l35","l45"],[1],["l68"]],["Bind",["l68"],["blockIdx.x"],[]],["Fuse",["l16","l26","l36","l46"],[1],["l69"]],["Bind",["l69"],["vthread.x"],[]],["Fuse",["l17","l27","l37","l47"],[1],["l70"]],["Bind",["l70"],["threadIdx.x"],[]],["Annotate",["b1",32],["meta_schedule.thread_extent_low_inclusive"],[]],["Annotate",["b1",1024],["meta_schedule.thread_extent_high_inclusive"],[]],["CacheWrite",["b1",[]],[0,"local"],["b71"]],["ReverseComputeAt",["b71","l70"],[1,-1],[]],["CacheRead",["b1",["b1"]],[0,"shared"],["b72"]],["ComputeAt",["b72","l65"],[1,-1],[]],["GetLoops",["b72"],[],["l73","l74","l75","l76","l77","l78","l79","l80","l81","l82"]],["Fuse",["l79","l80","l81","l82"],[1],["l83"]],["SampleCategorical",[],[[1,2,3,4],[0.25,0.25,0.25,0.25]],["v84"]],["Annotate",["b72","v84"],["meta_schedule.cooperative_fetch"],[]],["CacheRead",["b1",["b1"]],[1,"shared"],["b85"]],["ComputeAt",["b85","l65"],[1,-1],[]],["GetLoops",["b85"],[],["l86","l87","l88","l89","l90","l91","l92","l93","l94","l95"]],["Fuse",["l92","l93","l94","l95"],[1],["l96"]],["SampleCategorical",[],[[1,2,3,4],[0.25,0.25,0.25,0.25]],["v97"]],["Annotate",["b85","v97"],["meta_schedule.cooperative_fetch"],[]],["ComputeInline",["b0"],[],[]],["SampleCategorical",[],[[0,16,64,512,1024],[0.2000000000000000111,0.2000000000000000111,0.2000000000000000111,0.2000000000000000111,0.2000000000000000111]],["v98"]],["Annotate",["b2","v98"],["meta_schedule.unroll_explicit"],[]],["EnterPostproc",[],[],[]],["Unannotate",["b72"],["meta_schedule.cooperative_fetch"],[]],["GetLoops",["b72"],[],["l99","l100","l101","l102","l103","l104","l105"]],["Split",["l105","None",240,2],[1],["l106","l107","l108"]],["Vectorize",["l108"],[],[]],["Bind",["l107"],["threadIdx.x"],[]],["Unannotate",["b85"],["meta_schedule.cooperative_fetch"],[]],["GetLoops",["b85"],[],["l109","l110","l111","l112","l113","l114","l115"]],["Split",["l115","None",240],[1],["l116","l117"]],["Bind",["l117"],["threadIdx.x"],[]],["GetBlock",[],["root","main"],["b118"]],["Unannotate",["b118"],["meta_schedule.unroll_explicit"],[]],["GetChildBlocks",["b118"],[],["b119","b120","b121","b122"]],["GetLoops",["b119"],[],["l123","l124","l125","l126","l127","l128","l129","l130","l131"]],["Annotate",["l123",64],["pragma_auto_unroll_max_step"],[]],["Annotate",["l123",1],["pragma_unroll_explicit"],[]],["GetLoops",["b120"],[],["l132","l133","l134","l135","l136","l137","l138","l139"]],["Annotate",["l132",64],["pragma_auto_unroll_max_step"],[]],["Annotate",["l132",1],["pragma_unroll_explicit"],[]],["GetLoops",["b121"],[],["l140","l141","l142","l143","l144","l145","l146","l147","l148","l149","l150","l151","l152","l153","l154","l155","l156","l157","l158","l159"]],["Annotate",["l140",64],["pragma_auto_unroll_max_step"],[]],["Annotate",["l140",1],["pragma_unroll_explicit"],[]],["GetLoops",["b122"],[],["l160","l161","l162","l163","l164","l165","l166"]],["Annotate",["l160",64],["pragma_auto_unroll_max_step"],[]],["Annotate",["l160",1],["pragma_unroll_explicit"],[]],["GetBlock",[],["conv2d_nhwc","main"],["b167"]],["GetLoops",["b167"],[],["l168","l169","l170","l171","l172","l173","l174","l175","l176","l177","l178","l179","l180","l181","l182","l183","l184","l185","l186","l187"]],["DecomposeReduction",["b167","l171"],[],["b188"]]],[[5,[1,4,1,1,1]],[7,[1,5,2,3,1]],[9,[1,1,15,2,1]],[11,[2,1,8,2,8]],[13,[1,1,1]],[15,[1,1,1]],[17,[256,2,1]],[34,1],[40,0],[43,2]]],[0],{"arch":"sm_70","keys":["cuda","gpu"],"kind":"cuda","max_num_threads":1024,"max_shared_memory_per_block":49152,"max_threads_per_block":1024,"registers_per_block":65536,"tag":"","thread_warp_size":32},[["TENSOR","float32",[4,30,30,512]],["TENSOR","float32",[1,1,512,256]],["TENSOR","float32",[4,30,30,256]]]]]
[0,[[[["GetBlock",[],["pad_temp","main"],["b0"]],["GetBlock",[],["conv2d_nhwc","main"],["b1"]],["GetBlock",[],["root","main"],["b2"]],["Annotate",["b1","\"SSSRRSRS\""],["meta_schedule.tiling_structure"],[]],["GetLoops",["b1"],[],["l3","l4","l5","l6","l7","l8","l9"]],["SamplePerfectTile",["l3"],[5,64],["v10","v11","v12","v13","v14"]],["Split",["l3","v10","v11","v12","v13","v14"],[1],["l15","l16","l17","l18","l19"]],["SamplePerfectTile",["l4"],[5,64],["v20","v21","v22","v23","v24"]],["Split",["l4","v20","v21","v22","v23","v24"],[1],["l25","l26","l27","l28","l29"]],["SamplePerfectTile",["l5"],[5,64],["v30","v31","v32","v33","v34"]],["Split",["l5","v30","v31","v32","v33","v34"],[1],["l35","l36","l37","l38","l39"]],["SamplePerfectTile",["l6"],[5,64],["v40","v41","v42","v43","v44"]],["Split",["l6","v40","v41","v42","v43","v44"],[1],["l45","l46","l47","l48","l49"]],["SamplePerfectTile",["l7"],[3,64],["v50","v51","v52"]],["Split",["l7","v50","v51","v52"],[1],["l53","l54","l55"]],["SamplePerfectTile",["l8"],[3,64],["v56","v57","v58"]],["Split",["l8","v56","v57","v58"],[1],["l59","l60","l61"]],["SamplePerfectTile",["l9"],[3,64],["v62","v63","v64"]],["Split",["l9","v62","v63","v64"],[1],["l65","l66","l67"]],["Reorder",["l15","l25","l35","l45","l16","l26","l36","l46","l17","l27","l37","l47","l53","l59","l65","l54","l60","l66","l18","l28","l38","l48","l55","l61","l67","l19","l29","l39","l49"],[],[]],["Fuse",["l15","l25","l35","l45"],[1],["l68"]],["Bind",["l68"],["blockIdx.x"],[]],["Fuse",["l16","l26","l36","l46"],[1],["l69"]],["Bind",["l69"],["vthread.x"],[]],["Fuse",["l17","l27","l37","l47"],[1],["l70"]],["Bind",["l70"],["threadIdx.x"],[]],["Annotate",["b1",32],["meta_schedule.thread_extent_low_inclusive"],[]],["Annotate",["b1",1024],["meta_schedule.thread_extent_high_inclusive"],[]],["CacheWrite",["b1",[]],[0,"local"],["b71"]],["ReverseComputeAt",["b71","l70"],[1,-1],[]],["CacheRead",["b1",["b1"]],[0,"shared"],["b72"]],["ComputeAt",["b72","l65"],[1,-1],[]],["GetLoops",["b72"],[],["l73","l74","l75","l76","l77","l78","l79","l80","l81","l82"]],["Fuse",["l79","l80","l81","l82"],[1],["l83"]],["SampleCategorical",[],[[1,2,3,4],[0.25,0.25,0.25,0.25]],["v84"]],["Annotate",["b72","v84"],["meta_schedule.cooperative_fetch"],[]],["CacheRead",["b1",["b1"]],[1,"shared"],["b85"]],["ComputeAt",["b85","l65"],[1,-1],[]],["GetLoops",["b85"],[],["l86","l87","l88","l89","l90","l91","l92","l93","l94","l95"]],["Fuse",["l92","l93","l94","l95"],[1],["l96"]],["SampleCategorical",[],[[1,2,3,4],[0.25,0.25,0.25,0.25]],["v97"]],["Annotate",["b85","v97"],["meta_schedule.cooperative_fetch"],[]],["ComputeInline",["b0"],[],[]],["SampleCategorical",[],[[0,16,64,512,1024],[0.2000000000000000111,0.2000000000000000111,0.2000000000000000111,0.2000000000000000111,0.2000000000000000111]],["v98"]],["Annotate",["b2","v98"],["meta_schedule.unroll_explicit"],[]],["EnterPostproc",[],[],[]],["Unannotate",["b72"],["meta_schedule.cooperative_fetch"],[]],["GetLoops",["b72"],[],["l99","l100","l101","l102","l103","l104","l105"]],["Split",["l105","None",40],[1],["l106","l107"]],["Bind",["l107"],["threadIdx.x"],[]],["Unannotate",["b85"],["meta_schedule.cooperative_fetch"],[]],["GetLoops",["b85"],[],["l108","l109","l110","l111","l112","l113","l114"]],["Split",["l114","None",40,4],[1],["l115","l116","l117"]],["Vectorize",["l117"],[],[]],["Bind",["l116"],["threadIdx.x"],[]],["GetBlock",[],["root","main"],["b118"]],["Unannotate",["b118"],["meta_schedule.unroll_explicit"],[]],["GetChildBlocks",["b118"],[],["b119","b120","b121","b122"]],["GetLoops",["b119"],[],["l123","l124","l125","l126","l127","l128","l129","l130"]],["Annotate",["l123",64],["pragma_auto_unroll_max_step"],[]],["Annotate",["l123",1],["pragma_unroll_explicit"],[]],["GetLoops",["b120"],[],["l131","l132","l133","l134","l135","l136","l137","l138","l139"]],["Annotate",["l131",64],["pragma_auto_unroll_max_step"],[]],["Annotate",["l131",1],["pragma_unroll_explicit"],[]],["GetLoops",["b121"],[],["l140","l141","l142","l143","l144","l145","l146","l147","l148","l149","l150","l151","l152","l153","l154","l155","l156","l157","l158","l159"]],["Annotate",["l140",64],["pragma_auto_unroll_max_step"],[]],["Annotate",["l140",1],["pragma_unroll_explicit"],[]],["GetLoops",["b122"],[],["l160","l161","l162","l163","l164","l165","l166"]],["Annotate",["l160",64],["pragma_auto_unroll_max_step"],[]],["Annotate",["l160",1],["pragma_unroll_explicit"],[]],["GetBlock",[],["conv2d_nhwc","main"],["b167"]],["GetLoops",["b167"],[],["l168","l169","l170","l171","l172","l173","l174","l175","l176","l177","l178","l179","l180","l181","l182","l183","l184","l185","l186","l187"]],["DecomposeReduction",["b167","l171"],[],["b188"]]],[[5,[4,1,1,1,1]],[7,[5,6,1,1,1]],[9,[6,1,5,1,1]],[11,[2,4,8,2,2]],[13,[1,1,1]],[15,[1,1,1]],[17,[16,2,16]],[34,0],[40,3],[43,2]]],[0],{"arch":"sm_70","keys":["cuda","gpu"],"kind":"cuda","max_num_threads":1024,"max_shared_memory_per_block":49152,"max_threads_per_block":1024,"registers_per_block":65536,"tag":"","thread_warp_size":32},[["TENSOR","float32",[4,30,30,512]],["TENSOR","float32",[1,1,512,256]],["TENSOR","float32",[4,30,30,256]]]]]
[0,[[[["GetBlock",[],["pad_temp","main"],["b0"]],["GetBlock",[],["conv2d_nhwc","main"],["b1"]],["GetBlock",[],["root","main"],["b2"]],["Annotate",["b1","\"SSSRRSRS\""],["meta_schedule.tiling_structure"],[]],["GetLoops",["b1"],[],["l3","l4","l5","l6","l7","l8","l9"]],["SamplePerfectTile",["l3"],[5,64],["v10","v11","v12","v13","v14"]],["Split",["l3","v10","v11","v12","v13","v14"],[1],["l15","l16","l17","l18","l19"]],["SamplePerfectTile",["l4"],[5,64],["v20","v21","v22","v23","v24"]],["Split",["l4","v20","v21","v22","v23","v24"],[1],["l25","l26","l27","l28","l29"]],["SamplePerfectTile",["l5"],[5,64],["v30","v31","v32","v33","v34"]],["Split",["l5","v30","v31","v32","v33","v34"],[1],["l35","l36","l37","l38","l39"]],["SamplePerfectTile",["l6"],[5,64],["v40","v41","v42","v43","v44"]],["Split",["l6","v40","v41","v42","v43","v44"],[1],["l45","l46","l47","l48","l49"]],["SamplePerfectTile",["l7"],[3,64],["v50","v51","v52"]],["Split",["l7","v50","v51","v52"],[1],["l53","l54","l55"]],["SamplePerfectTile",["l8"],[3,64],["v56","v57","v58"]],["Split",["l8","v56","v57","v58"],[1],["l59","l60","l61"]],["SamplePerfectTile",["l9"],[3,64],["v62","v63","v64"]],["Split",["l9","v62","v63","v64"],[1],["l65","l66","l67"]],["Reorder",["l15","l25","l35","l45","l16","l26","l36","l46","l17","l27","l37","l47","l53","l59","l65","l54","l60","l66","l18","l28","l38","l48","l55","l61","l67","l19","l29","l39","l49"],[],[]],["Fuse",["l15","l25","l35","l45"],[1],["l68"]],["Bind",["l68"],["blockIdx.x"],[]],["Fuse",["l16","l26","l36","l46"],[1],["l69"]],["Bind",["l69"],["vthread.x"],[]],["Fuse",["l17","l27","l37","l47"],[1],["l70"]],["Bind",["l70"],["threadIdx.x"],[]],["Annotate",["b1",32],["meta_schedule.thread_extent_low_inclusive"],[]],["Annotate",["b1",1024],["meta_schedule.thread_extent_high_inclusive"],[]],["CacheWrite",["b1",[]],[0,"local"],["b71"]],["ReverseComputeAt",["b71","l70"],[1,-1],[]],["CacheRead",["b1",["b1"]],[0,"shared"],["b72"]],["ComputeAt",["b72","l65"],[1,-1],[]],["GetLoops",["b72"],[],["l73","l74","l75","l76","l77","l78","l79","l80","l81","l82"]],["Fuse",["l79","l80","l81","l82"],[1],["l83"]],["SampleCategorical",[],[[1,2,3,4],[0.25,0.25,0.25,0.25]],["v84"]],["Annotate",["b72","v84"],["meta_schedule.cooperative_fetch"],[]],["CacheRead",["b1",["b1"]],[1,"shared"],["b85"]],["ComputeAt",["b85","l65"],[1,-1],[]],["GetLoops",["b85"],[],["l86","l87","l88","l89","l90","l91","l92","l93","l94","l95"]],["Fuse",["l92","l93","l94","l95"],[1],["l96"]],["SampleCategorical",[],[[1,2,3,4],[0.25,0.25,0.25,0.25]],["v97"]],["Annotate",["b85","v97"],["meta_schedule.cooperative_fetch"],[]],["ComputeInline",["b0"],[],[]],["SampleCategorical",[],[[0,16,64,512,1024],[0.2000000000000000111,0.2000000000000000111,0.2000000000000000111,0.2000000000000000111,0.2000000000000000111]],["v98"]],["Annotate",["b2","v98"],["meta_schedule.unroll_explicit"],[]],["EnterPostproc",[],[],[]],["Unannotate",["b72"],["meta_schedule.cooperative_fetch"],[]],["GetLoops",["b72"],[],["l99","l100","l101","l102","l103","l104","l105"]],["Split",["l105","None",60,2],[1],["l106","l107","l108"]],["Vectorize",["l108"],[],[]],["Bind",["l107"],["threadIdx.x"],[]],["Unannotate",["b85"],["meta_schedule.cooperative_fetch"],[]],["GetLoops",["b85"],[],["l109","l110","l111","l112","l113","l114","l115"]],["Split",["l115","None",60,2],[1],["l116","l117","l118"]],["Vectorize",["l118"],[],[]],["Bind",["l117"],["threadIdx.x"],[]],["GetBlock",[],["root","main"],["b119"]],["Unannotate",["b119"],["meta_schedule.unroll_explicit"],[]],["GetChildBlocks",["b119"],[],["b120","b121","b122","b123"]],["GetLoops",["b120"],[],["l124","l125","l126","l127","l128","l129","l130","l131","l132"]],["Annotate",["l124",512],["pragma_auto_unroll_max_step"],[]],["Annotate",["l124",1],["pragma_unroll_explicit"],[]],["GetLoops",["b121"],[],["l133","l134","l135","l136","l137","l138","l139","l140","l141"]],["Annotate",["l133",512],["pragma_auto_unroll_max_step"],[]],["Annotate",["l133",1],["pragma_unroll_explicit"],[]],["GetLoops",["b122"],[],["l142","l143","l144","l145","l146","l147","l148","l149","l150","l151","l152","l153","l154","l155","l156","l157","l158","l159","l160","l161"]],["Annotate",["l142",512],["pragma_auto_unroll_max_step"],[]],["Annotate",["l142",1],["pragma_unroll_explicit"],[]],["GetLoops",["b123"],[],["l162","l163","l164","l165","l166","l167","l168"]],["Annotate",["l162",512],["pragma_auto_unroll_max_step"],[]],["Annotate",["l162",1],["pragma_unroll_explicit"],[]],["GetBlock",[],["conv2d_nhwc","main"],["b169"]],["GetLoops",["b169"],[],["l170","l171","l172","l173","l174","l175","l176","l177","l178","l179","l180","l181","l182","l183","l184","l185","l186","l187","l188","l189"]],["DecomposeReduction",["b169","l173"],[],["b190"]]],[[5,[2,1,1,2,1]],[7,[2,1,5,3,1]],[9,[1,1,3,5,2]],[11,[1,1,4,32,2]],[13,[1,1,1]],[15,[1,1,1]],[17,[256,2,1]],[34,1],[40,1],[43,3]]],[0],{"arch":"sm_70","keys":["cuda","gpu"],"kind":"cuda","max_num_threads":1024,"max_shared_memory_per_block":49152,"max_threads_per_block":1024,"registers_per_block":65536,"tag":"","thread_warp_size":32},[["TENSOR","float32",[4,30,30,512]],["TENSOR","float32",[1,1,512,256]],["TENSOR","float32",[4,30,30,256]]]]]
[0,[[[["GetBlock",[],["pad_temp","main"],["b0"]],["GetBlock",[],["conv2d_nhwc","main"],["b1"]],["GetBlock",[],["root","main"],["b2"]],["Annotate",["b1","\"SSSRRSRS\""],["meta_schedule.tiling_structure"],[]],["GetLoops",["b1"],[],["l3","l4","l5","l6","l7","l8","l9"]],["SamplePerfectTile",["l3"],[5,64],["v10","v11","v12","v13","v14"]],["Split",["l3","v10","v11","v12","v13","v14"],[1],["l15","l16","l17","l18","l19"]],["SamplePerfectTile",["l4"],[5,64],["v20","v21","v22","v23","v24"]],["Split",["l4","v20","v21","v22","v23","v24"],[1],["l25","l26","l27","l28","l29"]],["SamplePerfectTile",["l5"],[5,64],["v30","v31","v32","v33","v34"]],["Split",["l5","v30","v31","v32","v33","v34"],[1],["l35","l36","l37","l38","l39"]],["SamplePerfectTile",["l6"],[5,64],["v40","v41","v42","v43","v44"]],["Split",["l6","v40","v41","v42","v43","v44"],[1],["l45","l46","l47","l48","l49"]],["SamplePerfectTile",["l7"],[3,64],["v50","v51","v52"]],["Split",["l7","v50","v51","v52"],[1],["l53","l54","l55"]],["SamplePerfectTile",["l8"],[3,64],["v56","v57","v58"]],["Split",["l8","v56","v57","v58"],[1],["l59","l60","l61"]],["SamplePerfectTile",["l9"],[3,64],["v62","v63","v64"]],["Split",["l9","v62","v63","v64"],[1],["l65","l66","l67"]],["Reorder",["l15","l25","l35","l45","l16","l26","l36","l46","l17","l27","l37","l47","l53","l59","l65","l54","l60","l66","l18","l28","l38","l48","l55","l61","l67","l19","l29","l39","l49"],[],[]],["Fuse",["l15","l25","l35","l45"],[1],["l68"]],["Bind",["l68"],["blockIdx.x"],[]],["Fuse",["l16","l26","l36","l46"],[1],["l69"]],["Bind",["l69"],["vthread.x"],[]],["Fuse",["l17","l27","l37","l47"],[1],["l70"]],["Bind",["l70"],["threadIdx.x"],[]],["Annotate",["b1",32],["meta_schedule.thread_extent_low_inclusive"],[]],["Annotate",["b1",1024],["meta_schedule.thread_extent_high_inclusive"],[]],["CacheWrite",["b1",[]],[0,"local"],["b71"]],["ReverseComputeAt",["b71","l70"],[1,-1],[]],["CacheRead",["b1",["b1"]],[0,"shared"],["b72"]],["ComputeAt",["b72","l65"],[1,-1],[]],["GetLoops",["b72"],[],["l73","l74","l75","l76","l77","l78","l79","l80","l81","l82"]],["Fuse",["l79","l80","l81","l82"],[1],["l83"]],["SampleCategorical",[],[[1,2,3,4],[0.25,0.25,0.25,0.25]],["v84"]],["Annotate",["b72","v84"],["meta_schedule.cooperative_fetch"],[]],["CacheRead",["b1",["b1"]],[1,"shared"],["b85"]],["ComputeAt",["b85","l65"],[1,-1],[]],["GetLoops",["b85"],[],["l86","l87","l88","l89","l90","l91","l92","l93","l94","l95"]],["Fuse",["l92","l93","l94","l95"],[1],["l96"]],["SampleCategorical",[],[[1,2,3,4],[0.25,0.25,0.25,0.25]],["v97"]],["Annotate",["b85","v97"],["meta_schedule.cooperative_fetch"],[]],["ComputeInline",["b0"],[],[]],["SampleCategorical",[],[[0,16,64,512,1024],[0.2000000000000000111,0.2000000000000000111,0.2000000000000000111,0.2000000000000000111,0.2000000000000000111]],["v98"]],["Annotate",["b2","v98"],["meta_schedule.unroll_explicit"],[]],["EnterPostproc",[],[],[]],["Unannotate",["b72"],["meta_schedule.cooperative_fetch"],[]],["GetLoops",["b72"],[],["l99","l100","l101","l102","l103","l104","l105"]],["Split",["l105","None",100,2],[1],["l106","l107","l108"]],["Vectorize",["l108"],[],[]],["Bind",["l107"],["threadIdx.x"],[]],["Unannotate",["b85"],["meta_schedule.cooperative_fetch"],[]],["GetLoops",["b85"],[],["l109","l110","l111","l112","l113","l114","l115"]],["Split",["l115","None",100,2],[1],["l116","l117","l118"]],["Vectorize",["l118"],[],[]],["Bind",["l117"],["threadIdx.x"],[]],["GetBlock",[],["root","main"],["b119"]],["Unannotate",["b119"],["meta_schedule.unroll_explicit"],[]],["GetChildBlocks",["b119"],[],["b120","b121","b122","b123"]],["GetLoops",["b120"],[],["l124","l125","l126","l127","l128","l129","l130","l131","l132"]],["Annotate",["l124",64],["pragma_auto_unroll_max_step"],[]],["Annotate",["l124",1],["pragma_unroll_explicit"],[]],["GetLoops",["b121"],[],["l133","l134","l135","l136","l137","l138","l139","l140","l141"]],["Annotate",["l133",64],["pragma_auto_unroll_max_step"],[]],["Annotate",["l133",1],["pragma_unroll_explicit"],[]],["GetLoops",["b122"],[],["l142","l143","l144","l145","l146","l147","l148","l149","l150","l151","l152","l153","l154","l155","l156","l157","l158","l159","l160","l161"]],["Annotate",["l142",64],["pragma_auto_unroll_max_step"],[]],["Annotate",["l142",1],["pragma_unroll_explicit"],[]],["GetLoops",["b123"],[],["l162","l163","l164","l165","l166","l167","l168"]],["Annotate",["l162",64],["pragma_auto_unroll_max_step"],[]],["Annotate",["l162",1],["pragma_unroll_explicit"],[]],["GetBlock",[],["conv2d_nhwc","main"],["b169"]],["GetLoops",["b169"],[],["l170","l171","l172","l173","l174","l175","l176","l177","l178","l179","l180","l181","l182","l183","l184","l185","l186","l187","l188","l189"]],["DecomposeReduction",["b169","l173"],[],["b190"]]],[[5,[1,1,1,4,1]],[7,[3,2,5,1,1]],[9,[3,1,5,2,1]],[11,[8,1,4,8,1]],[13,[1,1,1]],[15,[1,1,1]],[17,[64,8,1]],[34,1],[40,1],[43,2]]],[0],{"arch":"sm_70","keys":["cuda","gpu"],"kind":"cuda","max_num_threads":1024,"max_shared_memory_per_block":49152,"max_threads_per_block":1024,"registers_per_block":65536,"tag":"","thread_warp_size":32},[["TENSOR","float32",[4,30,30,512]],["TENSOR","float32",[1,1,512,256]],["TENSOR","float32",[4,30,30,256]]]]]
[0,[[[["GetBlock",[],["pad_temp","main"],["b0"]],["GetBlock",[],["conv2d_nhwc","main"],["b1"]],["GetBlock",[],["root","main"],["b2"]],["Annotate",["b1","\"SSSRRSRS\""],["meta_schedule.tiling_structure"],[]],["GetLoops",["b1"],[],["l3","l4","l5","l6","l7","l8","l9"]],["SamplePerfectTile",["l3"],[5,64],["v10","v11","v12","v13","v14"]],["Split",["l3","v10","v11","v12","v13","v14"],[1],["l15","l16","l17","l18","l19"]],["SamplePerfectTile",["l4"],[5,64],["v20","v21","v22","v23","v24"]],["Split",["l4","v20","v21","v22","v23","v24"],[1],["l25","l26","l27","l28","l29"]],["SamplePerfectTile",["l5"],[5,64],["v30","v31","v32","v33","v34"]],["Split",["l5","v30","v31","v32","v33","v34"],[1],["l35","l36","l37","l38","l39"]],["SamplePerfectTile",["l6"],[5,64],["v40","v41","v42","v43","v44"]],["Split",["l6","v40","v41","v42","v43","v44"],[1],["l45","l46","l47","l48","l49"]],["SamplePerfectTile",["l7"],[3,64],["v50","v51","v52"]],["Split",["l7","v50","v51","v52"],[1],["l53","l54","l55"]],["SamplePerfectTile",["l8"],[3,64],["v56","v57","v58"]],["Split",["l8","v56","v57","v58"],[1],["l59","l60","l61"]],["SamplePerfectTile",["l9"],[3,64],["v62","v63","v64"]],["Split",["l9","v62","v63","v64"],[1],["l65","l66","l67"]],["Reorder",["l15","l25","l35","l45","l16","l26","l36","l46","l17","l27","l37","l47","l53","l59","l65","l54","l60","l66","l18","l28","l38","l48","l55","l61","l67","l19","l29","l39","l49"],[],[]],["Fuse",["l15","l25","l35","l45"],[1],["l68"]],["Bind",["l68"],["blockIdx.x"],[]],["Fuse",["l16","l26","l36","l46"],[1],["l69"]],["Bind",["l69"],["vthread.x"],[]],["Fuse",["l17","l27","l37","l47"],[1],["l70"]],["Bind",["l70"],["threadIdx.x"],[]],["Annotate",["b1",32],["meta_schedule.thread_extent_low_inclusive"],[]],["Annotate",["b1",1024],["meta_schedule.thread_extent_high_inclusive"],[]],["CacheWrite",["b1",[]],[0,"local"],["b71"]],["ReverseComputeAt",["b71","l70"],[1,-1],[]],["CacheRead",["b1",["b1"]],[0,"shared"],["b72"]],["ComputeAt",["b72","l65"],[1,-1],[]],["GetLoops",["b72"],[],["l73","l74","l75","l76","l77","l78","l79","l80","l81","l82"]],["Fuse",["l79","l80","l81","l82"],[1],["l83"]],["SampleCategorical",[],[[1,2,3,4],[0.25,0.25,0.25,0.25]],["v84"]],["Annotate",["b72","v84"],["meta_schedule.cooperative_fetch"],[]],["CacheRead",["b1",["b1"]],[1,"shared"],["b85"]],["ComputeAt",["b85","l65"],[1,-1],[]],["GetLoops",["b85"],[],["l86","l87","l88","l89","l90","l91","l92","l93","l94","l95"]],["Fuse",["l92","l93","l94","l95"],[1],["l96"]],["SampleCategorical",[],[[1,2,3,4],[0.25,0.25,0.25,0.25]],["v97"]],["Annotate",["b85","v97"],["meta_schedule.cooperative_fetch"],[]],["ComputeInline",["b0"],[],[]],["SampleCategorical",[],[[0,16,64,512,1024],[0.2000000000000000111,0.2000000000000000111,0.2000000000000000111,0.2000000000000000111,0.2000000000000000111]],["v98"]],["Annotate",["b2","v98"],["meta_schedule.unroll_explicit"],[]],["EnterPostproc",[],[],[]],["Unannotate",["b72"],["meta_schedule.cooperative_fetch"],[]],["GetLoops",["b72"],[],["l99","l100","l101","l102","l103","l104","l105"]],["Split",["l105","None",400,4],[1],["l106","l107","l108"]],["Vectorize",["l108"],[],[]],["Bind",["l107"],["threadIdx.x"],[]],["Unannotate",["b85"],["meta_schedule.cooperative_fetch"],[]],["GetLoops",["b85"],[],["l109","l110","l111","l112","l113","l114","l115"]],["Split",["l115","None",400,4],[1],["l116","l117","l118"]],["Vectorize",["l118"],[],[]],["Bind",["l117"],["threadIdx.x"],[]],["GetBlock",[],["root","main"],["b119"]],["Unannotate",["b119"],["meta_schedule.unroll_explicit"],[]],["GetChildBlocks",["b119"],[],["b120","b121","b122","b123"]],["GetLoops",["b120"],[],["l124","l125","l126","l127","l128","l129","l130","l131","l132"]],["Annotate",["l124",16],["pragma_auto_unroll_max_step"],[]],["Annotate",["l124",1],["pragma_unroll_explicit"],[]],["GetLoops",["b121"],[],["l133","l134","l135","l136","l137","l138","l139","l140","l141"]],["Annotate",["l133",16],["pragma_auto_unroll_max_step"],[]],["Annotate",["l133",1],["pragma_unroll_explicit"],[]],["GetLoops",["b122"],[],["l142","l143","l144","l145","l146","l147","l148","l149","l150","l151","l152","l153","l154","l155","l156","l157","l158","l159","l160","l161"]],["Annotate",["l142",16],["pragma_auto_unroll_max_step"],[]],["Annotate",["l142",1],["pragma_unroll_explicit"],[]],["GetLoops",["b123"],[],["l162","l163","l164","l165","l166","l167","l168"]],["Annotate",["l162",16],["pragma_auto_unroll_max_step"],[]],["Annotate",["l162",1],["pragma_unroll_explicit"],[]],["GetBlock",[],["conv2d_nhwc","main"],["b169"]],["GetLoops",["b169"],[],["l170","l171","l172","l173","l174","l175","l176","l177","l178","l179","l180","l181","l182","l183","l184","l185","l186","l187","l188","l189"]],["DecomposeReduction",["b169","l173"],[],["b190"]]],[[5,[2,1,1,1,2]],[7,[3,1,5,1,2]],[9,[3,1,5,2,1]],[11,[1,8,16,1,2]],[13,[1,1,1]],[15,[1,1,1]],[17,[32,2,8]],[34,3],[40,3],[43,1]]],[0],{"arch":"sm_70","keys":["cuda","gpu"],"kind":"cuda","max_num_threads":1024,"max_shared_memory_per_block":49152,"max_threads_per_block":1024,"registers_per_block":65536,"tag":"","thread_warp_size":32},[["TENSOR","float32",[4,30,30,512]],["TENSOR","float32",[1,1,512,256]],["TENSOR","float32",[4,30,30,256]]]]]
[0,[[[["GetBlock",[],["pad_temp","main"],["b0"]],["GetBlock",[],["conv2d_nhwc","main"],["b1"]],["GetBlock",[],["root","main"],["b2"]],["Annotate",["b1","\"SSSRRSRS\""],["meta_schedule.tiling_structure"],[]],["GetLoops",["b1"],[],["l3","l4","l5","l6","l7","l8","l9"]],["SamplePerfectTile",["l3"],[5,64],["v10","v11","v12","v13","v14"]],["Split",["l3","v10","v11","v12","v13","v14"],[1],["l15","l16","l17","l18","l19"]],["SamplePerfectTile",["l4"],[5,64],["v20","v21","v22","v23","v24"]],["Split",["l4","v20","v21","v22","v23","v24"],[1],["l25","l26","l27","l28","l29"]],["SamplePerfectTile",["l5"],[5,64],["v30","v31","v32","v33","v34"]],["Split",["l5","v30","v31","v32","v33","v34"],[1],["l35","l36","l37","l38","l39"]],["SamplePerfectTile",["l6"],[5,64],["v40","v41","v42","v43","v44"]],["Split",["l6","v40","v41","v42","v43","v44"],[1],["l45","l46","l47","l48","l49"]],["SamplePerfectTile",["l7"],[3,64],["v50","v51","v52"]],["Split",["l7","v50","v51","v52"],[1],["l53","l54","l55"]],["SamplePerfectTile",["l8"],[3,64],["v56","v57","v58"]],["Split",["l8","v56","v57","v58"],[1],["l59","l60","l61"]],["SamplePerfectTile",["l9"],[3,64],["v62","v63","v64"]],["Split",["l9","v62","v63","v64"],[1],["l65","l66","l67"]],["Reorder",["l15","l25","l35","l45","l16","l26","l36","l46","l17","l27","l37","l47","l53","l59","l65","l54","l60","l66","l18","l28","l38","l48","l55","l61","l67","l19","l29","l39","l49"],[],[]],["Fuse",["l15","l25","l35","l45"],[1],["l68"]],["Bind",["l68"],["blockIdx.x"],[]],["Fuse",["l16","l26","l36","l46"],[1],["l69"]],["Bind",["l69"],["vthread.x"],[]],["Fuse",["l17","l27","l37","l47"],[1],["l70"]],["Bind",["l70"],["threadIdx.x"],[]],["Annotate",["b1",32],["meta_schedule.thread_extent_low_inclusive"],[]],["Annotate",["b1",1024],["meta_schedule.thread_extent_high_inclusive"],[]],["CacheWrite",["b1",[]],[0,"local"],["b71"]],["ReverseComputeAt",["b71","l70"],[1,-1],[]],["CacheRead",["b1",["b1"]],[0,"shared"],["b72"]],["ComputeAt",["b72","l65"],[1,-1],[]],["GetLoops",["b72"],[],["l73","l74","l75","l76","l77","l78","l79","l80","l81","l82"]],["Fuse",["l79","l80","l81","l82"],[1],["l83"]],["SampleCategorical",[],[[1,2,3,4],[0.25,0.25,0.25,0.25]],["v84"]],["Annotate",["b72","v84"],["meta_schedule.cooperative_fetch"],[]],["CacheRead",["b1",["b1"]],[1,"shared"],["b85"]],["ComputeAt",["b85","l65"],[1,-1],[]],["GetLoops",["b85"],[],["l86","l87","l88","l89","l90","l91","l92","l93","l94","l95"]],["Fuse",["l92","l93","l94","l95"],[1],["l96"]],["SampleCategorical",[],[[1,2,3,4],[0.25,0.25,0.25,0.25]],["v97"]],["Annotate",["b85","v97"],["meta_schedule.cooperative_fetch"],[]],["ComputeInline",["b0"],[],[]],["SampleCategorical",[],[[0,16,64,512,1024],[0.2000000000000000111,0.2000000000000000111,0.2000000000000000111,0.2000000000000000111,0.2000000000000000111]],["v98"]],["Annotate",["b2","v98"],["meta_schedule.unroll_explicit"],[]],["EnterPostproc",[],[],[]],["Unannotate",["b72"],["meta_schedule.cooperative_fetch"],[]],["GetLoops",["b72"],[],["l99","l100","l101","l102","l103","l104","l105"]],["Split",["l105","None",48,4],[1],["l106","l107","l108"]],["Vectorize",["l108"],[],[]],["Bind",["l107"],["threadIdx.x"],[]],["Unannotate",["b85"],["meta_schedule.cooperative_fetch"],[]],["GetLoops",["b85"],[],["l109","l110","l111","l112","l113","l114","l115"]],["Split",["l115","None",48,4],[1],["l116","l117","l118"]],["Vectorize",["l118"],[],[]],["Bind",["l117"],["threadIdx.x"],[]],["GetBlock",[],["root","main"],["b119"]],["Unannotate",["b119"],["meta_schedule.unroll_explicit"],[]],["GetChildBlocks",["b119"],[],["b120","b121","b122","b123"]],["GetLoops",["b120"],[],["l124","l125","l126","l127","l128","l129","l130","l131","l132"]],["Annotate",["l124",512],["pragma_auto_unroll_max_step"],[]],["Annotate",["l124",1],["pragma_unroll_explicit"],[]],["GetLoops",["b121"],[],["l133","l134","l135","l136","l137","l138","l139","l140","l141"]],["Annotate",["l133",512],["pragma_auto_unroll_max_step"],[]],["Annotate",["l133",1],["pragma_unroll_explicit"],[]],["GetLoops",["b122"],[],["l142","l143","l144","l145","l146","l147","l148","l149","l150","l151","l152","l153","l154","l155","l156","l157","l158","l159","l160","l161"]],["Annotate",["l142",512],["pragma_auto_unroll_max_step"],[]],["Annotate",["l142",1],["pragma_unroll_explicit"],[]],["GetLoops",["b123"],[],["l162","l163","l164","l165","l166","l167","l168"]],["Annotate",["l162",512],["pragma_auto_unroll_max_step"],[]],["Annotate",["l162",1],["pragma_unroll_explicit"],[]],["GetBlock",[],["conv2d_nhwc","main"],["b169"]],["GetLoops",["b169"],[],["l170","l171","l172","l173","l174","l175","l176","l177","l178","l179","l180","l181","l182","l183","l184","l185","l186","l187","l188","l189"]],["DecomposeReduction",["b169","l173"],[],["b190"]]],[[5,[1,2,2,1,1]],[7,[5,1,6,1,1]],[9,[6,1,1,1,5]],[11,[2,1,4,2,16]],[13,[1,1,1]],[15,[1,1,1]],[17,[16,32,1]],[34,3],[40,3],[43,3]]],[0],{"arch":"sm_70","keys":["cuda","gpu"],"kind":"cuda","max_num_threads":1024,"max_shared_memory_per_block":49152,"max_threads_per_block":1024,"registers_per_block":65536,"tag":"","thread_warp_size":32},[["TENSOR","float32",[4,30,30,512]],["TENSOR","float32",[1,1,512,256]],["TENSOR","float32",[4,30,30,256]]]]]
[0,[[[["GetBlock",[],["pad_temp","main"],["b0"]],["GetBlock",[],["conv2d_nhwc","main"],["b1"]],["GetBlock",[],["root","main"],["b2"]],["Annotate",["b1","\"SSSRRSRS\""],["meta_schedule.tiling_structure"],[]],["GetLoops",["b1"],[],["l3","l4","l5","l6","l7","l8","l9"]],["SamplePerfectTile",["l3"],[5,64],["v10","v11","v12","v13","v14"]],["Split",["l3","v10","v11","v12","v13","v14"],[1],["l15","l16","l17","l18","l19"]],["SamplePerfectTile",["l4"],[5,64],["v20","v21","v22","v23","v24"]],["Split",["l4","v20","v21","v22","v23","v24"],[1],["l25","l26","l27","l28","l29"]],["SamplePerfectTile",["l5"],[5,64],["v30","v31","v32","v33","v34"]],["Split",["l5","v30","v31","v32","v33","v34"],[1],["l35","l36","l37","l38","l39"]],["SamplePerfectTile",["l6"],[5,64],["v40","v41","v42","v43","v44"]],["Split",["l6","v40","v41","v42","v43","v44"],[1],["l45","l46","l47","l48","l49"]],["SamplePerfectTile",["l7"],[3,64],["v50","v51","v52"]],["Split",["l7","v50","v51","v52"],[1],["l53","l54","l55"]],["SamplePerfectTile",["l8"],[3,64],["v56","v57","v58"]],["Split",["l8","v56","v57","v58"],[1],["l59","l60","l61"]],["SamplePerfectTile",["l9"],[3,64],["v62","v63","v64"]],["Split",["l9","v62","v63","v64"],[1],["l65","l66","l67"]],["Reorder",["l15","l25","l35","l45","l16","l26","l36","l46","l17","l27","l37","l47","l53","l59","l65","l54","l60","l66","l18","l28","l38","l48","l55","l61","l67","l19","l29","l39","l49"],[],[]],["Fuse",["l15","l25","l35","l45"],[1],["l68"]],["Bind",["l68"],["blockIdx.x"],[]],["Fuse",["l16","l26","l36","l46"],[1],["l69"]],["Bind",["l69"],["vthread.x"],[]],["Fuse",["l17","l27","l37","l47"],[1],["l70"]],["Bind",["l70"],["threadIdx.x"],[]],["Annotate",["b1",32],["meta_schedule.thread_extent_low_inclusive"],[]],["Annotate",["b1",1024],["meta_schedule.thread_extent_high_inclusive"],[]],["CacheWrite",["b1",[]],[0,"local"],["b71"]],["ReverseComputeAt",["b71","l70"],[1,-1],[]],["CacheRead",["b1",["b1"]],[0,"shared"],["b72"]],["ComputeAt",["b72","l65"],[1,-1],[]],["GetLoops",["b72"],[],["l73","l74","l75","l76","l77","l78","l79","l80","l81","l82"]],["Fuse",["l79","l80","l81","l82"],[1],["l83"]],["SampleCategorical",[],[[1,2,3,4],[0.25,0.25,0.25,0.25]],["v84"]],["Annotate",["b72","v84"],["meta_schedule.cooperative_fetch"],[]],["CacheRead",["b1",["b1"]],[1,"shared"],["b85"]],["ComputeAt",["b85","l65"],[1,-1],[]],["GetLoops",["b85"],[],["l86","l87","l88","l89","l90","l91","l92","l93","l94","l95"]],["Fuse",["l92","l93","l94","l95"],[1],["l96"]],["SampleCategorical",[],[[1,2,3,4],[0.25,0.25,0.25,0.25]],["v97"]],["Annotate",["b85","v97"],["meta_schedule.cooperative_fetch"],[]],["ComputeInline",["b0"],[],[]],["SampleCategorical",[],[[0,16,64,512,1024],[0.2000000000000000111,0.2000000000000000111,0.2000000000000000111,0.2000000000000000111,0.2000000000000000111]],["v98"]],["Annotate",["b2","v98"],["meta_schedule.unroll_explicit"],[]],["EnterPostproc",[],[],[]],["Unannotate",["b72"],["meta_schedule.cooperative_fetch"],[]],["GetLoops",["b72"],[],["l99","l100","l101","l102","l103","l104","l105"]],["Split",["l105","None",128,4],[1],["l106","l107","l108"]],["Vectorize",["l108"],[],[]],["Bind",["l107"],["threadIdx.x"],[]],["Unannotate",["b85"],["meta_schedule.cooperative_fetch"],[]],["GetLoops",["b85"],[],["l109","l110","l111","l112","l113","l114","l115"]],["Split",["l115","None",128,2],[1],["l116","l117","l118"]],["Vectorize",["l118"],[],[]],["Bind",["l117"],["threadIdx.x"],[]],["GetBlock",[],["root","main"],["b119"]],["Unannotate",["b119"],["meta_schedule.unroll_explicit"],[]],["GetChildBlocks",["b119"],[],["b120","b121","b122","b123"]],["GetLoops",["b120"],[],["l124","l125","l126","l127","l128","l129","l130","l131","l132"]],["Annotate",["l124",512],["pragma_auto_unroll_max_step"],[]],["Annotate",["l124",1],["pragma_unroll_explicit"],[]],["GetLoops",["b121"],[],["l133","l134","l135","l136","l137","l138","l139","l140","l141"]],["Annotate",["l133",512],["pragma_auto_unroll_max_step"],[]],["Annotate",["l133",1],["pragma_unroll_explicit"],[]],["GetLoops",["b122"],[],["l142","l143","l144","l145","l146","l147","l148","l149","l150","l151","l152","l153","l154","l155","l156","l157","l158","l159","l160","l161"]],["Annotate",["l142",512],["pragma_auto_unroll_max_step"],[]],["Annotate",["l142",1],["pragma_unroll_explicit"],[]],["GetLoops",["b123"],[],["l162","l163","l164","l165","l166","l167","l168"]],["Annotate",["l162",512],["pragma_auto_unroll_max_step"],[]],["Annotate",["l162",1],["pragma_unroll_explicit"],[]],["GetBlock",[],["conv2d_nhwc","main"],["b169"]],["GetLoops",["b169"],[],["l170","l171","l172","l173","l174","l175","l176","l177","l178","l179","l180","l181","l182","l183","l184","l185","l186","l187","l188","l189"]],["DecomposeReduction",["b169","l173"],[],["b190"]]],[[5,[2,1,1,2,1]],[7,[1,5,1,1,6]],[9,[1,3,2,5,1]],[11,[1,4,64,1,1]],[13,[1,1,1]],[15,[1,1,1]],[17,[128,2,2]],[34,3],[40,1],[43,3]]],[0],{"arch":"sm_70","keys":["cuda","gpu"],"kind":"cuda","max_num_threads":1024,"max_shared_memory_per_block":49152,"max_threads_per_block":1024,"registers_per_block":65536,"tag":"","thread_warp_size":32},[["TENSOR","float32",[4,30,30,512]],["TENSOR","float32",[1,1,512,256]],["TENSOR","float32",[4,30,30,256]]]]]
[0,[[[["GetBlock",[],["pad_temp","main"],["b0"]],["GetBlock",[],["conv2d_nhwc","main"],["b1"]],["GetBlock",[],["root","main"],["b2"]],["Annotate",["b1","\"SSSRRSRS\""],["meta_schedule.tiling_structure"],[]],["GetLoops",["b1"],[],["l3","l4","l5","l6","l7","l8","l9"]],["SamplePerfectTile",["l3"],[5,64],["v10","v11","v12","v13","v14"]],["Split",["l3","v10","v11","v12","v13","v14"],[1],["l15","l16","l17","l18","l19"]],["SamplePerfectTile",["l4"],[5,64],["v20","v21","v22","v23","v24"]],["Split",["l4","v20","v21","v22","v23","v24"],[1],["l25","l26","l27","l28","l29"]],["SamplePerfectTile",["l5"],[5,64],["v30","v31","v32","v33","v34"]],["Split",["l5","v30","v31","v32","v33","v34"],[1],["l35","l36","l37","l38","l39"]],["SamplePerfectTile",["l6"],[5,64],["v40","v41","v42","v43","v44"]],["Split",["l6","v40","v41","v42","v43","v44"],[1],["l45","l46","l47","l48","l49"]],["SamplePerfectTile",["l7"],[3,64],["v50","v51","v52"]],["Split",["l7","v50","v51","v52"],[1],["l53","l54","l55"]],["SamplePerfectTile",["l8"],[3,64],["v56","v57","v58"]],["Split",["l8","v56","v57","v58"],[1],["l59","l60","l61"]],["SamplePerfectTile",["l9"],[3,64],["v62","v63","v64"]],["Split",["l9","v62","v63","v64"],[1],["l65","l66","l67"]],["Reorder",["l15","l25","l35","l45","l16","l26","l36","l46","l17","l27","l37","l47","l53","l59","l65","l54","l60","l66","l18","l28","l38","l48","l55","l61","l67","l19","l29","l39","l49"],[],[]],["Fuse",["l15","l25","l35","l45"],[1],["l68"]],["Bind",["l68"],["blockIdx.x"],[]],["Fuse",["l16","l26","l36","l46"],[1],["l69"]],["Bind",["l69"],["vthread.x"],[]],["Fuse",["l17","l27","l37","l47"],[1],["l70"]],["Bind",["l70"],["threadIdx.x"],[]],["Annotate",["b1",32],["meta_schedule.thread_extent_low_inclusive"],[]],["Annotate",["b1",1024],["meta_schedule.thread_extent_high_inclusive"],[]],["CacheWrite",["b1",[]],[0,"local"],["b71"]],["ReverseComputeAt",["b71","l70"],[1,-1],[]],["CacheRead",["b1",["b1"]],[0,"shared"],["b72"]],["ComputeAt",["b72","l65"],[1,-1],[]],["GetLoops",["b72"],[],["l73","l74","l75","l76","l77","l78","l79","l80","l81","l82"]],["Fuse",["l79","l80","l81","l82"],[1],["l83"]],["SampleCategorical",[],[[1,2,3,4],[0.25,0.25,0.25,0.25]],["v84"]],["Annotate",["b72","v84"],["meta_schedule.cooperative_fetch"],[]],["CacheRead",["b1",["b1"]],[1,"shared"],["b85"]],["ComputeAt",["b85","l65"],[1,-1],[]],["GetLoops",["b85"],[],["l86","l87","l88","l89","l90","l91","l92","l93","l94","l95"]],["Fuse",["l92","l93","l94","l95"],[1],["l96"]],["SampleCategorical",[],[[1,2,3,4],[0.25,0.25,0.25,0.25]],["v97"]],["Annotate",["b85","v97"],["meta_schedule.cooperative_fetch"],[]],["ComputeInline",["b0"],[],[]],["SampleCategorical",[],[[0,16,64,512,1024],[0.2000000000000000111,0.2000000000000000111,0.2000000000000000111,0.2000000000000000111,0.2000000000000000111]],["v98"]],["Annotate",["b2","v98"],["meta_schedule.unroll_explicit"],[]],["EnterPostproc",[],[],[]],["Unannotate",["b72"],["meta_schedule.cooperative_fetch"],[]],["GetLoops",["b72"],[],["l99","l100","l101","l102","l103","l104","l105"]],["Split",["l105","None",40,3],[1],["l106","l107","l108"]],["Vectorize",["l108"],[],[]],["Bind",["l107"],["threadIdx.x"],[]],["Unannotate",["b85"],["meta_schedule.cooperative_fetch"],[]],["GetLoops",["b85"],[],["l109","l110","l111","l112","l113","l114","l115"]],["Split",["l115","None",40],[1],["l116","l117"]],["Bind",["l117"],["threadIdx.x"],[]],["GetBlock",[],["root","main"],["b118"]],["Unannotate",["b118"],["meta_schedule.unroll_explicit"],[]],["GetChildBlocks",["b118"],[],["b119","b120","b121","b122"]],["GetLoops",["b119"],[],["l123","l124","l125","l126","l127","l128","l129","l130","l131"]],["Annotate",["l123",16],["pragma_auto_unroll_max_step"],[]],["Annotate",["l123",1],["pragma_unroll_explicit"],[]],["GetLoops",["b120"],[],["l132","l133","l134","l135","l136","l137","l138","l139"]],["Annotate",["l132",16],["pragma_auto_unroll_max_step"],[]],["Annotate",["l132",1],["pragma_unroll_explicit"],[]],["GetLoops",["b121"],[],["l140","l141","l142","l143","l144","l145","l146","l147","l148","l149","l150","l151","l152","l153","l154","l155","l156","l157","l158","l159"]],["Annotate",["l140",16],["pragma_auto_unroll_max_step"],[]],["Annotate",["l140",1],["pragma_unroll_explicit"],[]],["GetLoops",["b122"],[],["l160","l161","l162","l163","l164","l165","l166"]],["Annotate",["l160",16],["pragma_auto_unroll_max_step"],[]],["Annotate",["l160",1],["pragma_unroll_explicit"],[]],["GetBlock",[],["conv2d_nhwc","main"],["b167"]],["GetLoops",["b167"],[],["l168","l169","l170","l171","l172","l173","l174","l175","l176","l177","l178","l179","l180","l181","l182","l183","l184","l185","l186","l187"]],["DecomposeReduction",["b167","l171"],[],["b188"]]],[[5,[1,1,4,1,1]],[7,[1,3,5,2,1]],[9,[3,1,2,5,1]],[11,[16,2,1,4,2]],[13,[1,1,1]],[15,[1,1,1]],[17,[64,2,4]],[34,2],[40,2],[43,1]]],[0],{"arch":"sm_70","keys":["cuda","gpu"],"kind":"cuda","max_num_threads":1024,"max_shared_memory_per_block":49152,"max_threads_per_block":1024,"registers_per_block":65536,"tag":"","thread_warp_size":32},[["TENSOR","float32",[4,30,30,512]],["TENSOR","float32",[1,1,512,256]],["TENSOR","float32",[4,30,30,256]]]]]
[0,[[[["GetBlock",[],["pad_temp","main"],["b0"]],["GetBlock",[],["conv2d_nhwc","main"],["b1"]],["GetBlock",[],["root","main"],["b2"]],["Annotate",["b1","\"SSSRRSRS\""],["meta_schedule.tiling_structure"],[]],["GetLoops",["b1"],[],["l3","l4","l5","l6","l7","l8","l9"]],["SamplePerfectTile",["l3"],[5,64],["v10","v11","v12","v13","v14"]],["Split",["l3","v10","v11","v12","v13","v14"],[1],["l15","l16","l17","l18","l19"]],["SamplePerfectTile",["l4"],[5,64],["v20","v21","v22","v23","v24"]],["Split",["l4","v20","v21","v22","v23","v24"],[1],["l25","l26","l27","l28","l29"]],["SamplePerfectTile",["l5"],[5,64],["v30","v31","v32","v33","v34"]],["Split",["l5","v30","v31","v32","v33","v34"],[1],["l35","l36","l37","l38","l39"]],["SamplePerfectTile",["l6"],[5,64],["v40","v41","v42","v43","v44"]],["Split",["l6","v40","v41","v42","v43","v44"],[1],["l45","l46","l47","l48","l49"]],["SamplePerfectTile",["l7"],[3,64],["v50","v51","v52"]],["Split",["l7","v50","v51","v52"],[1],["l53","l54","l55"]],["SamplePerfectTile",["l8"],[3,64],["v56","v57","v58"]],["Split",["l8","v56","v57","v58"],[1],["l59","l60","l61"]],["SamplePerfectTile",["l9"],[3,64],["v62","v63","v64"]],["Split",["l9","v62","v63","v64"],[1],["l65","l66","l67"]],["Reorder",["l15","l25","l35","l45","l16","l26","l36","l46","l17","l27","l37","l47","l53","l59","l65","l54","l60","l66","l18","l28","l38","l48","l55","l61","l67","l19","l29","l39","l49"],[],[]],["Fuse",["l15","l25","l35","l45"],[1],["l68"]],["Bind",["l68"],["blockIdx.x"],[]],["Fuse",["l16","l26","l36","l46"],[1],["l69"]],["Bind",["l69"],["vthread.x"],[]],["Fuse",["l17","l27","l37","l47"],[1],["l70"]],["Bind",["l70"],["threadIdx.x"],[]],["Annotate",["b1",32],["meta_schedule.thread_extent_low_inclusive"],[]],["Annotate",["b1",1024],["meta_schedule.thread_extent_high_inclusive"],[]],["CacheWrite",["b1",[]],[0,"local"],["b71"]],["ReverseComputeAt",["b71","l70"],[1,-1],[]],["CacheRead",["b1",["b1"]],[0,"shared"],["b72"]],["ComputeAt",["b72","l65"],[1,-1],[]],["GetLoops",["b72"],[],["l73","l74","l75","l76","l77","l78","l79","l80","l81","l82"]],["Fuse",["l79","l80","l81","l82"],[1],["l83"]],["SampleCategorical",[],[[1,2,3,4],[0.25,0.25,0.25,0.25]],["v84"]],["Annotate",["b72","v84"],["meta_schedule.cooperative_fetch"],[]],["CacheRead",["b1",["b1"]],[1,"shared"],["b85"]],["ComputeAt",["b85","l65"],[1,-1],[]],["GetLoops",["b85"],[],["l86","l87","l88","l89","l90","l91","l92","l93","l94","l95"]],["Fuse",["l92","l93","l94","l95"],[1],["l96"]],["SampleCategorical",[],[[1,2,3,4],[0.25,0.25,0.25,0.25]],["v97"]],["Annotate",["b85","v97"],["meta_schedule.cooperative_fetch"],[]],["ComputeInline",["b0"],[],[]],["SampleCategorical",[],[[0,16,64,512,1024],[0.2000000000000000111,0.2000000000000000111,0.2000000000000000111,0.2000000000000000111,0.2000000000000000111]],["v98"]],["Annotate",["b2","v98"],["meta_schedule.unroll_explicit"],[]],["EnterPostproc",[],[],[]],["Unannotate",["b72"],["meta_schedule.cooperative_fetch"],[]],["GetLoops",["b72"],[],["l99","l100","l101","l102","l103","l104","l105"]],["Split",["l105","None",96,2],[1],["l106","l107","l108"]],["Vectorize",["l108"],[],[]],["Bind",["l107"],["threadIdx.x"],[]],["Unannotate",["b85"],["meta_schedule.cooperative_fetch"],[]],["GetLoops",["b85"],[],["l109","l110","l111","l112","l113","l114","l115"]],["Split",["l115","None",96,4],[1],["l116","l117","l118"]],["Vectorize",["l118"],[],[]],["Bind",["l117"],["threadIdx.x"],[]],["GetBlock",[],["root","main"],["b119"]],["Unannotate",["b119"],["meta_schedule.unroll_explicit"],[]],["GetChildBlocks",["b119"],[],["b120","b121","b122","b123"]],["GetLoops",["b120"],[],["l124","l125","l126","l127","l128","l129","l130","l131","l132"]],["Annotate",["l124",512],["pragma_auto_unroll_max_step"],[]],["Annotate",["l124",1],["pragma_unroll_explicit"],[]],["GetLoops",["b121"],[],["l133","l134","l135","l136","l137","l138","l139","l140","l141"]],["Annotate",["l133",512],["pragma_auto_unroll_max_step"],[]],["Annotate",["l133",1],["pragma_unroll_explicit"],[]],["GetLoops",["b122"],[],["l142","l143","l144","l145","l146","l147","l148","l149","l150","l151","l152","l153","l154","l155","l156","l157","l158","l159","l160","l161"]],["Annotate",["l142",512],["pragma_auto_unroll_max_step"],[]],["Annotate",["l142",1],["pragma_unroll_explicit"],[]],["GetLoops",["b123"],[],["l162","l163","l164","l165","l166","l167","l168"]],["Annotate",["l162",512],["pragma_auto_unroll_max_step"],[]],["Annotate",["l162",1],["pragma_unroll_explicit"],[]],["GetBlock",[],["conv2d_nhwc","main"],["b169"]],["GetLoops",["b169"],[],["l170","l171","l172","l173","l174","l175","l176","l177","l178","l179","l180","l181","l182","l183","l184","l185","l186","l187","l188","l189"]],["DecomposeReduction",["b169","l173"],[],["b190"]]],[[5,[1,2,2,1,1]],[7,[2,1,3,5,1]],[9,[3,1,2,1,5]],[11,[2,2,8,8,1]],[13,[1,1,1]],[15,[1,1,1]],[17,[256,2,1]],[34,1],[40,3],[43,3]]],[0],{"arch":"sm_70","keys":["cuda","gpu"],"kind":"cuda","max_num_threads":1024,"max_shared_memory_per_block":49152,"max_threads_per_block":1024,"registers_per_block":65536,"tag":"","thread_warp_size":32},[["TENSOR","float32",[4,30,30,512]],["TENSOR","float32",[1,1,512,256]],["TENSOR","float32",[4,30,30,256]]]]]
[0,[[[["GetBlock",[],["pad_temp","main"],["b0"]],["GetBlock",[],["conv2d_nhwc","main"],["b1"]],["GetBlock",[],["root","main"],["b2"]],["Annotate",["b1","\"SSSRRSRS\""],["meta_schedule.tiling_structure"],[]],["GetLoops",["b1"],[],["l3","l4","l5","l6","l7","l8","l9"]],["SamplePerfectTile",["l3"],[5,64],["v10","v11","v12","v13","v14"]],["Split",["l3","v10","v11","v12","v13","v14"],[1],["l15","l16","l17","l18","l19"]],["SamplePerfectTile",["l4"],[5,64],["v20","v21","v22","v23","v24"]],["Split",["l4","v20","v21","v22","v23","v24"],[1],["l25","l26","l27","l28","l29"]],["SamplePerfectTile",["l5"],[5,64],["v30","v31","v32","v33","v34"]],["Split",["l5","v30","v31","v32","v33","v34"],[1],["l35","l36","l37","l38","l39"]],["SamplePerfectTile",["l6"],[5,64],["v40","v41","v42","v43","v44"]],["Split",["l6","v40","v41","v42","v43","v44"],[1],["l45","l46","l47","l48","l49"]],["SamplePerfectTile",["l7"],[3,64],["v50","v51","v52"]],["Split",["l7","v50","v51","v52"],[1],["l53","l54","l55"]],["SamplePerfectTile",["l8"],[3,64],["v56","v57","v58"]],["Split",["l8","v56","v57","v58"],[1],["l59","l60","l61"]],["SamplePerfectTile",["l9"],[3,64],["v62","v63","v64"]],["Split",["l9","v62","v63","v64"],[1],["l65","l66","l67"]],["Reorder",["l15","l25","l35","l45","l16","l26","l36","l46","l17","l27","l37","l47","l53","l59","l65","l54","l60","l66","l18","l28","l38","l48","l55","l61","l67","l19","l29","l39","l49"],[],[]],["Fuse",["l15","l25","l35","l45"],[1],["l68"]],["Bind",["l68"],["blockIdx.x"],[]],["Fuse",["l16","l26","l36","l46"],[1],["l69"]],["Bind",["l69"],["vthread.x"],[]],["Fuse",["l17","l27","l37","l47"],[1],["l70"]],["Bind",["l70"],["threadIdx.x"],[]],["Annotate",["b1",32],["meta_schedule.thread_extent_low_inclusive"],[]],["Annotate",["b1",1024],["meta_schedule.thread_extent_high_inclusive"],[]],["CacheWrite",["b1",[]],[0,"local"],["b71"]],["ReverseComputeAt",["b71","l70"],[1,-1],[]],["CacheRead",["b1",["b1"]],[0,"shared"],["b72"]],["ComputeAt",["b72","l65"],[1,-1],[]],["GetLoops",["b72"],[],["l73","l74","l75","l76","l77","l78","l79","l80","l81","l82"]],["Fuse",["l79","l80","l81","l82"],[1],["l83"]],["SampleCategorical",[],[[1,2,3,4],[0.25,0.25,0.25,0.25]],["v84"]],["Annotate",["b72","v84"],["meta_schedule.cooperative_fetch"],[]],["CacheRead",["b1",["b1"]],[1,"shared"],["b85"]],["ComputeAt",["b85","l65"],[1,-1],[]],["GetLoops",["b85"],[],["l86","l87","l88","l89","l90","l91","l92","l93","l94","l95"]],["Fuse",["l92","l93","l94","l95"],[1],["l96"]],["SampleCategorical",[],[[1,2,3,4],[0.25,0.25,0.25,0.25]],["v97"]],["Annotate",["b85","v97"],["meta_schedule.cooperative_fetch"],[]],["ComputeInline",["b0"],[],[]],["SampleCategorical",[],[[0,16,64,512,1024],[0.2000000000000000111,0.2000000000000000111,0.2000000000000000111,0.2000000000000000111,0.2000000000000000111]],["v98"]],["Annotate",["b2","v98"],["meta_schedule.unroll_explicit"],[]],["EnterPostproc",[],[],[]],["Unannotate",["b72"],["meta_schedule.cooperative_fetch"],[]],["GetLoops",["b72"],[],["l99","l100","l101","l102","l103","l104","l105"]],["Split",["l105","None",80,4],[1],["l106","l107","l108"]],["Vectorize",["l108"],[],[]],["Bind",["l107"],["threadIdx.x"],[]],["Unannotate",["b85"],["meta_schedule.cooperative_fetch"],[]],["GetLoops",["b85"],[],["l109","l110","l111","l112","l113","l114","l115"]],["Split",["l115","None",80,4],[1],["l116","l117","l118"]],["Vectorize",["l118"],[],[]],["Bind",["l117"],["threadIdx.x"],[]],["GetBlock",[],["root","main"],["b119"]],["Unannotate",["b119"],["meta_schedule.unroll_explicit"],[]],["GetChildBlocks",["b119"],[],["b120","b121","b122","b123"]],["GetLoops",["b120"],[],["l124","l125","l126","l127","l128","l129","l130","l131","l132"]],["Annotate",["l124",64],["pragma_auto_unroll_max_step"],[]],["Annotate",["l124",1],["pragma_unroll_explicit"],[]],["GetLoops",["b121"],[],["l133","l134","l135","l136","l137","l138","l139","l140","l141"]],["Annotate",["l133",64],["pragma_auto_unroll_max_step"],[]],["Annotate",["l133",1],["pragma_unroll_explicit"],[]],["GetLoops",["b122"],[],["l142","l143","l144","l145","l146","l147","l148","l149","l150","l151","l152","l153","l154","l155","l156","l157","l158","l159","l160","l161"]],["Annotate",["l142",64],["pragma_auto_unroll_max_step"],[]],["Annotate",["l142",1],["pragma_unroll_explicit"],[]],["GetLoops",["b123"],[],["l162","l163","l164","l165","l166","l167","l168"]],["Annotate",["l162",64],["pragma_auto_unroll_max_step"],[]],["Annotate",["l162",1],["pragma_unroll_explicit"],[]],["GetBlock",[],["conv2d_nhwc","main"],["b169"]],["GetLoops",["b169"],[],["l170","l171","l172","l173","l174","l175","l176","l177","l178","l179","l180","l181","l182","l183","l184","l185","l186","l187","l188","l189"]],["DecomposeReduction",["b169","l173"],[],["b190"]]],[[5,[1,1,1,4,1]],[7,[1,2,5,1,3]],[9,[5,1,2,1,3]],[11,[4,8,8,1,1]],[13,[1,1,1]],[15,[1,1,1]],[17,[64,1,8]],[34,3],[40,3],[43,2]]],[0],{"arch":"sm_70","keys":["cuda","gpu"],"kind":"cuda","max_num_threads":1024,"max_shared_memory_per_block":49152,"max_threads_per_block":1024,"registers_per_block":65536,"tag":"","thread_warp_size":32},[["TENSOR","float32",[4,30,30,512]],["TENSOR","float32",[1,1,512,256]],["TENSOR","float32",[4,30,30,256]]]]]
[0,[[[["GetBlock",[],["pad_temp","main"],["b0"]],["GetBlock",[],["conv2d_nhwc","main"],["b1"]],["GetBlock",[],["root","main"],["b2"]],["Annotate",["b1","\"SSSRRSRS\""],["meta_schedule.tiling_structure"],[]],["GetLoops",["b1"],[],["l3","l4","l5","l6","l7","l8","l9"]],["SamplePerfectTile",["l3"],[5,64],["v10","v11","v12","v13","v14"]],["Split",["l3","v10","v11","v12","v13","v14"],[1],["l15","l16","l17","l18","l19"]],["SamplePerfectTile",["l4"],[5,64],["v20","v21","v22","v23","v24"]],["Split",["l4","v20","v21","v22","v23","v24"],[1],["l25","l26","l27","l28","l29"]],["SamplePerfectTile",["l5"],[5,64],["v30","v31","v32","v33","v34"]],["Split",["l5","v30","v31","v32","v33","v34"],[1],["l35","l36","l37","l38","l39"]],["SamplePerfectTile",["l6"],[5,64],["v40","v41","v42","v43","v44"]],["Split",["l6","v40","v41","v42","v43","v44"],[1],["l45","l46","l47","l48","l49"]],["SamplePerfectTile",["l7"],[3,64],["v50","v51","v52"]],["Split",["l7","v50","v51","v52"],[1],["l53","l54","l55"]],["SamplePerfectTile",["l8"],[3,64],["v56","v57","v58"]],["Split",["l8","v56","v57","v58"],[1],["l59","l60","l61"]],["SamplePerfectTile",["l9"],[3,64],["v62","v63","v64"]],["Split",["l9","v62","v63","v64"],[1],["l65","l66","l67"]],["Reorder",["l15","l25","l35","l45","l16","l26","l36","l46","l17","l27","l37","l47","l53","l59","l65","l54","l60","l66","l18","l28","l38","l48","l55","l61","l67","l19","l29","l39","l49"],[],[]],["Fuse",["l15","l25","l35","l45"],[1],["l68"]],["Bind",["l68"],["blockIdx.x"],[]],["Fuse",["l16","l26","l36","l46"],[1],["l69"]],["Bind",["l69"],["vthread.x"],[]],["Fuse",["l17","l27","l37","l47"],[1],["l70"]],["Bind",["l70"],["threadIdx.x"],[]],["Annotate",["b1",32],["meta_schedule.thread_extent_low_inclusive"],[]],["Annotate",["b1",1024],["meta_schedule.thread_extent_high_inclusive"],[]],["CacheWrite",["b1",[]],[0,"local"],["b71"]],["ReverseComputeAt",["b71","l70"],[1,-1],[]],["CacheRead",["b1",["b1"]],[0,"shared"],["b72"]],["ComputeAt",["b72","l65"],[1,-1],[]],["GetLoops",["b72"],[],["l73","l74","l75","l76","l77","l78","l79","l80","l81","l82"]],["Fuse",["l79","l80","l81","l82"],[1],["l83"]],["SampleCategorical",[],[[1,2,3,4],[0.25,0.25,0.25,0.25]],["v84"]],["Annotate",["b72","v84"],["meta_schedule.cooperative_fetch"],[]],["CacheRead",["b1",["b1"]],[1,"shared"],["b85"]],["ComputeAt",["b85","l65"],[1,-1],[]],["GetLoops",["b85"],[],["l86","l87","l88","l89","l90","l91","l92","l93","l94","l95"]],["Fuse",["l92","l93","l94","l95"],[1],["l96"]],["SampleCategorical",[],[[1,2,3,4],[0.25,0.25,0.25,0.25]],["v97"]],["Annotate",["b85","v97"],["meta_schedule.cooperative_fetch"],[]],["ComputeInline",["b0"],[],[]],["SampleCategorical",[],[[0,16,64,512,1024],[0.2000000000000000111,0.2000000000000000111,0.2000000000000000111,0.2000000000000000111,0.2000000000000000111]],["v98"]],["Annotate",["b2","v98"],["meta_schedule.unroll_explicit"],[]],["EnterPostproc",[],[],[]],["Unannotate",["b72"],["meta_schedule.cooperative_fetch"],[]],["GetLoops",["b72"],[],["l99","l100","l101","l102","l103","l104","l105"]],["Split",["l105","None",40],[1],["l106","l107"]],["Bind",["l107"],["threadIdx.x"],[]],["Unannotate",["b85"],["meta_schedule.cooperative_fetch"],[]],["GetLoops",["b85"],[],["l108","l109","l110","l111","l112","l113","l114"]],["Split",["l114","None",40,2],[1],["l115","l116","l117"]],["Vectorize",["l117"],[],[]],["Bind",["l116"],["threadIdx.x"],[]],["GetBlock",[],["root","main"],["b118"]],["Unannotate",["b118"],["meta_schedule.unroll_explicit"],[]],["GetChildBlocks",["b118"],[],["b119","b120","b121","b122"]],["GetLoops",["b119"],[],["l123","l124","l125","l126","l127","l128","l129","l130"]],["Annotate",["l123",512],["pragma_auto_unroll_max_step"],[]],["Annotate",["l123",1],["pragma_unroll_explicit"],[]],["GetLoops",["b120"],[],["l131","l132","l133","l134","l135","l136","l137","l138","l139"]],["Annotate",["l131",512],["pragma_auto_unroll_max_step"],[]],["Annotate",["l131",1],["pragma_unroll_explicit"],[]],["GetLoops",["b121"],[],["l140","l141","l142","l143","l144","l145","l146","l147","l148","l149","l150","l151","l152","l153","l154","l155","l156","l157","l158","l159"]],["Annotate",["l140",512],["pragma_auto_unroll_max_step"],[]],["Annotate",["l140",1],["pragma_unroll_explicit"],[]],["GetLoops",["b122"],[],["l160","l161","l162","l163","l164","l165","l166"]],["Annotate",["l160",512],["pragma_auto_unroll_max_step"],[]],["Annotate",["l160",1],["pragma_unroll_explicit"],[]],["GetBlock",[],["conv2d_nhwc","main"],["b167"]],["GetLoops",["b167"],[],["l168","l169","l170","l171","l172","l173","l174","l175","l176","l177","l178","l179","l180","l181","l182","l183","l184","l185","l186","l187"]],["DecomposeReduction",["b167","l171"],[],["b188"]]],[[5,[1,1,2,1,2]],[7,[3,1,10,1,1]],[9,[3,1,1,10,1]],[11,[64,1,2,1,2]],[13,[1,1,1]],[15,[1,1,1]],[17,[64,8,1]],[34,0],[40,1],[43,3]]],[0],{"arch":"sm_70","keys":["cuda","gpu"],"kind":"cuda","max_num_threads":1024,"max_shared_memory_per_block":49152,"max_threads_per_block":1024,"registers_per_block":65536,"tag":"","thread_warp_size":32},[["TENSOR","float32",[4,30,30,512]],["TENSOR","float32",[1,1,512,256]],["TENSOR","float32",[4,30,30,256]]]]]
[0,[[[["GetBlock",[],["pad_temp","main"],["b0"]],["GetBlock",[],["conv2d_nhwc","main"],["b1"]],["GetBlock",[],["root","main"],["b2"]],["Annotate",["b1","\"SSSRRSRS\""],["meta_schedule.tiling_structure"],[]],["GetLoops",["b1"],[],["l3","l4","l5","l6","l7","l8","l9"]],["SamplePerfectTile",["l3"],[5,64],["v10","v11","v12","v13","v14"]],["Split",["l3","v10","v11","v12","v13","v14"],[1],["l15","l16","l17","l18","l19"]],["SamplePerfectTile",["l4"],[5,64],["v20","v21","v22","v23","v24"]],["Split",["l4","v20","v21","v22","v23","v24"],[1],["l25","l26","l27","l28","l29"]],["SamplePerfectTile",["l5"],[5,64],["v30","v31","v32","v33","v34"]],["Split",["l5","v30","v31","v32","v33","v34"],[1],["l35","l36","l37","l38","l39"]],["SamplePerfectTile",["l6"],[5,64],["v40","v41","v42","v43","v44"]],["Split",["l6","v40","v41","v42","v43","v44"],[1],["l45","l46","l47","l48","l49"]],["SamplePerfectTile",["l7"],[3,64],["v50","v51","v52"]],["Split",["l7","v50","v51","v52"],[1],["l53","l54","l55"]],["SamplePerfectTile",["l8"],[3,64],["v56","v57","v58"]],["Split",["l8","v56","v57","v58"],[1],["l59","l60","l61"]],["SamplePerfectTile",["l9"],[3,64],["v62","v63","v64"]],["Split",["l9","v62","v63","v64"],[1],["l65","l66","l67"]],["Reorder",["l15","l25","l35","l45","l16","l26","l36","l46","l17","l27","l37","l47","l53","l59","l65","l54","l60","l66","l18","l28","l38","l48","l55","l61","l67","l19","l29","l39","l49"],[],[]],["Fuse",["l15","l25","l35","l45"],[1],["l68"]],["Bind",["l68"],["blockIdx.x"],[]],["Fuse",["l16","l26","l36","l46"],[1],["l69"]],["Bind",["l69"],["vthread.x"],[]],["Fuse",["l17","l27","l37","l47"],[1],["l70"]],["Bind",["l70"],["threadIdx.x"],[]],["Annotate",["b1",32],["meta_schedule.thread_extent_low_inclusive"],[]],["Annotate",["b1",1024],["meta_schedule.thread_extent_high_inclusive"],[]],["CacheWrite",["b1",[]],[0,"local"],["b71"]],["ReverseComputeAt",["b71","l70"],[1,-1],[]],["CacheRead",["b1",["b1"]],[0,"shared"],["b72"]],["ComputeAt",["b72","l65"],[1,-1],[]],["GetLoops",["b72"],[],["l73","l74","l75","l76","l77","l78","l79","l80","l81","l82"]],["Fuse",["l79","l80","l81","l82"],[1],["l83"]],["SampleCategorical",[],[[1,2,3,4],[0.25,0.25,0.25,0.25]],["v84"]],["Annotate",["b72","v84"],["meta_schedule.cooperative_fetch"],[]],["CacheRead",["b1",["b1"]],[1,"shared"],["b85"]],["ComputeAt",["b85","l65"],[1,-1],[]],["GetLoops",["b85"],[],["l86","l87","l88","l89","l90","l91","l92","l93","l94","l95"]],["Fuse",["l92","l93","l94","l95"],[1],["l96"]],["SampleCategorical",[],[[1,2,3,4],[0.25,0.25,0.25,0.25]],["v97"]],["Annotate",["b85","v97"],["meta_schedule.cooperative_fetch"],[]],["ComputeInline",["b0"],[],[]],["SampleCategorical",[],[[0,16,64,512,1024],[0.2000000000000000111,0.2000000000000000111,0.2000000000000000111,0.2000000000000000111,0.2000000000000000111]],["v98"]],["Annotate",["b2","v98"],["meta_schedule.unroll_explicit"],[]],["EnterPostproc",[],[],[]],["Unannotate",["b72"],["meta_schedule.cooperative_fetch"],[]],["GetLoops",["b72"],[],["l99","l100","l101","l102","l103","l104","l105"]],["Split",["l105","None",80,2],[1],["l106","l107","l108"]],["Vectorize",["l108"],[],[]],["Bind",["l107"],["threadIdx.x"],[]],["Unannotate",["b85"],["meta_schedule.cooperative_fetch"],[]],["GetLoops",["b85"],[],["l109","l110","l111","l112","l113","l114","l115"]],["Split",["l115","None",80,4],[1],["l116","l117","l118"]],["Vectorize",["l118"],[],[]],["Bind",["l117"],["threadIdx.x"],[]],["GetBlock",[],["root","main"],["b119"]],["Unannotate",["b119"],["meta_schedule.unroll_explicit"],[]],["GetChildBlocks",["b119"],[],["b120","b121","b122","b123"]],["GetLoops",["b120"],[],["l124","l125","l126","l127","l128","l129","l130","l131","l132"]],["GetLoops",["b121"],[],["l133","l134","l135","l136","l137","l138","l139","l140","l141"]],["GetLoops",["b122"],[],["l142","l143","l144","l145","l146","l147","l148","l149","l150","l151","l152","l153","l154","l155","l156","l157","l158","l159","l160","l161"]],["GetLoops",["b123"],[],["l162","l163","l164","l165","l166","l167","l168"]],["GetBlock",[],["conv2d_nhwc","main"],["b169"]],["GetLoops",["b169"],[],["l170","l171","l172","l173","l174","l175","l176","l177","l178","l179","l180","l181","l182","l183","l184","l185","l186","l187","l188","l189"]],["DecomposeReduction",["b169","l173"],[],["b190"]]],[[5,[1,1,4,1,1]],[7,[1,3,5,1,2]],[9,[1,1,1,10,3]],[11,[1,1,4,32,2]],[13,[1,1,1]],[15,[1,1,1]],[17,[256,1,2]],[34,1],[40,3],[43,0]]],[0],{"arch":"sm_70","keys":["cuda","gpu"],"kind":"cuda","max_num_threads":1024,"max_shared_memory_per_block":49152,"max_threads_per_block":1024,"registers_per_block":65536,"tag":"","thread_warp_size":32},[["TENSOR","float32",[4,30,30,512]],["TENSOR","float32",[1,1,512,256]],["TENSOR","float32",[4,30,30,256]]]]]
[0,[[[["GetBlock",[],["pad_temp","main"],["b0"]],["GetBlock",[],["conv2d_nhwc","main"],["b1"]],["GetBlock",[],["root","main"],["b2"]],["Annotate",["b1","\"SSSRRSRS\""],["meta_schedule.tiling_structure"],[]],["GetLoops",["b1"],[],["l3","l4","l5","l6","l7","l8","l9"]],["SamplePerfectTile",["l3"],[5,64],["v10","v11","v12","v13","v14"]],["Split",["l3","v10","v11","v12","v13","v14"],[1],["l15","l16","l17","l18","l19"]],["SamplePerfectTile",["l4"],[5,64],["v20","v21","v22","v23","v24"]],["Split",["l4","v20","v21","v22","v23","v24"],[1],["l25","l26","l27","l28","l29"]],["SamplePerfectTile",["l5"],[5,64],["v30","v31","v32","v33","v34"]],["Split",["l5","v30","v31","v32","v33","v34"],[1],["l35","l36","l37","l38","l39"]],["SamplePerfectTile",["l6"],[5,64],["v40","v41","v42","v43","v44"]],["Split",["l6","v40","v41","v42","v43","v44"],[1],["l45","l46","l47","l48","l49"]],["SamplePerfectTile",["l7"],[3,64],["v50","v51","v52"]],["Split",["l7","v50","v51","v52"],[1],["l53","l54","l55"]],["SamplePerfectTile",["l8"],[3,64],["v56","v57","v58"]],["Split",["l8","v56","v57","v58"],[1],["l59","l60","l61"]],["SamplePerfectTile",["l9"],[3,64],["v62","v63","v64"]],["Split",["l9","v62","v63","v64"],[1],["l65","l66","l67"]],["Reorder",["l15","l25","l35","l45","l16","l26","l36","l46","l17","l27","l37","l47","l53","l59","l65","l54","l60","l66","l18","l28","l38","l48","l55","l61","l67","l19","l29","l39","l49"],[],[]],["Fuse",["l15","l25","l35","l45"],[1],["l68"]],["Bind",["l68"],["blockIdx.x"],[]],["Fuse",["l16","l26","l36","l46"],[1],["l69"]],["Bind",["l69"],["vthread.x"],[]],["Fuse",["l17","l27","l37","l47"],[1],["l70"]],["Bind",["l70"],["threadIdx.x"],[]],["Annotate",["b1",32],["meta_schedule.thread_extent_low_inclusive"],[]],["Annotate",["b1",1024],["meta_schedule.thread_extent_high_inclusive"],[]],["CacheWrite",["b1",[]],[0,"local"],["b71"]],["ReverseComputeAt",["b71","l70"],[1,-1],[]],["CacheRead",["b1",["b1"]],[0,"shared"],["b72"]],["ComputeAt",["b72","l65"],[1,-1],[]],["GetLoops",["b72"],[],["l73","l74","l75","l76","l77","l78","l79","l80","l81","l82"]],["Fuse",["l79","l80","l81","l82"],[1],["l83"]],["SampleCategorical",[],[[1,2,3,4],[0.25,0.25,0.25,0.25]],["v84"]],["Annotate",["b72","v84"],["meta_schedule.cooperative_fetch"],[]],["CacheRead",["b1",["b1"]],[1,"shared"],["b85"]],["ComputeAt",["b85","l65"],[1,-1],[]],["GetLoops",["b85"],[],["l86","l87","l88","l89","l90","l91","l92","l93","l94","l95"]],["Fuse",["l92","l93","l94","l95"],[1],["l96"]],["SampleCategorical",[],[[1,2,3,4],[0.25,0.25,0.25,0.25]],["v97"]],["Annotate",["b85","v97"],["meta_schedule.cooperative_fetch"],[]],["ComputeInline",["b0"],[],[]],["SampleCategorical",[],[[0,16,64,512,1024],[0.2000000000000000111,0.2000000000000000111,0.2000000000000000111,0.2000000000000000111,0.2000000000000000111]],["v98"]],["Annotate",["b2","v98"],["meta_schedule.unroll_explicit"],[]],["EnterPostproc",[],[],[]],["Unannotate",["b72"],["meta_schedule.cooperative_fetch"],[]],["GetLoops",["b72"],[],["l99","l100","l101","l102","l103","l104","l105"]],["Split",["l105","None",60],[1],["l106","l107"]],["Bind",["l107"],["threadIdx.x"],[]],["Unannotate",["b85"],["meta_schedule.cooperative_fetch"],[]],["GetLoops",["b85"],[],["l108","l109","l110","l111","l112","l113","l114"]],["Split",["l114","None",60],[1],["l115","l116"]],["Bind",["l116"],["threadIdx.x"],[]],["GetBlock",[],["root","main"],["b117"]],["Unannotate",["b117"],["meta_schedule.unroll_explicit"],[]],["GetChildBlocks",["b117"],[],["b118","b119","b120","b121"]],["GetLoops",["b118"],[],["l122","l123","l124","l125","l126","l127","l128","l129"]],["Annotate",["l122",1024],["pragma_auto_unroll_max_step"],[]],["Annotate",["l122",1],["pragma_unroll_explicit"],[]],["GetLoops",["b119"],[],["l130","l131","l132","l133","l134","l135","l136","l137"]],["Annotate",["l130",1024],["pragma_auto_unroll_max_step"],[]],["Annotate",["l130",1],["pragma_unroll_explicit"],[]],["GetLoops",["b120"],[],["l138","l139","l140","l141","l142","l143","l144","l145","l146","l147","l148","l149","l150","l151","l152","l153","l154","l155","l156","l157"]],["Annotate",["l138",1024],["pragma_auto_unroll_max_step"],[]],["Annotate",["l138",1],["pragma_unroll_explicit"],[]],["GetLoops",["b121"],[],["l158","l159","l160","l161","l162","l163","l164"]],["Annotate",["l158",1024],["pragma_auto_unroll_max_step"],[]],["Annotate",["l158",1],["pragma_unroll_explicit"],[]],["GetBlock",[],["conv2d_nhwc","main"],["b165"]],["GetLoops",["b165"],[],["l166","l167","l168","l169","l170","l171","l172","l173","l174","l175","l176","l177","l178","l179","l180","l181","l182","l183","l184","l185"]],["DecomposeReduction",["b165","l169"],[],["b186"]]],[[5,[2,1,1,2,1]],[7,[3,1,5,1,2]],[9,[5,1,6,1,1]],[11,[1,64,2,1,2]],[13,[1,1,1]],[15,[1,1,1]],[17,[32,1,16]],[34,0],[40,2],[43,4]]],[0],{"arch":"sm_70","keys":["cuda","gpu"],"kind":"cuda","max_num_threads":1024,"max_shared_memory_per_block":49152,"max_threads_per_block":1024,"registers_per_block":65536,"tag":"","thread_warp_size":32},[["TENSOR","float32",[4,30,30,512]],["TENSOR","float32",[1,1,512,256]],["TENSOR","float32",[4,30,30,256]]]]]
[0,[[[["GetBlock",[],["pad_temp","main"],["b0"]],["GetBlock",[],["conv2d_nhwc","main"],["b1"]],["GetBlock",[],["root","main"],["b2"]],["Annotate",["b1","\"SSSRRSRS\""],["meta_schedule.tiling_structure"],[]],["GetLoops",["b1"],[],["l3","l4","l5","l6","l7","l8","l9"]],["SamplePerfectTile",["l3"],[5,64],["v10","v11","v12","v13","v14"]],["Split",["l3","v10","v11","v12","v13","v14"],[1],["l15","l16","l17","l18","l19"]],["SamplePerfectTile",["l4"],[5,64],["v20","v21","v22","v23","v24"]],["Split",["l4","v20","v21","v22","v23","v24"],[1],["l25","l26","l27","l28","l29"]],["SamplePerfectTile",["l5"],[5,64],["v30","v31","v32","v33","v34"]],["Split",["l5","v30","v31","v32","v33","v34"],[1],["l35","l36","l37","l38","l39"]],["SamplePerfectTile",["l6"],[5,64],["v40","v41","v42","v43","v44"]],["Split",["l6","v40","v41","v42","v43","v44"],[1],["l45","l46","l47","l48","l49"]],["SamplePerfectTile",["l7"],[3,64],["v50","v51","v52"]],["Split",["l7","v50","v51","v52"],[1],["l53","l54","l55"]],["SamplePerfectTile",["l8"],[3,64],["v56","v57","v58"]],["Split",["l8","v56","v57","v58"],[1],["l59","l60","l61"]],["SamplePerfectTile",["l9"],[3,64],["v62","v63","v64"]],["Split",["l9","v62","v63","v64"],[1],["l65","l66","l67"]],["Reorder",["l15","l25","l35","l45","l16","l26","l36","l46","l17","l27","l37","l47","l53","l59","l65","l54","l60","l66","l18","l28","l38","l48","l55","l61","l67","l19","l29","l39","l49"],[],[]],["Fuse",["l15","l25","l35","l45"],[1],["l68"]],["Bind",["l68"],["blockIdx.x"],[]],["Fuse",["l16","l26","l36","l46"],[1],["l69"]],["Bind",["l69"],["vthread.x"],[]],["Fuse",["l17","l27","l37","l47"],[1],["l70"]],["Bind",["l70"],["threadIdx.x"],[]],["Annotate",["b1",32],["meta_schedule.thread_extent_low_inclusive"],[]],["Annotate",["b1",1024],["meta_schedule.thread_extent_high_inclusive"],[]],["CacheWrite",["b1",[]],[0,"local"],["b71"]],["ReverseComputeAt",["b71","l70"],[1,-1],[]],["CacheRead",["b1",["b1"]],[0,"shared"],["b72"]],["ComputeAt",["b72","l65"],[1,-1],[]],["GetLoops",["b72"],[],["l73","l74","l75","l76","l77","l78","l79","l80","l81","l82"]],["Fuse",["l79","l80","l81","l82"],[1],["l83"]],["SampleCategorical",[],[[1,2,3,4],[0.25,0.25,0.25,0.25]],["v84"]],["Annotate",["b72","v84"],["meta_schedule.cooperative_fetch"],[]],["CacheRead",["b1",["b1"]],[1,"shared"],["b85"]],["ComputeAt",["b85","l65"],[1,-1],[]],["GetLoops",["b85"],[],["l86","l87","l88","l89","l90","l91","l92","l93","l94","l95"]],["Fuse",["l92","l93","l94","l95"],[1],["l96"]],["SampleCategorical",[],[[1,2,3,4],[0.25,0.25,0.25,0.25]],["v97"]],["Annotate",["b85","v97"],["meta_schedule.cooperative_fetch"],[]],["ComputeInline",["b0"],[],[]],["SampleCategorical",[],[[0,16,64,512,1024],[0.2000000000000000111,0.2000000000000000111,0.2000000000000000111,0.2000000000000000111,0.2000000000000000111]],["v98"]],["Annotate",["b2","v98"],["meta_schedule.unroll_explicit"],[]],["EnterPostproc",[],[],[]],["Unannotate",["b72"],["meta_schedule.cooperative_fetch"],[]],["GetLoops",["b72"],[],["l99","l100","l101","l102","l103","l104","l105"]],["Split",["l105","None",192,3],[1],["l106","l107","l108"]],["Vectorize",["l108"],[],[]],["Bind",["l107"],["threadIdx.x"],[]],["Unannotate",["b85"],["meta_schedule.cooperative_fetch"],[]],["GetLoops",["b85"],[],["l109","l110","l111","l112","l113","l114","l115"]],["Split",["l115","None",192,2],[1],["l116","l117","l118"]],["Vectorize",["l118"],[],[]],["Bind",["l117"],["threadIdx.x"],[]],["GetBlock",[],["root","main"],["b119"]],["Unannotate",["b119"],["meta_schedule.unroll_explicit"],[]],["GetChildBlocks",["b119"],[],["b120","b121","b122","b123"]],["GetLoops",["b120"],[],["l124","l125","l126","l127","l128","l129","l130","l131","l132"]],["Annotate",["l124",1024],["pragma_auto_unroll_max_step"],[]],["Annotate",["l124",1],["pragma_unroll_explicit"],[]],["GetLoops",["b121"],[],["l133","l134","l135","l136","l137","l138","l139","l140","l141"]],["Annotate",["l133",1024],["pragma_auto_unroll_max_step"],[]],["Annotate",["l133",1],["pragma_unroll_explicit"],[]],["GetLoops",["b122"],[],["l142","l143","l144","l145","l146","l147","l148","l149","l150","l151","l152","l153","l154","l155","l156","l157","l158","l159","l160","l161"]],["Annotate",["l142",1024],["pragma_auto_unroll_max_step"],[]],["Annotate",["l142",1],["pragma_unroll_explicit"],[]],["GetLoops",["b123"],[],["l162","l163","l164","l165","l166","l167","l168"]],["Annotate",["l162",1024],["pragma_auto_unroll_max_step"],[]],["Annotate",["l162",1],["pragma_unroll_explicit"],[]],["GetBlock",[],["conv2d_nhwc","main"],["b169"]],["GetLoops",["b169"],[],["l170","l171","l172","l173","l174","l175","l176","l177","l178","l179","l180","l181","l182","l183","l184","l185","l186","l187","l188","l189"]],["DecomposeReduction",["b169","l173"],[],["b190"]]],[[5,[1,1,1,1,4]],[7,[1,5,3,1,2]],[9,[15,2,1,1,1]],[11,[1,4,64,1,1]],[13,[1,1,1]],[15,[1,1,1]],[17,[128,2,2]],[34,2],[40,1],[43,4]]],[0],{"arch":"sm_70","keys":["cuda","gpu"],"kind":"cuda","max_num_threads":1024,"max_shared_memory_per_block":49152,"max_threads_per_block":1024,"registers_per_block":65536,"tag":"","thread_warp_size":32},[["TENSOR","float32",[4,30,30,512]],["TENSOR","float32",[1,1,512,256]],["TENSOR","float32",[4,30,30,256]]]]]
[0,[[[["GetBlock",[],["pad_temp","main"],["b0"]],["GetBlock",[],["conv2d_nhwc","main"],["b1"]],["GetBlock",[],["root","main"],["b2"]],["Annotate",["b1","\"SSSRRSRS\""],["meta_schedule.tiling_structure"],[]],["GetLoops",["b1"],[],["l3","l4","l5","l6","l7","l8","l9"]],["SamplePerfectTile",["l3"],[5,64],["v10","v11","v12","v13","v14"]],["Split",["l3","v10","v11","v12","v13","v14"],[1],["l15","l16","l17","l18","l19"]],["SamplePerfectTile",["l4"],[5,64],["v20","v21","v22","v23","v24"]],["Split",["l4","v20","v21","v22","v23","v24"],[1],["l25","l26","l27","l28","l29"]],["SamplePerfectTile",["l5"],[5,64],["v30","v31","v32","v33","v34"]],["Split",["l5","v30","v31","v32","v33","v34"],[1],["l35","l36","l37","l38","l39"]],["SamplePerfectTile",["l6"],[5,64],["v40","v41","v42","v43","v44"]],["Split",["l6","v40","v41","v42","v43","v44"],[1],["l45","l46","l47","l48","l49"]],["SamplePerfectTile",["l7"],[3,64],["v50","v51","v52"]],["Split",["l7","v50","v51","v52"],[1],["l53","l54","l55"]],["SamplePerfectTile",["l8"],[3,64],["v56","v57","v58"]],["Split",["l8","v56","v57","v58"],[1],["l59","l60","l61"]],["SamplePerfectTile",["l9"],[3,64],["v62","v63","v64"]],["Split",["l9","v62","v63","v64"],[1],["l65","l66","l67"]],["Reorder",["l15","l25","l35","l45","l16","l26","l36","l46","l17","l27","l37","l47","l53","l59","l65","l54","l60","l66","l18","l28","l38","l48","l55","l61","l67","l19","l29","l39","l49"],[],[]],["Fuse",["l15","l25","l35","l45"],[1],["l68"]],["Bind",["l68"],["blockIdx.x"],[]],["Fuse",["l16","l26","l36","l46"],[1],["l69"]],["Bind",["l69"],["vthread.x"],[]],["Fuse",["l17","l27","l37","l47"],[1],["l70"]],["Bind",["l70"],["threadIdx.x"],[]],["Annotate",["b1",32],["meta_schedule.thread_extent_low_inclusive"],[]],["Annotate",["b1",1024],["meta_schedule.thread_extent_high_inclusive"],[]],["CacheWrite",["b1",[]],[0,"local"],["b71"]],["ReverseComputeAt",["b71","l70"],[1,-1],[]],["CacheRead",["b1",["b1"]],[0,"shared"],["b72"]],["ComputeAt",["b72","l65"],[1,-1],[]],["GetLoops",["b72"],[],["l73","l74","l75","l76","l77","l78","l79","l80","l81","l82"]],["Fuse",["l79","l80","l81","l82"],[1],["l83"]],["SampleCategorical",[],[[1,2,3,4],[0.25,0.25,0.25,0.25]],["v84"]],["Annotate",["b72","v84"],["meta_schedule.cooperative_fetch"],[]],["CacheRead",["b1",["b1"]],[1,"shared"],["b85"]],["ComputeAt",["b85","l65"],[1,-1],[]],["GetLoops",["b85"],[],["l86","l87","l88","l89","l90","l91","l92","l93","l94","l95"]],["Fuse",["l92","l93","l94","l95"],[1],["l96"]],["SampleCategorical",[],[[1,2,3,4],[0.25,0.25,0.25,0.25]],["v97"]],["Annotate",["b85","v97"],["meta_schedule.cooperative_fetch"],[]],["ComputeInline",["b0"],[],[]],["SampleCategorical",[],[[0,16,64,512,1024],[0.2000000000000000111,0.2000000000000000111,0.2000000000000000111,0.2000000000000000111,0.2000000000000000111]],["v98"]],["Annotate",["b2","v98"],["meta_schedule.unroll_explicit"],[]],["EnterPostproc",[],[],[]],["Unannotate",["b72"],["meta_schedule.cooperative_fetch"],[]],["GetLoops",["b72"],[],["l99","l100","l101","l102","l103","l104","l105"]],["Split",["l105","None",40,3],[1],["l106","l107","l108"]],["Vectorize",["l108"],[],[]],["Bind",["l107"],["threadIdx.x"],[]],["Unannotate",["b85"],["meta_schedule.cooperative_fetch"],[]],["GetLoops",["b85"],[],["l109","l110","l111","l112","l113","l114","l115"]],["Split",["l115","None",40],[1],["l116","l117"]],["Bind",["l117"],["threadIdx.x"],[]],["GetBlock",[],["root","main"],["b118"]],["Unannotate",["b118"],["meta_schedule.unroll_explicit"],[]],["GetChildBlocks",["b118"],[],["b119","b120","b121","b122"]],["GetLoops",["b119"],[],["l123","l124","l125","l126","l127","l128","l129","l130","l131"]],["Annotate",["l123",1024],["pragma_auto_unroll_max_step"],[]],["Annotate",["l123",1],["pragma_unroll_explicit"],[]],["GetLoops",["b120"],[],["l132","l133","l134","l135","l136","l137","l138","l139"]],["Annotate",["l132",1024],["pragma_auto_unroll_max_step"],[]],["Annotate",["l132",1],["pragma_unroll_explicit"],[]],["GetLoops",["b121"],[],["l140","l141","l142","l143","l144","l145","l146","l147","l148","l149","l150","l151","l152","l153","l154","l155","l156","l157","l158","l159"]],["Annotate",["l140",1024],["pragma_auto_unroll_max_step"],[]],["Annotate",["l140",1],["pragma_unroll_explicit"],[]],["GetLoops",["b122"],[],["l160","l161","l162","l163","l164","l165","l166"]],["Annotate",["l160",1024],["pragma_auto_unroll_max_step"],[]],["Annotate",["l160",1],["pragma_unroll_explicit"],[]],["GetBlock",[],["conv2d_nhwc","main"],["b167"]],["GetLoops",["b167"],[],["l168","l169","l170","l171","l172","l173","l174","l175","l176","l177","l178","l179","l180","l181","l182","l183","l184","l185","l186","l187"]],["DecomposeReduction",["b167","l171"],[],["b188"]]],[[5,[1,1,1,2,2]],[7,[1,3,2,5,1]],[9,[2,3,5,1,1]],[11,[1,8,4,2,4]],[13,[1,1,1]],[15,[1,1,1]],[17,[256,1,2]],[34,2],[40,2],[43,4]]],[0],{"arch":"sm_70","keys":["cuda","gpu"],"kind":"cuda","max_num_threads":1024,"max_shared_memory_per_block":49152,"max_threads_per_block":1024,"registers_per_block":65536,"tag":"","thread_warp_size":32},[["TENSOR","float32",[4,30,30,512]],["TENSOR","float32",[1,1,512,256]],["TENSOR","float32",[4,30,30,256]]]]]
