[0,[[[["GetBlock",[],["pad_temp","main"],["b0"]],["GetBlock",[],["conv2d_nhwc","main"],["b1"]],["GetBlock",[],["T_add","main"],["b2"]],["GetBlock",[],["compute","main"],["b3"]],["GetBlock",[],["compile_engine_const","main"],["b4"]],["GetBlock",[],["T_divide","main"],["b5"]],["GetBlock",[],["root","main"],["b6"]],["Annotate",["b1","\"SSSRRSRS\""],["meta_schedule.tiling_structure"],[]],["GetLoops",["b1"],[],["l7","l8","l9","l10","l11","l12","l13"]],["SamplePerfectTile",["l7"],[5,64],["v14","v15","v16","v17","v18"]],["Split",["l7","v14","v15","v16","v17","v18"],[1],["l19","l20","l21","l22","l23"]],["SamplePerfectTile",["l8"],[5,64],["v24","v25","v26","v27","v28"]],["Split",["l8","v24","v25","v26","v27","v28"],[1],["l29","l30","l31","l32","l33"]],["SamplePerfectTile",["l9"],[5,64],["v34","v35","v36","v37","v38"]],["Split",["l9","v34","v35","v36","v37","v38"],[1],["l39","l40","l41","l42","l43"]],["SamplePerfectTile",["l10"],[5,64],["v44","v45","v46","v47","v48"]],["Split",["l10","v44","v45","v46","v47","v48"],[1],["l49","l50","l51","l52","l53"]],["SamplePerfectTile",["l11"],[3,64],["v54","v55","v56"]],["Split",["l11","v54","v55","v56"],[1],["l57","l58","l59"]],["SamplePerfectTile",["l12"],[3,64],["v60","v61","v62"]],["Split",["l12","v60","v61","v62"],[1],["l63","l64","l65"]],["SamplePerfectTile",["l13"],[3,64],["v66","v67","v68"]],["Split",["l13","v66","v67","v68"],[1],["l69","l70","l71"]],["Reorder",["l19","l29","l39","l49","l20","l30","l40","l50","l21","l31","l41","l51","l57","l63","l69","l58","l64","l70","l22","l32","l42","l52","l59","l65","l71","l23","l33","l43","l53"],[],[]],["Fuse",["l19","l29","l39","l49"],[1],["l72"]],["Bind",["l72"],["blockIdx.x"],[]],["Fuse",["l20","l30","l40","l50"],[1],["l73"]],["Bind",["l73"],["vthread.x"],[]],["Fuse",["l21","l31","l41","l51"],[1],["l74"]],["Bind",["l74"],["threadIdx.x"],[]],["Annotate",["b1",32],["meta_schedule.thread_extent_low_inclusive"],[]],["Annotate",["b1",1024],["meta_schedule.thread_extent_high_inclusive"],[]],["CacheWrite",["b1",[]],[0,"local"],["b75"]],["ReverseComputeAt",["b75","l74"],[1,-1],[]],["CacheRead",["b1",["b1"]],[0,"shared"],["b76"]],["ComputeAt",["b76","l69"],[1,-1],[]],["GetLoops",["b76"],[],["l77","l78","l79","l80","l81","l82","l83","l84","l85","l86"]],["Fuse",["l83","l84","l85","l86"],[1],["l87"]],["SampleCategorical",[],[[1,2,3,4],[0.25,0.25,0.25,0.25]],["v88"]],["Annotate",["b76","v88"],["meta_schedule.cooperative_fetch"],[]],["CacheRead",["b1",["b1"]],[1,"shared"],["b89"]],["ComputeAt",["b89","l69"],[1,-1],[]],["GetLoops",["b89"],[],["l90","l91","l92","l93","l94","l95","l96","l97","l98","l99"]],["Fuse",["l96","l97","l98","l99"],[1],["l100"]],["SampleCategorical",[],[[1,2,3,4],[0.25,0.25,0.25,0.25]],["v101"]],["Annotate",["b89","v101"],["meta_schedule.cooperative_fetch"],[]],["ComputeInline",["b4"],[],[]],["ReverseComputeInline",["b5"],[],[]],["ReverseComputeInline",["b3"],[],[]],["ReverseComputeInline",["b2"],[],[]],["ComputeInline",["b0"],[],[]],["SampleCategorical",[],[[0,16,64,512,1024],[0.2000000000000000111,0.2000000000000000111,0.2000000000000000111,0.2000000000000000111,0.2000000000000000111]],["v102"]],["Annotate",["b6","v102"],["meta_schedule.unroll_explicit"],[]],["EnterPostproc",[],[],[]],["Unannotate",["b76"],["meta_schedule.cooperative_fetch"],[]],["GetLoops",["b76"],[],["l103","l104","l105","l106","l107","l108","l109"]],["Split",["l109","None",48],[1],["l110","l111"]],["Bind",["l111"],["threadIdx.x"],[]],["Unannotate",["b89"],["meta_schedule.cooperative_fetch"],[]],["GetLoops",["b89"],[],["l112","l113","l114","l115","l116","l117","l118"]],["Split",["l118","None",48,3],[1],["l119","l120","l121"]],["Vectorize",["l121"],[],[]],["Bind",["l120"],["threadIdx.x"],[]],["GetBlock",[],["root","main"],["b122"]],["Unannotate",["b122"],["meta_schedule.unroll_explicit"],[]],["GetChildBlocks",["b122"],[],["b123","b124","b125","b126"]],["GetLoops",["b123"],[],["l127","l128","l129","l130","l131","l132","l133","l134"]],["Annotate",["l127",1024],["pragma_auto_unroll_max_step"],[]],["Annotate",["l127",1],["pragma_unroll_explicit"],[]],["GetLoops",["b124"],[],["l135","l136","l137","l138","l139","l140","l141","l142","l143"]],["Annotate",["l135",1024],["pragma_auto_unroll_max_step"],[]],["Annotate",["l135",1],["pragma_unroll_explicit"],[]],["GetLoops",["b125"],[],["l144","l145","l146","l147","l148","l149","l150","l151","l152","l153","l154","l155","l156","l157","l158","l159","l160","l161","l162","l163"]],["Annotate",["l144",1024],["pragma_auto_unroll_max_step"],[]],["Annotate",["l144",1],["pragma_unroll_explicit"],[]],["GetLoops",["b126"],[],["l164","l165","l166","l167","l168","l169","l170"]],["Annotate",["l164",1024],["pragma_auto_unroll_max_step"],[]],["Annotate",["l164",1],["pragma_unroll_explicit"],[]],["GetBlock",[],["conv2d_nhwc","main"],["b171"]],["GetLoops",["b171"],[],["l172","l173","l174","l175","l176","l177","l178","l179","l180","l181","l182","l183","l184","l185","l186","l187","l188","l189","l190","l191"]],["DecomposeReduction",["b171","l175"],[],["b192"]]],[[9,[1,1,1,1,1]],[11,[1,1,1,1,1]],[13,[1,1,1,1,1]],[15,[10,2,48,1,1]],[17,[1,1,1]],[19,[1,1,1]],[21,[48,5,1]],[38,0],[44,2],[51,4]]],[0],{"arch":"sm_70","keys":["cuda","gpu"],"kind":"cuda","max_num_threads":1024,"max_shared_memory_per_block":49152,"max_threads_per_block":1024,"registers_per_block":65536,"tag":"","thread_warp_size":32},[["TENSOR","float32",[1,1,1,240]],["TENSOR","float32",[1,1,240,960]],["TENSOR","float32",[1,1,1,960]],["TENSOR","float32",[1,1,1,960]]]]]
[0,[[[["GetBlock",[],["pad_temp","main"],["b0"]],["GetBlock",[],["conv2d_nhwc","main"],["b1"]],["GetBlock",[],["T_add","main"],["b2"]],["GetBlock",[],["compute","main"],["b3"]],["GetBlock",[],["compile_engine_const","main"],["b4"]],["GetBlock",[],["T_divide","main"],["b5"]],["GetBlock",[],["root","main"],["b6"]],["Annotate",["b1","\"SSSRRSRS\""],["meta_schedule.tiling_structure"],[]],["GetLoops",["b1"],[],["l7","l8","l9","l10","l11","l12","l13"]],["SamplePerfectTile",["l7"],[5,64],["v14","v15","v16","v17","v18"]],["Split",["l7","v14","v15","v16","v17","v18"],[1],["l19","l20","l21","l22","l23"]],["SamplePerfectTile",["l8"],[5,64],["v24","v25","v26","v27","v28"]],["Split",["l8","v24","v25","v26","v27","v28"],[1],["l29","l30","l31","l32","l33"]],["SamplePerfectTile",["l9"],[5,64],["v34","v35","v36","v37","v38"]],["Split",["l9","v34","v35","v36","v37","v38"],[1],["l39","l40","l41","l42","l43"]],["SamplePerfectTile",["l10"],[5,64],["v44","v45","v46","v47","v48"]],["Split",["l10","v44","v45","v46","v47","v48"],[1],["l49","l50","l51","l52","l53"]],["SamplePerfectTile",["l11"],[3,64],["v54","v55","v56"]],["Split",["l11","v54","v55","v56"],[1],["l57","l58","l59"]],["SamplePerfectTile",["l12"],[3,64],["v60","v61","v62"]],["Split",["l12","v60","v61","v62"],[1],["l63","l64","l65"]],["SamplePerfectTile",["l13"],[3,64],["v66","v67","v68"]],["Split",["l13","v66","v67","v68"],[1],["l69","l70","l71"]],["Reorder",["l19","l29","l39","l49","l20","l30","l40","l50","l21","l31","l41","l51","l57","l63","l69","l58","l64","l70","l22","l32","l42","l52","l59","l65","l71","l23","l33","l43","l53"],[],[]],["Fuse",["l19","l29","l39","l49"],[1],["l72"]],["Bind",["l72"],["blockIdx.x"],[]],["Fuse",["l20","l30","l40","l50"],[1],["l73"]],["Bind",["l73"],["vthread.x"],[]],["Fuse",["l21","l31","l41","l51"],[1],["l74"]],["Bind",["l74"],["threadIdx.x"],[]],["Annotate",["b1",32],["meta_schedule.thread_extent_low_inclusive"],[]],["Annotate",["b1",1024],["meta_schedule.thread_extent_high_inclusive"],[]],["CacheWrite",["b1",[]],[0,"local"],["b75"]],["ReverseComputeAt",["b75","l74"],[1,-1],[]],["CacheRead",["b1",["b1"]],[0,"shared"],["b76"]],["ComputeAt",["b76","l69"],[1,-1],[]],["GetLoops",["b76"],[],["l77","l78","l79","l80","l81","l82","l83","l84","l85","l86"]],["Fuse",["l83","l84","l85","l86"],[1],["l87"]],["SampleCategorical",[],[[1,2,3,4],[0.25,0.25,0.25,0.25]],["v88"]],["Annotate",["b76","v88"],["meta_schedule.cooperative_fetch"],[]],["CacheRead",["b1",["b1"]],[1,"shared"],["b89"]],["ComputeAt",["b89","l69"],[1,-1],[]],["GetLoops",["b89"],[],["l90","l91","l92","l93","l94","l95","l96","l97","l98","l99"]],["Fuse",["l96","l97","l98","l99"],[1],["l100"]],["SampleCategorical",[],[[1,2,3,4],[0.25,0.25,0.25,0.25]],["v101"]],["Annotate",["b89","v101"],["meta_schedule.cooperative_fetch"],[]],["ComputeInline",["b4"],[],[]],["ReverseComputeInline",["b5"],[],[]],["ReverseComputeInline",["b3"],[],[]],["ReverseComputeInline",["b2"],[],[]],["ComputeInline",["b0"],[],[]],["SampleCategorical",[],[[0,16,64,512,1024],[0.2000000000000000111,0.2000000000000000111,0.2000000000000000111,0.2000000000000000111,0.2000000000000000111]],["v102"]],["Annotate",["b6","v102"],["meta_schedule.unroll_explicit"],[]],["EnterPostproc",[],[],[]],["Unannotate",["b76"],["meta_schedule.cooperative_fetch"],[]],["GetLoops",["b76"],[],["l103","l104","l105","l106","l107","l108","l109"]],["Split",["l109","None",40],[1],["l110","l111"]],["Bind",["l111"],["threadIdx.x"],[]],["Unannotate",["b89"],["meta_schedule.cooperative_fetch"],[]],["GetLoops",["b89"],[],["l112","l113","l114","l115","l116","l117","l118"]],["Split",["l118","None",40],[1],["l119","l120"]],["Bind",["l120"],["threadIdx.x"],[]],["GetBlock",[],["root","main"],["b121"]],["Unannotate",["b121"],["meta_schedule.unroll_explicit"],[]],["GetChildBlocks",["b121"],[],["b122","b123","b124","b125"]],["GetLoops",["b122"],[],["l126","l127","l128","l129","l130","l131","l132","l133"]],["Annotate",["l126",1024],["pragma_auto_unroll_max_step"],[]],["Annotate",["l126",1],["pragma_unroll_explicit"],[]],["GetLoops",["b123"],[],["l134","l135","l136","l137","l138","l139","l140","l141"]],["Annotate",["l134",1024],["pragma_auto_unroll_max_step"],[]],["Annotate",["l134",1],["pragma_unroll_explicit"],[]],["GetLoops",["b124"],[],["l142","l143","l144","l145","l146","l147","l148","l149","l150","l151","l152","l153","l154","l155","l156","l157","l158","l159","l160","l161"]],["Annotate",["l142",1024],["pragma_auto_unroll_max_step"],[]],["Annotate",["l142",1],["pragma_unroll_explicit"],[]],["GetLoops",["b125"],[],["l162","l163","l164","l165","l166","l167","l168"]],["Annotate",["l162",1024],["pragma_auto_unroll_max_step"],[]],["Annotate",["l162",1],["pragma_unroll_explicit"],[]],["GetBlock",[],["conv2d_nhwc","main"],["b169"]],["GetLoops",["b169"],[],["l170","l171","l172","l173","l174","l175","l176","l177","l178","l179","l180","l181","l182","l183","l184","l185","l186","l187","l188","l189"]],["DecomposeReduction",["b169","l173"],[],["b190"]]],[[9,[1,1,1,1,1]],[11,[1,1,1,1,1]],[13,[1,1,1,1,1]],[15,[1,6,40,2,2]],[17,[1,1,1]],[19,[1,1,1]],[21,[24,10,1]],[38,0],[44,0],[51,4]]],[0],{"arch":"sm_70","keys":["cuda","gpu"],"kind":"cuda","max_num_threads":1024,"max_shared_memory_per_block":49152,"max_threads_per_block":1024,"registers_per_block":65536,"tag":"","thread_warp_size":32},[["TENSOR","float32",[1,1,1,240]],["TENSOR","float32",[1,1,240,960]],["TENSOR","float32",[1,1,1,960]],["TENSOR","float32",[1,1,1,960]]]]]
[0,[[[["GetBlock",[],["pad_temp","main"],["b0"]],["GetBlock",[],["conv2d_nhwc","main"],["b1"]],["GetBlock",[],["T_add","main"],["b2"]],["GetBlock",[],["compute","main"],["b3"]],["GetBlock",[],["compile_engine_const","main"],["b4"]],["GetBlock",[],["T_divide","main"],["b5"]],["GetBlock",[],["root","main"],["b6"]],["Annotate",["b1","\"SSSRRSRS\""],["meta_schedule.tiling_structure"],[]],["GetLoops",["b1"],[],["l7","l8","l9","l10","l11","l12","l13"]],["SamplePerfectTile",["l7"],[5,64],["v14","v15","v16","v17","v18"]],["Split",["l7","v14","v15","v16","v17","v18"],[1],["l19","l20","l21","l22","l23"]],["SamplePerfectTile",["l8"],[5,64],["v24","v25","v26","v27","v28"]],["Split",["l8","v24","v25","v26","v27","v28"],[1],["l29","l30","l31","l32","l33"]],["SamplePerfectTile",["l9"],[5,64],["v34","v35","v36","v37","v38"]],["Split",["l9","v34","v35","v36","v37","v38"],[1],["l39","l40","l41","l42","l43"]],["SamplePerfectTile",["l10"],[5,64],["v44","v45","v46","v47","v48"]],["Split",["l10","v44","v45","v46","v47","v48"],[1],["l49","l50","l51","l52","l53"]],["SamplePerfectTile",["l11"],[3,64],["v54","v55","v56"]],["Split",["l11","v54","v55","v56"],[1],["l57","l58","l59"]],["SamplePerfectTile",["l12"],[3,64],["v60","v61","v62"]],["Split",["l12","v60","v61","v62"],[1],["l63","l64","l65"]],["SamplePerfectTile",["l13"],[3,64],["v66","v67","v68"]],["Split",["l13","v66","v67","v68"],[1],["l69","l70","l71"]],["Reorder",["l19","l29","l39","l49","l20","l30","l40","l50","l21","l31","l41","l51","l57","l63","l69","l58","l64","l70","l22","l32","l42","l52","l59","l65","l71","l23","l33","l43","l53"],[],[]],["Fuse",["l19","l29","l39","l49"],[1],["l72"]],["Bind",["l72"],["blockIdx.x"],[]],["Fuse",["l20","l30","l40","l50"],[1],["l73"]],["Bind",["l73"],["vthread.x"],[]],["Fuse",["l21","l31","l41","l51"],[1],["l74"]],["Bind",["l74"],["threadIdx.x"],[]],["Annotate",["b1",32],["meta_schedule.thread_extent_low_inclusive"],[]],["Annotate",["b1",1024],["meta_schedule.thread_extent_high_inclusive"],[]],["CacheWrite",["b1",[]],[0,"local"],["b75"]],["ReverseComputeAt",["b75","l74"],[1,-1],[]],["CacheRead",["b1",["b1"]],[0,"shared"],["b76"]],["ComputeAt",["b76","l69"],[1,-1],[]],["GetLoops",["b76"],[],["l77","l78","l79","l80","l81","l82","l83","l84","l85","l86"]],["Fuse",["l83","l84","l85","l86"],[1],["l87"]],["SampleCategorical",[],[[1,2,3,4],[0.25,0.25,0.25,0.25]],["v88"]],["Annotate",["b76","v88"],["meta_schedule.cooperative_fetch"],[]],["CacheRead",["b1",["b1"]],[1,"shared"],["b89"]],["ComputeAt",["b89","l69"],[1,-1],[]],["GetLoops",["b89"],[],["l90","l91","l92","l93","l94","l95","l96","l97","l98","l99"]],["Fuse",["l96","l97","l98","l99"],[1],["l100"]],["SampleCategorical",[],[[1,2,3,4],[0.25,0.25,0.25,0.25]],["v101"]],["Annotate",["b89","v101"],["meta_schedule.cooperative_fetch"],[]],["ComputeInline",["b4"],[],[]],["ReverseComputeInline",["b5"],[],[]],["ReverseComputeInline",["b3"],[],[]],["ReverseComputeInline",["b2"],[],[]],["ComputeInline",["b0"],[],[]],["SampleCategorical",[],[[0,16,64,512,1024],[0.2000000000000000111,0.2000000000000000111,0.2000000000000000111,0.2000000000000000111,0.2000000000000000111]],["v102"]],["Annotate",["b6","v102"],["meta_schedule.unroll_explicit"],[]],["EnterPostproc",[],[],[]],["Unannotate",["b76"],["meta_schedule.cooperative_fetch"],[]],["GetLoops",["b76"],[],["l103","l104","l105","l106","l107","l108","l109"]],["Split",["l109","None",40,4],[1],["l110","l111","l112"]],["Vectorize",["l112"],[],[]],["Bind",["l111"],["threadIdx.x"],[]],["Unannotate",["b89"],["meta_schedule.cooperative_fetch"],[]],["GetLoops",["b89"],[],["l113","l114","l115","l116","l117","l118","l119"]],["Split",["l119","None",40,2],[1],["l120","l121","l122"]],["Vectorize",["l122"],[],[]],["Bind",["l121"],["threadIdx.x"],[]],["GetBlock",[],["root","main"],["b123"]],["Unannotate",["b123"],["meta_schedule.unroll_explicit"],[]],["GetChildBlocks",["b123"],[],["b124","b125","b126","b127"]],["GetLoops",["b124"],[],["l128","l129","l130","l131","l132","l133","l134","l135","l136"]],["Annotate",["l128",64],["pragma_auto_unroll_max_step"],[]],["Annotate",["l128",1],["pragma_unroll_explicit"],[]],["GetLoops",["b125"],[],["l137","l138","l139","l140","l141","l142","l143","l144","l145"]],["Annotate",["l137",64],["pragma_auto_unroll_max_step"],[]],["Annotate",["l137",1],["pragma_unroll_explicit"],[]],["GetLoops",["b126"],[],["l146","l147","l148","l149","l150","l151","l152","l153","l154","l155","l156","l157","l158","l159","l160","l161","l162","l163","l164","l165"]],["Annotate",["l146",64],["pragma_auto_unroll_max_step"],[]],["Annotate",["l146",1],["pragma_unroll_explicit"],[]],["GetLoops",["b127"],[],["l166","l167","l168","l169","l170","l171","l172"]],["Annotate",["l166",64],["pragma_auto_unroll_max_step"],[]],["Annotate",["l166",1],["pragma_unroll_explicit"],[]],["GetBlock",[],["conv2d_nhwc","main"],["b173"]],["GetLoops",["b173"],[],["l174","l175","l176","l177","l178","l179","l180","l181","l182","l183","l184","l185","l186","l187","l188","l189","l190","l191","l192","l193"]],["DecomposeReduction",["b173","l177"],[],["b194"]]],[[9,[1,1,1,1,1]],[11,[1,1,1,1,1]],[13,[1,1,1,1,1]],[15,[3,2,40,2,2]],[17,[1,1,1]],[19,[1,1,1]],[21,[10,3,8]],[38,3],[44,1],[51,2]]],[0],{"arch":"sm_70","keys":["cuda","gpu"],"kind":"cuda","max_num_threads":1024,"max_shared_memory_per_block":49152,"max_threads_per_block":1024,"registers_per_block":65536,"tag":"","thread_warp_size":32},[["TENSOR","float32",[1,1,1,240]],["TENSOR","float32",[1,1,240,960]],["TENSOR","float32",[1,1,1,960]],["TENSOR","float32",[1,1,1,960]]]]]
[0,[[[["GetBlock",[],["pad_temp","main"],["b0"]],["GetBlock",[],["conv2d_nhwc","main"],["b1"]],["GetBlock",[],["T_add","main"],["b2"]],["GetBlock",[],["compute","main"],["b3"]],["GetBlock",[],["compile_engine_const","main"],["b4"]],["GetBlock",[],["T_divide","main"],["b5"]],["GetBlock",[],["root","main"],["b6"]],["Annotate",["b1","\"SSSRRSRS\""],["meta_schedule.tiling_structure"],[]],["GetLoops",["b1"],[],["l7","l8","l9","l10","l11","l12","l13"]],["SamplePerfectTile",["l7"],[5,64],["v14","v15","v16","v17","v18"]],["Split",["l7","v14","v15","v16","v17","v18"],[1],["l19","l20","l21","l22","l23"]],["SamplePerfectTile",["l8"],[5,64],["v24","v25","v26","v27","v28"]],["Split",["l8","v24","v25","v26","v27","v28"],[1],["l29","l30","l31","l32","l33"]],["SamplePerfectTile",["l9"],[5,64],["v34","v35","v36","v37","v38"]],["Split",["l9","v34","v35","v36","v37","v38"],[1],["l39","l40","l41","l42","l43"]],["SamplePerfectTile",["l10"],[5,64],["v44","v45","v46","v47","v48"]],["Split",["l10","v44","v45","v46","v47","v48"],[1],["l49","l50","l51","l52","l53"]],["SamplePerfectTile",["l11"],[3,64],["v54","v55","v56"]],["Split",["l11","v54","v55","v56"],[1],["l57","l58","l59"]],["SamplePerfectTile",["l12"],[3,64],["v60","v61","v62"]],["Split",["l12","v60","v61","v62"],[1],["l63","l64","l65"]],["SamplePerfectTile",["l13"],[3,64],["v66","v67","v68"]],["Split",["l13","v66","v67","v68"],[1],["l69","l70","l71"]],["Reorder",["l19","l29","l39","l49","l20","l30","l40","l50","l21","l31","l41","l51","l57","l63","l69","l58","l64","l70","l22","l32","l42","l52","l59","l65","l71","l23","l33","l43","l53"],[],[]],["Fuse",["l19","l29","l39","l49"],[1],["l72"]],["Bind",["l72"],["blockIdx.x"],[]],["Fuse",["l20","l30","l40","l50"],[1],["l73"]],["Bind",["l73"],["vthread.x"],[]],["Fuse",["l21","l31","l41","l51"],[1],["l74"]],["Bind",["l74"],["threadIdx.x"],[]],["Annotate",["b1",32],["meta_schedule.thread_extent_low_inclusive"],[]],["Annotate",["b1",1024],["meta_schedule.thread_extent_high_inclusive"],[]],["CacheWrite",["b1",[]],[0,"local"],["b75"]],["ReverseComputeAt",["b75","l74"],[1,-1],[]],["CacheRead",["b1",["b1"]],[0,"shared"],["b76"]],["ComputeAt",["b76","l69"],[1,-1],[]],["GetLoops",["b76"],[],["l77","l78","l79","l80","l81","l82","l83","l84","l85","l86"]],["Fuse",["l83","l84","l85","l86"],[1],["l87"]],["SampleCategorical",[],[[1,2,3,4],[0.25,0.25,0.25,0.25]],["v88"]],["Annotate",["b76","v88"],["meta_schedule.cooperative_fetch"],[]],["CacheRead",["b1",["b1"]],[1,"shared"],["b89"]],["ComputeAt",["b89","l69"],[1,-1],[]],["GetLoops",["b89"],[],["l90","l91","l92","l93","l94","l95","l96","l97","l98","l99"]],["Fuse",["l96","l97","l98","l99"],[1],["l100"]],["SampleCategorical",[],[[1,2,3,4],[0.25,0.25,0.25,0.25]],["v101"]],["Annotate",["b89","v101"],["meta_schedule.cooperative_fetch"],[]],["ComputeInline",["b4"],[],[]],["ReverseComputeInline",["b5"],[],[]],["ReverseComputeInline",["b3"],[],[]],["ReverseComputeInline",["b2"],[],[]],["ComputeInline",["b0"],[],[]],["SampleCategorical",[],[[0,16,64,512,1024],[0.2000000000000000111,0.2000000000000000111,0.2000000000000000111,0.2000000000000000111,0.2000000000000000111]],["v102"]],["Annotate",["b6","v102"],["meta_schedule.unroll_explicit"],[]],["EnterPostproc",[],[],[]],["Unannotate",["b76"],["meta_schedule.cooperative_fetch"],[]],["GetLoops",["b76"],[],["l103","l104","l105","l106","l107","l108","l109"]],["Split",["l109","None",32],[1],["l110","l111"]],["Bind",["l111"],["threadIdx.x"],[]],["Unannotate",["b89"],["meta_schedule.cooperative_fetch"],[]],["GetLoops",["b89"],[],["l112","l113","l114","l115","l116","l117","l118"]],["Split",["l118","None",32,2],[1],["l119","l120","l121"]],["Vectorize",["l121"],[],[]],["Bind",["l120"],["threadIdx.x"],[]],["GetBlock",[],["root","main"],["b122"]],["Unannotate",["b122"],["meta_schedule.unroll_explicit"],[]],["GetChildBlocks",["b122"],[],["b123","b124","b125","b126"]],["GetLoops",["b123"],[],["l127","l128","l129","l130","l131","l132","l133","l134"]],["Annotate",["l127",512],["pragma_auto_unroll_max_step"],[]],["Annotate",["l127",1],["pragma_unroll_explicit"],[]],["GetLoops",["b124"],[],["l135","l136","l137","l138","l139","l140","l141","l142","l143"]],["Annotate",["l135",512],["pragma_auto_unroll_max_step"],[]],["Annotate",["l135",1],["pragma_unroll_explicit"],[]],["GetLoops",["b125"],[],["l144","l145","l146","l147","l148","l149","l150","l151","l152","l153","l154","l155","l156","l157","l158","l159","l160","l161","l162","l163"]],["Annotate",["l144",512],["pragma_auto_unroll_max_step"],[]],["Annotate",["l144",1],["pragma_unroll_explicit"],[]],["GetLoops",["b126"],[],["l164","l165","l166","l167","l168","l169","l170"]],["Annotate",["l164",512],["pragma_auto_unroll_max_step"],[]],["Annotate",["l164",1],["pragma_unroll_explicit"],[]],["GetBlock",[],["conv2d_nhwc","main"],["b171"]],["GetLoops",["b171"],[],["l172","l173","l174","l175","l176","l177","l178","l179","l180","l181","l182","l183","l184","l185","l186","l187","l188","l189","l190","l191"]],["DecomposeReduction",["b171","l175"],[],["b192"]]],[[9,[1,1,1,1,1]],[11,[1,1,1,1,1]],[13,[1,1,1,1,1]],[15,[1,10,32,1,3]],[17,[1,1,1]],[19,[1,1,1]],[21,[40,6,1]],[38,0],[44,1],[51,3]]],[0],{"arch":"sm_70","keys":["cuda","gpu"],"kind":"cuda","max_num_threads":1024,"max_shared_memory_per_block":49152,"max_threads_per_block":1024,"registers_per_block":65536,"tag":"","thread_warp_size":32},[["TENSOR","float32",[1,1,1,240]],["TENSOR","float32",[1,1,240,960]],["TENSOR","float32",[1,1,1,960]],["TENSOR","float32",[1,1,1,960]]]]]
[0,[[[["GetBlock",[],["pad_temp","main"],["b0"]],["GetBlock",[],["conv2d_nhwc","main"],["b1"]],["GetBlock",[],["T_add","main"],["b2"]],["GetBlock",[],["compute","main"],["b3"]],["GetBlock",[],["compile_engine_const","main"],["b4"]],["GetBlock",[],["T_divide","main"],["b5"]],["GetBlock",[],["root","main"],["b6"]],["Annotate",["b1","\"SSSRRSRS\""],["meta_schedule.tiling_structure"],[]],["GetLoops",["b1"],[],["l7","l8","l9","l10","l11","l12","l13"]],["SamplePerfectTile",["l7"],[5,64],["v14","v15","v16","v17","v18"]],["Split",["l7","v14","v15","v16","v17","v18"],[1],["l19","l20","l21","l22","l23"]],["SamplePerfectTile",["l8"],[5,64],["v24","v25","v26","v27","v28"]],["Split",["l8","v24","v25","v26","v27","v28"],[1],["l29","l30","l31","l32","l33"]],["SamplePerfectTile",["l9"],[5,64],["v34","v35","v36","v37","v38"]],["Split",["l9","v34","v35","v36","v37","v38"],[1],["l39","l40","l41","l42","l43"]],["SamplePerfectTile",["l10"],[5,64],["v44","v45","v46","v47","v48"]],["Split",["l10","v44","v45","v46","v47","v48"],[1],["l49","l50","l51","l52","l53"]],["SamplePerfectTile",["l11"],[3,64],["v54","v55","v56"]],["Split",["l11","v54","v55","v56"],[1],["l57","l58","l59"]],["SamplePerfectTile",["l12"],[3,64],["v60","v61","v62"]],["Split",["l12","v60","v61","v62"],[1],["l63","l64","l65"]],["SamplePerfectTile",["l13"],[3,64],["v66","v67","v68"]],["Split",["l13","v66","v67","v68"],[1],["l69","l70","l71"]],["Reorder",["l19","l29","l39","l49","l20","l30","l40","l50","l21","l31","l41","l51","l57","l63","l69","l58","l64","l70","l22","l32","l42","l52","l59","l65","l71","l23","l33","l43","l53"],[],[]],["Fuse",["l19","l29","l39","l49"],[1],["l72"]],["Bind",["l72"],["blockIdx.x"],[]],["Fuse",["l20","l30","l40","l50"],[1],["l73"]],["Bind",["l73"],["vthread.x"],[]],["Fuse",["l21","l31","l41","l51"],[1],["l74"]],["Bind",["l74"],["threadIdx.x"],[]],["Annotate",["b1",32],["meta_schedule.thread_extent_low_inclusive"],[]],["Annotate",["b1",1024],["meta_schedule.thread_extent_high_inclusive"],[]],["CacheWrite",["b1",[]],[0,"local"],["b75"]],["ReverseComputeAt",["b75","l74"],[1,-1],[]],["CacheRead",["b1",["b1"]],[0,"shared"],["b76"]],["ComputeAt",["b76","l69"],[1,-1],[]],["GetLoops",["b76"],[],["l77","l78","l79","l80","l81","l82","l83","l84","l85","l86"]],["Fuse",["l83","l84","l85","l86"],[1],["l87"]],["SampleCategorical",[],[[1,2,3,4],[0.25,0.25,0.25,0.25]],["v88"]],["Annotate",["b76","v88"],["meta_schedule.cooperative_fetch"],[]],["CacheRead",["b1",["b1"]],[1,"shared"],["b89"]],["ComputeAt",["b89","l69"],[1,-1],[]],["GetLoops",["b89"],[],["l90","l91","l92","l93","l94","l95","l96","l97","l98","l99"]],["Fuse",["l96","l97","l98","l99"],[1],["l100"]],["SampleCategorical",[],[[1,2,3,4],[0.25,0.25,0.25,0.25]],["v101"]],["Annotate",["b89","v101"],["meta_schedule.cooperative_fetch"],[]],["ComputeInline",["b4"],[],[]],["ReverseComputeInline",["b5"],[],[]],["ReverseComputeInline",["b3"],[],[]],["ReverseComputeInline",["b2"],[],[]],["ComputeInline",["b0"],[],[]],["SampleCategorical",[],[[0,16,64,512,1024],[0.2000000000000000111,0.2000000000000000111,0.2000000000000000111,0.2000000000000000111,0.2000000000000000111]],["v102"]],["Annotate",["b6","v102"],["meta_schedule.unroll_explicit"],[]],["EnterPostproc",[],[],[]],["Unannotate",["b76"],["meta_schedule.cooperative_fetch"],[]],["GetLoops",["b76"],[],["l103","l104","l105","l106","l107","l108","l109"]],["Split",["l109","None",32,2],[1],["l110","l111","l112"]],["Vectorize",["l112"],[],[]],["Bind",["l111"],["threadIdx.x"],[]],["Unannotate",["b89"],["meta_schedule.cooperative_fetch"],[]],["GetLoops",["b89"],[],["l113","l114","l115","l116","l117","l118","l119"]],["Split",["l119","None",32,3],[1],["l120","l121","l122"]],["Vectorize",["l122"],[],[]],["Bind",["l121"],["threadIdx.x"],[]],["GetBlock",[],["root","main"],["b123"]],["Unannotate",["b123"],["meta_schedule.unroll_explicit"],[]],["GetChildBlocks",["b123"],[],["b124","b125","b126","b127"]],["GetLoops",["b124"],[],["l128","l129","l130","l131","l132","l133","l134","l135","l136"]],["Annotate",["l128",512],["pragma_auto_unroll_max_step"],[]],["Annotate",["l128",1],["pragma_unroll_explicit"],[]],["GetLoops",["b125"],[],["l137","l138","l139","l140","l141","l142","l143","l144","l145"]],["Annotate",["l137",512],["pragma_auto_unroll_max_step"],[]],["Annotate",["l137",1],["pragma_unroll_explicit"],[]],["GetLoops",["b126"],[],["l146","l147","l148","l149","l150","l151","l152","l153","l154","l155","l156","l157","l158","l159","l160","l161","l162","l163","l164","l165"]],["Annotate",["l146",512],["pragma_auto_unroll_max_step"],[]],["Annotate",["l146",1],["pragma_unroll_explicit"],[]],["GetLoops",["b127"],[],["l166","l167","l168","l169","l170","l171","l172"]],["Annotate",["l166",512],["pragma_auto_unroll_max_step"],[]],["Annotate",["l166",1],["pragma_unroll_explicit"],[]],["GetBlock",[],["conv2d_nhwc","main"],["b173"]],["GetLoops",["b173"],[],["l174","l175","l176","l177","l178","l179","l180","l181","l182","l183","l184","l185","l186","l187","l188","l189","l190","l191","l192","l193"]],["DecomposeReduction",["b173","l177"],[],["b194"]]],[[9,[1,1,1,1,1]],[11,[1,1,1,1,1]],[13,[1,1,1,1,1]],[15,[15,1,32,1,2]],[17,[1,1,1]],[19,[1,1,1]],[21,[10,12,2]],[38,1],[44,2],[51,3]]],[0],{"arch":"sm_70","keys":["cuda","gpu"],"kind":"cuda","max_num_threads":1024,"max_shared_memory_per_block":49152,"max_threads_per_block":1024,"registers_per_block":65536,"tag":"","thread_warp_size":32},[["TENSOR","float32",[1,1,1,240]],["TENSOR","float32",[1,1,240,960]],["TENSOR","float32",[1,1,1,960]],["TENSOR","float32",[1,1,1,960]]]]]
[0,[[[["GetBlock",[],["pad_temp","main"],["b0"]],["GetBlock",[],["conv2d_nhwc","main"],["b1"]],["GetBlock",[],["T_add","main"],["b2"]],["GetBlock",[],["compute","main"],["b3"]],["GetBlock",[],["compile_engine_const","main"],["b4"]],["GetBlock",[],["T_divide","main"],["b5"]],["GetBlock",[],["root","main"],["b6"]],["Annotate",["b1","\"SSSRRSRS\""],["meta_schedule.tiling_structure"],[]],["GetLoops",["b1"],[],["l7","l8","l9","l10","l11","l12","l13"]],["SamplePerfectTile",["l7"],[5,64],["v14","v15","v16","v17","v18"]],["Split",["l7","v14","v15","v16","v17","v18"],[1],["l19","l20","l21","l22","l23"]],["SamplePerfectTile",["l8"],[5,64],["v24","v25","v26","v27","v28"]],["Split",["l8","v24","v25","v26","v27","v28"],[1],["l29","l30","l31","l32","l33"]],["SamplePerfectTile",["l9"],[5,64],["v34","v35","v36","v37","v38"]],["Split",["l9","v34","v35","v36","v37","v38"],[1],["l39","l40","l41","l42","l43"]],["SamplePerfectTile",["l10"],[5,64],["v44","v45","v46","v47","v48"]],["Split",["l10","v44","v45","v46","v47","v48"],[1],["l49","l50","l51","l52","l53"]],["SamplePerfectTile",["l11"],[3,64],["v54","v55","v56"]],["Split",["l11","v54","v55","v56"],[1],["l57","l58","l59"]],["SamplePerfectTile",["l12"],[3,64],["v60","v61","v62"]],["Split",["l12","v60","v61","v62"],[1],["l63","l64","l65"]],["SamplePerfectTile",["l13"],[3,64],["v66","v67","v68"]],["Split",["l13","v66","v67","v68"],[1],["l69","l70","l71"]],["Reorder",["l19","l29","l39","l49","l20","l30","l40","l50","l21","l31","l41","l51","l57","l63","l69","l58","l64","l70","l22","l32","l42","l52","l59","l65","l71","l23","l33","l43","l53"],[],[]],["Fuse",["l19","l29","l39","l49"],[1],["l72"]],["Bind",["l72"],["blockIdx.x"],[]],["Fuse",["l20","l30","l40","l50"],[1],["l73"]],["Bind",["l73"],["vthread.x"],[]],["Fuse",["l21","l31","l41","l51"],[1],["l74"]],["Bind",["l74"],["threadIdx.x"],[]],["Annotate",["b1",32],["meta_schedule.thread_extent_low_inclusive"],[]],["Annotate",["b1",1024],["meta_schedule.thread_extent_high_inclusive"],[]],["CacheWrite",["b1",[]],[0,"local"],["b75"]],["ReverseComputeAt",["b75","l74"],[1,-1],[]],["CacheRead",["b1",["b1"]],[0,"shared"],["b76"]],["ComputeAt",["b76","l69"],[1,-1],[]],["GetLoops",["b76"],[],["l77","l78","l79","l80","l81","l82","l83","l84","l85","l86"]],["Fuse",["l83","l84","l85","l86"],[1],["l87"]],["SampleCategorical",[],[[1,2,3,4],[0.25,0.25,0.25,0.25]],["v88"]],["Annotate",["b76","v88"],["meta_schedule.cooperative_fetch"],[]],["CacheRead",["b1",["b1"]],[1,"shared"],["b89"]],["ComputeAt",["b89","l69"],[1,-1],[]],["GetLoops",["b89"],[],["l90","l91","l92","l93","l94","l95","l96","l97","l98","l99"]],["Fuse",["l96","l97","l98","l99"],[1],["l100"]],["SampleCategorical",[],[[1,2,3,4],[0.25,0.25,0.25,0.25]],["v101"]],["Annotate",["b89","v101"],["meta_schedule.cooperative_fetch"],[]],["ComputeInline",["b4"],[],[]],["ReverseComputeInline",["b5"],[],[]],["ReverseComputeInline",["b3"],[],[]],["ReverseComputeInline",["b2"],[],[]],["ComputeInline",["b0"],[],[]],["SampleCategorical",[],[[0,16,64,512,1024],[0.2000000000000000111,0.2000000000000000111,0.2000000000000000111,0.2000000000000000111,0.2000000000000000111]],["v102"]],["Annotate",["b6","v102"],["meta_schedule.unroll_explicit"],[]],["EnterPostproc",[],[],[]],["Unannotate",["b76"],["meta_schedule.cooperative_fetch"],[]],["GetLoops",["b76"],[],["l103","l104","l105","l106","l107","l108","l109"]],["Split",["l109","None",60,3],[1],["l110","l111","l112"]],["Vectorize",["l112"],[],[]],["Bind",["l111"],["threadIdx.x"],[]],["Unannotate",["b89"],["meta_schedule.cooperative_fetch"],[]],["GetLoops",["b89"],[],["l113","l114","l115","l116","l117","l118","l119"]],["Split",["l119","None",60,3],[1],["l120","l121","l122"]],["Vectorize",["l122"],[],[]],["Bind",["l121"],["threadIdx.x"],[]],["GetBlock",[],["root","main"],["b123"]],["Unannotate",["b123"],["meta_schedule.unroll_explicit"],[]],["GetChildBlocks",["b123"],[],["b124","b125","b126","b127"]],["GetLoops",["b124"],[],["l128","l129","l130","l131","l132","l133","l134","l135","l136"]],["Annotate",["l128",512],["pragma_auto_unroll_max_step"],[]],["Annotate",["l128",1],["pragma_unroll_explicit"],[]],["GetLoops",["b125"],[],["l137","l138","l139","l140","l141","l142","l143","l144","l145"]],["Annotate",["l137",512],["pragma_auto_unroll_max_step"],[]],["Annotate",["l137",1],["pragma_unroll_explicit"],[]],["GetLoops",["b126"],[],["l146","l147","l148","l149","l150","l151","l152","l153","l154","l155","l156","l157","l158","l159","l160","l161","l162","l163","l164","l165"]],["Annotate",["l146",512],["pragma_auto_unroll_max_step"],[]],["Annotate",["l146",1],["pragma_unroll_explicit"],[]],["GetLoops",["b127"],[],["l166","l167","l168","l169","l170","l171","l172"]],["Annotate",["l166",512],["pragma_auto_unroll_max_step"],[]],["Annotate",["l166",1],["pragma_unroll_explicit"],[]],["GetBlock",[],["conv2d_nhwc","main"],["b173"]],["GetLoops",["b173"],[],["l174","l175","l176","l177","l178","l179","l180","l181","l182","l183","l184","l185","l186","l187","l188","l189","l190","l191","l192","l193"]],["DecomposeReduction",["b173","l177"],[],["b194"]]],[[9,[1,1,1,1,1]],[11,[1,1,1,1,1]],[13,[1,1,1,1,1]],[15,[4,2,60,2,1]],[17,[1,1,1]],[19,[1,1,1]],[21,[5,6,8]],[38,2],[44,2],[51,3]]],[0],{"arch":"sm_70","keys":["cuda","gpu"],"kind":"cuda","max_num_threads":1024,"max_shared_memory_per_block":49152,"max_threads_per_block":1024,"registers_per_block":65536,"tag":"","thread_warp_size":32},[["TENSOR","float32",[1,1,1,240]],["TENSOR","float32",[1,1,240,960]],["TENSOR","float32",[1,1,1,960]],["TENSOR","float32",[1,1,1,960]]]]]
[0,[[[["GetBlock",[],["pad_temp","main"],["b0"]],["GetBlock",[],["conv2d_nhwc","main"],["b1"]],["GetBlock",[],["T_add","main"],["b2"]],["GetBlock",[],["compute","main"],["b3"]],["GetBlock",[],["compile_engine_const","main"],["b4"]],["GetBlock",[],["T_divide","main"],["b5"]],["GetBlock",[],["root","main"],["b6"]],["Annotate",["b1","\"SSSRRSRS\""],["meta_schedule.tiling_structure"],[]],["GetLoops",["b1"],[],["l7","l8","l9","l10","l11","l12","l13"]],["SamplePerfectTile",["l7"],[5,64],["v14","v15","v16","v17","v18"]],["Split",["l7","v14","v15","v16","v17","v18"],[1],["l19","l20","l21","l22","l23"]],["SamplePerfectTile",["l8"],[5,64],["v24","v25","v26","v27","v28"]],["Split",["l8","v24","v25","v26","v27","v28"],[1],["l29","l30","l31","l32","l33"]],["SamplePerfectTile",["l9"],[5,64],["v34","v35","v36","v37","v38"]],["Split",["l9","v34","v35","v36","v37","v38"],[1],["l39","l40","l41","l42","l43"]],["SamplePerfectTile",["l10"],[5,64],["v44","v45","v46","v47","v48"]],["Split",["l10","v44","v45","v46","v47","v48"],[1],["l49","l50","l51","l52","l53"]],["SamplePerfectTile",["l11"],[3,64],["v54","v55","v56"]],["Split",["l11","v54","v55","v56"],[1],["l57","l58","l59"]],["SamplePerfectTile",["l12"],[3,64],["v60","v61","v62"]],["Split",["l12","v60","v61","v62"],[1],["l63","l64","l65"]],["SamplePerfectTile",["l13"],[3,64],["v66","v67","v68"]],["Split",["l13","v66","v67","v68"],[1],["l69","l70","l71"]],["Reorder",["l19","l29","l39","l49","l20","l30","l40","l50","l21","l31","l41","l51","l57","l63","l69","l58","l64","l70","l22","l32","l42","l52","l59","l65","l71","l23","l33","l43","l53"],[],[]],["Fuse",["l19","l29","l39","l49"],[1],["l72"]],["Bind",["l72"],["blockIdx.x"],[]],["Fuse",["l20","l30","l40","l50"],[1],["l73"]],["Bind",["l73"],["vthread.x"],[]],["Fuse",["l21","l31","l41","l51"],[1],["l74"]],["Bind",["l74"],["threadIdx.x"],[]],["Annotate",["b1",32],["meta_schedule.thread_extent_low_inclusive"],[]],["Annotate",["b1",1024],["meta_schedule.thread_extent_high_inclusive"],[]],["CacheWrite",["b1",[]],[0,"local"],["b75"]],["ReverseComputeAt",["b75","l74"],[1,-1],[]],["CacheRead",["b1",["b1"]],[0,"shared"],["b76"]],["ComputeAt",["b76","l69"],[1,-1],[]],["GetLoops",["b76"],[],["l77","l78","l79","l80","l81","l82","l83","l84","l85","l86"]],["Fuse",["l83","l84","l85","l86"],[1],["l87"]],["SampleCategorical",[],[[1,2,3,4],[0.25,0.25,0.25,0.25]],["v88"]],["Annotate",["b76","v88"],["meta_schedule.cooperative_fetch"],[]],["CacheRead",["b1",["b1"]],[1,"shared"],["b89"]],["ComputeAt",["b89","l69"],[1,-1],[]],["GetLoops",["b89"],[],["l90","l91","l92","l93","l94","l95","l96","l97","l98","l99"]],["Fuse",["l96","l97","l98","l99"],[1],["l100"]],["SampleCategorical",[],[[1,2,3,4],[0.25,0.25,0.25,0.25]],["v101"]],["Annotate",["b89","v101"],["meta_schedule.cooperative_fetch"],[]],["ComputeInline",["b4"],[],[]],["ReverseComputeInline",["b5"],[],[]],["ReverseComputeInline",["b3"],[],[]],["ReverseComputeInline",["b2"],[],[]],["ComputeInline",["b0"],[],[]],["SampleCategorical",[],[[0,16,64,512,1024],[0.2000000000000000111,0.2000000000000000111,0.2000000000000000111,0.2000000000000000111,0.2000000000000000111]],["v102"]],["Annotate",["b6","v102"],["meta_schedule.unroll_explicit"],[]],["EnterPostproc",[],[],[]],["Unannotate",["b76"],["meta_schedule.cooperative_fetch"],[]],["GetLoops",["b76"],[],["l103","l104","l105","l106","l107","l108","l109"]],["Split",["l109","None",40,4],[1],["l110","l111","l112"]],["Vectorize",["l112"],[],[]],["Bind",["l111"],["threadIdx.x"],[]],["Unannotate",["b89"],["meta_schedule.cooperative_fetch"],[]],["GetLoops",["b89"],[],["l113","l114","l115","l116","l117","l118","l119"]],["Split",["l119","None",40,3],[1],["l120","l121","l122"]],["Vectorize",["l122"],[],[]],["Bind",["l121"],["threadIdx.x"],[]],["GetBlock",[],["root","main"],["b123"]],["Unannotate",["b123"],["meta_schedule.unroll_explicit"],[]],["GetChildBlocks",["b123"],[],["b124","b125","b126","b127"]],["GetLoops",["b124"],[],["l128","l129","l130","l131","l132","l133","l134","l135","l136"]],["Annotate",["l128",64],["pragma_auto_unroll_max_step"],[]],["Annotate",["l128",1],["pragma_unroll_explicit"],[]],["GetLoops",["b125"],[],["l137","l138","l139","l140","l141","l142","l143","l144","l145"]],["Annotate",["l137",64],["pragma_auto_unroll_max_step"],[]],["Annotate",["l137",1],["pragma_unroll_explicit"],[]],["GetLoops",["b126"],[],["l146","l147","l148","l149","l150","l151","l152","l153","l154","l155","l156","l157","l158","l159","l160","l161","l162","l163","l164","l165"]],["Annotate",["l146",64],["pragma_auto_unroll_max_step"],[]],["Annotate",["l146",1],["pragma_unroll_explicit"],[]],["GetLoops",["b127"],[],["l166","l167","l168","l169","l170","l171","l172"]],["Annotate",["l166",64],["pragma_auto_unroll_max_step"],[]],["Annotate",["l166",1],["pragma_unroll_explicit"],[]],["GetBlock",[],["conv2d_nhwc","main"],["b173"]],["GetLoops",["b173"],[],["l174","l175","l176","l177","l178","l179","l180","l181","l182","l183","l184","l185","l186","l187","l188","l189","l190","l191","l192","l193"]],["DecomposeReduction",["b173","l177"],[],["b194"]]],[[9,[1,1,1,1,1]],[11,[1,1,1,1,1]],[13,[1,1,1,1,1]],[15,[2,1,40,12,1]],[17,[1,1,1]],[19,[1,1,1]],[21,[60,2,2]],[38,3],[44,2],[51,2]]],[0],{"arch":"sm_70","keys":["cuda","gpu"],"kind":"cuda","max_num_threads":1024,"max_shared_memory_per_block":49152,"max_threads_per_block":1024,"registers_per_block":65536,"tag":"","thread_warp_size":32},[["TENSOR","float32",[1,1,1,240]],["TENSOR","float32",[1,1,240,960]],["TENSOR","float32",[1,1,1,960]],["TENSOR","float32",[1,1,1,960]]]]]
[0,[[[["GetBlock",[],["pad_temp","main"],["b0"]],["GetBlock",[],["conv2d_nhwc","main"],["b1"]],["GetBlock",[],["T_add","main"],["b2"]],["GetBlock",[],["compute","main"],["b3"]],["GetBlock",[],["compile_engine_const","main"],["b4"]],["GetBlock",[],["T_divide","main"],["b5"]],["GetBlock",[],["root","main"],["b6"]],["Annotate",["b1","\"SSSRRSRS\""],["meta_schedule.tiling_structure"],[]],["GetLoops",["b1"],[],["l7","l8","l9","l10","l11","l12","l13"]],["SamplePerfectTile",["l7"],[5,64],["v14","v15","v16","v17","v18"]],["Split",["l7","v14","v15","v16","v17","v18"],[1],["l19","l20","l21","l22","l23"]],["SamplePerfectTile",["l8"],[5,64],["v24","v25","v26","v27","v28"]],["Split",["l8","v24","v25","v26","v27","v28"],[1],["l29","l30","l31","l32","l33"]],["SamplePerfectTile",["l9"],[5,64],["v34","v35","v36","v37","v38"]],["Split",["l9","v34","v35","v36","v37","v38"],[1],["l39","l40","l41","l42","l43"]],["SamplePerfectTile",["l10"],[5,64],["v44","v45","v46","v47","v48"]],["Split",["l10","v44","v45","v46","v47","v48"],[1],["l49","l50","l51","l52","l53"]],["SamplePerfectTile",["l11"],[3,64],["v54","v55","v56"]],["Split",["l11","v54","v55","v56"],[1],["l57","l58","l59"]],["SamplePerfectTile",["l12"],[3,64],["v60","v61","v62"]],["Split",["l12","v60","v61","v62"],[1],["l63","l64","l65"]],["SamplePerfectTile",["l13"],[3,64],["v66","v67","v68"]],["Split",["l13","v66","v67","v68"],[1],["l69","l70","l71"]],["Reorder",["l19","l29","l39","l49","l20","l30","l40","l50","l21","l31","l41","l51","l57","l63","l69","l58","l64","l70","l22","l32","l42","l52","l59","l65","l71","l23","l33","l43","l53"],[],[]],["Fuse",["l19","l29","l39","l49"],[1],["l72"]],["Bind",["l72"],["blockIdx.x"],[]],["Fuse",["l20","l30","l40","l50"],[1],["l73"]],["Bind",["l73"],["vthread.x"],[]],["Fuse",["l21","l31","l41","l51"],[1],["l74"]],["Bind",["l74"],["threadIdx.x"],[]],["Annotate",["b1",32],["meta_schedule.thread_extent_low_inclusive"],[]],["Annotate",["b1",1024],["meta_schedule.thread_extent_high_inclusive"],[]],["CacheWrite",["b1",[]],[0,"local"],["b75"]],["ReverseComputeAt",["b75","l74"],[1,-1],[]],["CacheRead",["b1",["b1"]],[0,"shared"],["b76"]],["ComputeAt",["b76","l69"],[1,-1],[]],["GetLoops",["b76"],[],["l77","l78","l79","l80","l81","l82","l83","l84","l85","l86"]],["Fuse",["l83","l84","l85","l86"],[1],["l87"]],["SampleCategorical",[],[[1,2,3,4],[0.25,0.25,0.25,0.25]],["v88"]],["Annotate",["b76","v88"],["meta_schedule.cooperative_fetch"],[]],["CacheRead",["b1",["b1"]],[1,"shared"],["b89"]],["ComputeAt",["b89","l69"],[1,-1],[]],["GetLoops",["b89"],[],["l90","l91","l92","l93","l94","l95","l96","l97","l98","l99"]],["Fuse",["l96","l97","l98","l99"],[1],["l100"]],["SampleCategorical",[],[[1,2,3,4],[0.25,0.25,0.25,0.25]],["v101"]],["Annotate",["b89","v101"],["meta_schedule.cooperative_fetch"],[]],["ComputeInline",["b4"],[],[]],["ReverseComputeInline",["b5"],[],[]],["ReverseComputeInline",["b3"],[],[]],["ReverseComputeInline",["b2"],[],[]],["ComputeInline",["b0"],[],[]],["SampleCategorical",[],[[0,16,64,512,1024],[0.2000000000000000111,0.2000000000000000111,0.2000000000000000111,0.2000000000000000111,0.2000000000000000111]],["v102"]],["Annotate",["b6","v102"],["meta_schedule.unroll_explicit"],[]],["EnterPostproc",[],[],[]],["Unannotate",["b76"],["meta_schedule.cooperative_fetch"],[]],["GetLoops",["b76"],[],["l103","l104","l105","l106","l107","l108","l109"]],["Split",["l109","None",32,2],[1],["l110","l111","l112"]],["Vectorize",["l112"],[],[]],["Bind",["l111"],["threadIdx.x"],[]],["Unannotate",["b89"],["meta_schedule.cooperative_fetch"],[]],["GetLoops",["b89"],[],["l113","l114","l115","l116","l117","l118","l119"]],["Split",["l119","None",32,4],[1],["l120","l121","l122"]],["Vectorize",["l122"],[],[]],["Bind",["l121"],["threadIdx.x"],[]],["GetBlock",[],["root","main"],["b123"]],["Unannotate",["b123"],["meta_schedule.unroll_explicit"],[]],["GetChildBlocks",["b123"],[],["b124","b125","b126","b127"]],["GetLoops",["b124"],[],["l128","l129","l130","l131","l132","l133","l134","l135","l136"]],["GetLoops",["b125"],[],["l137","l138","l139","l140","l141","l142","l143","l144","l145"]],["GetLoops",["b126"],[],["l146","l147","l148","l149","l150","l151","l152","l153","l154","l155","l156","l157","l158","l159","l160","l161","l162","l163","l164","l165"]],["GetLoops",["b127"],[],["l166","l167","l168","l169","l170","l171","l172"]],["GetBlock",[],["conv2d_nhwc","main"],["b173"]],["GetLoops",["b173"],[],["l174","l175","l176","l177","l178","l179","l180","l181","l182","l183","l184","l185","l186","l187","l188","l189","l190","l191","l192","l193"]],["DecomposeReduction",["b173","l177"],[],["b194"]]],[[9,[1,1,1,1,1]],[11,[1,1,1,1,1]],[13,[1,1,1,1,1]],[15,[6,1,32,1,5]],[17,[1,1,1]],[19,[1,1,1]],[21,[10,3,8]],[38,1],[44,3],[51,0]]],[0],{"arch":"sm_70","keys":["cuda","gpu"],"kind":"cuda","max_num_threads":1024,"max_shared_memory_per_block":49152,"max_threads_per_block":1024,"registers_per_block":65536,"tag":"","thread_warp_size":32},[["TENSOR","float32",[1,1,1,240]],["TENSOR","float32",[1,1,240,960]],["TENSOR","float32",[1,1,1,960]],["TENSOR","float32",[1,1,1,960]]]]]
[0,[[[["GetBlock",[],["pad_temp","main"],["b0"]],["GetBlock",[],["conv2d_nhwc","main"],["b1"]],["GetBlock",[],["T_add","main"],["b2"]],["GetBlock",[],["compute","main"],["b3"]],["GetBlock",[],["compile_engine_const","main"],["b4"]],["GetBlock",[],["T_divide","main"],["b5"]],["GetBlock",[],["root","main"],["b6"]],["Annotate",["b1","\"SSSRRSRS\""],["meta_schedule.tiling_structure"],[]],["GetLoops",["b1"],[],["l7","l8","l9","l10","l11","l12","l13"]],["SamplePerfectTile",["l7"],[5,64],["v14","v15","v16","v17","v18"]],["Split",["l7","v14","v15","v16","v17","v18"],[1],["l19","l20","l21","l22","l23"]],["SamplePerfectTile",["l8"],[5,64],["v24","v25","v26","v27","v28"]],["Split",["l8","v24","v25","v26","v27","v28"],[1],["l29","l30","l31","l32","l33"]],["SamplePerfectTile",["l9"],[5,64],["v34","v35","v36","v37","v38"]],["Split",["l9","v34","v35","v36","v37","v38"],[1],["l39","l40","l41","l42","l43"]],["SamplePerfectTile",["l10"],[5,64],["v44","v45","v46","v47","v48"]],["Split",["l10","v44","v45","v46","v47","v48"],[1],["l49","l50","l51","l52","l53"]],["SamplePerfectTile",["l11"],[3,64],["v54","v55","v56"]],["Split",["l11","v54","v55","v56"],[1],["l57","l58","l59"]],["SamplePerfectTile",["l12"],[3,64],["v60","v61","v62"]],["Split",["l12","v60","v61","v62"],[1],["l63","l64","l65"]],["SamplePerfectTile",["l13"],[3,64],["v66","v67","v68"]],["Split",["l13","v66","v67","v68"],[1],["l69","l70","l71"]],["Reorder",["l19","l29","l39","l49","l20","l30","l40","l50","l21","l31","l41","l51","l57","l63","l69","l58","l64","l70","l22","l32","l42","l52","l59","l65","l71","l23","l33","l43","l53"],[],[]],["Fuse",["l19","l29","l39","l49"],[1],["l72"]],["Bind",["l72"],["blockIdx.x"],[]],["Fuse",["l20","l30","l40","l50"],[1],["l73"]],["Bind",["l73"],["vthread.x"],[]],["Fuse",["l21","l31","l41","l51"],[1],["l74"]],["Bind",["l74"],["threadIdx.x"],[]],["Annotate",["b1",32],["meta_schedule.thread_extent_low_inclusive"],[]],["Annotate",["b1",1024],["meta_schedule.thread_extent_high_inclusive"],[]],["CacheWrite",["b1",[]],[0,"local"],["b75"]],["ReverseComputeAt",["b75","l74"],[1,-1],[]],["CacheRead",["b1",["b1"]],[0,"shared"],["b76"]],["ComputeAt",["b76","l69"],[1,-1],[]],["GetLoops",["b76"],[],["l77","l78","l79","l80","l81","l82","l83","l84","l85","l86"]],["Fuse",["l83","l84","l85","l86"],[1],["l87"]],["SampleCategorical",[],[[1,2,3,4],[0.25,0.25,0.25,0.25]],["v88"]],["Annotate",["b76","v88"],["meta_schedule.cooperative_fetch"],[]],["CacheRead",["b1",["b1"]],[1,"shared"],["b89"]],["ComputeAt",["b89","l69"],[1,-1],[]],["GetLoops",["b89"],[],["l90","l91","l92","l93","l94","l95","l96","l97","l98","l99"]],["Fuse",["l96","l97","l98","l99"],[1],["l100"]],["SampleCategorical",[],[[1,2,3,4],[0.25,0.25,0.25,0.25]],["v101"]],["Annotate",["b89","v101"],["meta_schedule.cooperative_fetch"],[]],["ComputeInline",["b4"],[],[]],["ReverseComputeInline",["b5"],[],[]],["ReverseComputeInline",["b3"],[],[]],["ReverseComputeInline",["b2"],[],[]],["ComputeInline",["b0"],[],[]],["SampleCategorical",[],[[0,16,64,512,1024],[0.2000000000000000111,0.2000000000000000111,0.2000000000000000111,0.2000000000000000111,0.2000000000000000111]],["v102"]],["Annotate",["b6","v102"],["meta_schedule.unroll_explicit"],[]],["EnterPostproc",[],[],[]],["Unannotate",["b76"],["meta_schedule.cooperative_fetch"],[]],["GetLoops",["b76"],[],["l103","l104","l105","l106","l107","l108","l109"]],["Split",["l109","None",120],[1],["l110","l111"]],["Bind",["l111"],["threadIdx.x"],[]],["Unannotate",["b89"],["meta_schedule.cooperative_fetch"],[]],["GetLoops",["b89"],[],["l112","l113","l114","l115","l116","l117","l118"]],["Split",["l118","None",120,2],[1],["l119","l120","l121"]],["Vectorize",["l121"],[],[]],["Bind",["l120"],["threadIdx.x"],[]],["GetBlock",[],["root","main"],["b122"]],["Unannotate",["b122"],["meta_schedule.unroll_explicit"],[]],["GetChildBlocks",["b122"],[],["b123","b124","b125","b126"]],["GetLoops",["b123"],[],["l127","l128","l129","l130","l131","l132","l133","l134"]],["Annotate",["l127",16],["pragma_auto_unroll_max_step"],[]],["Annotate",["l127",1],["pragma_unroll_explicit"],[]],["GetLoops",["b124"],[],["l135","l136","l137","l138","l139","l140","l141","l142","l143"]],["Annotate",["l135",16],["pragma_auto_unroll_max_step"],[]],["Annotate",["l135",1],["pragma_unroll_explicit"],[]],["GetLoops",["b125"],[],["l144","l145","l146","l147","l148","l149","l150","l151","l152","l153","l154","l155","l156","l157","l158","l159","l160","l161","l162","l163"]],["Annotate",["l144",16],["pragma_auto_unroll_max_step"],[]],["Annotate",["l144",1],["pragma_unroll_explicit"],[]],["GetLoops",["b126"],[],["l164","l165","l166","l167","l168","l169","l170"]],["Annotate",["l164",16],["pragma_auto_unroll_max_step"],[]],["Annotate",["l164",1],["pragma_unroll_explicit"],[]],["GetBlock",[],["conv2d_nhwc","main"],["b171"]],["GetLoops",["b171"],[],["l172","l173","l174","l175","l176","l177","l178","l179","l180","l181","l182","l183","l184","l185","l186","l187","l188","l189","l190","l191"]],["DecomposeReduction",["b171","l175"],[],["b192"]]],[[9,[1,1,1,1,1]],[11,[1,1,1,1,1]],[13,[1,1,1,1,1]],[15,[8,1,120,1,1]],[17,[1,1,1]],[19,[1,1,1]],[21,[12,20,1]],[38,0],[44,1],[51,1]]],[0],{"arch":"sm_70","keys":["cuda","gpu"],"kind":"cuda","max_num_threads":1024,"max_shared_memory_per_block":49152,"max_threads_per_block":1024,"registers_per_block":65536,"tag":"","thread_warp_size":32},[["TENSOR","float32",[1,1,1,240]],["TENSOR","float32",[1,1,240,960]],["TENSOR","float32",[1,1,1,960]],["TENSOR","float32",[1,1,1,960]]]]]
[0,[[[["GetBlock",[],["pad_temp","main"],["b0"]],["GetBlock",[],["conv2d_nhwc","main"],["b1"]],["GetBlock",[],["T_add","main"],["b2"]],["GetBlock",[],["compute","main"],["b3"]],["GetBlock",[],["compile_engine_const","main"],["b4"]],["GetBlock",[],["T_divide","main"],["b5"]],["GetBlock",[],["root","main"],["b6"]],["Annotate",["b1","\"SSSRRSRS\""],["meta_schedule.tiling_structure"],[]],["GetLoops",["b1"],[],["l7","l8","l9","l10","l11","l12","l13"]],["SamplePerfectTile",["l7"],[5,64],["v14","v15","v16","v17","v18"]],["Split",["l7","v14","v15","v16","v17","v18"],[1],["l19","l20","l21","l22","l23"]],["SamplePerfectTile",["l8"],[5,64],["v24","v25","v26","v27","v28"]],["Split",["l8","v24","v25","v26","v27","v28"],[1],["l29","l30","l31","l32","l33"]],["SamplePerfectTile",["l9"],[5,64],["v34","v35","v36","v37","v38"]],["Split",["l9","v34","v35","v36","v37","v38"],[1],["l39","l40","l41","l42","l43"]],["SamplePerfectTile",["l10"],[5,64],["v44","v45","v46","v47","v48"]],["Split",["l10","v44","v45","v46","v47","v48"],[1],["l49","l50","l51","l52","l53"]],["SamplePerfectTile",["l11"],[3,64],["v54","v55","v56"]],["Split",["l11","v54","v55","v56"],[1],["l57","l58","l59"]],["SamplePerfectTile",["l12"],[3,64],["v60","v61","v62"]],["Split",["l12","v60","v61","v62"],[1],["l63","l64","l65"]],["SamplePerfectTile",["l13"],[3,64],["v66","v67","v68"]],["Split",["l13","v66","v67","v68"],[1],["l69","l70","l71"]],["Reorder",["l19","l29","l39","l49","l20","l30","l40","l50","l21","l31","l41","l51","l57","l63","l69","l58","l64","l70","l22","l32","l42","l52","l59","l65","l71","l23","l33","l43","l53"],[],[]],["Fuse",["l19","l29","l39","l49"],[1],["l72"]],["Bind",["l72"],["blockIdx.x"],[]],["Fuse",["l20","l30","l40","l50"],[1],["l73"]],["Bind",["l73"],["vthread.x"],[]],["Fuse",["l21","l31","l41","l51"],[1],["l74"]],["Bind",["l74"],["threadIdx.x"],[]],["Annotate",["b1",32],["meta_schedule.thread_extent_low_inclusive"],[]],["Annotate",["b1",1024],["meta_schedule.thread_extent_high_inclusive"],[]],["CacheWrite",["b1",[]],[0,"local"],["b75"]],["ReverseComputeAt",["b75","l74"],[1,-1],[]],["CacheRead",["b1",["b1"]],[0,"shared"],["b76"]],["ComputeAt",["b76","l69"],[1,-1],[]],["GetLoops",["b76"],[],["l77","l78","l79","l80","l81","l82","l83","l84","l85","l86"]],["Fuse",["l83","l84","l85","l86"],[1],["l87"]],["SampleCategorical",[],[[1,2,3,4],[0.25,0.25,0.25,0.25]],["v88"]],["Annotate",["b76","v88"],["meta_schedule.cooperative_fetch"],[]],["CacheRead",["b1",["b1"]],[1,"shared"],["b89"]],["ComputeAt",["b89","l69"],[1,-1],[]],["GetLoops",["b89"],[],["l90","l91","l92","l93","l94","l95","l96","l97","l98","l99"]],["Fuse",["l96","l97","l98","l99"],[1],["l100"]],["SampleCategorical",[],[[1,2,3,4],[0.25,0.25,0.25,0.25]],["v101"]],["Annotate",["b89","v101"],["meta_schedule.cooperative_fetch"],[]],["ComputeInline",["b4"],[],[]],["ReverseComputeInline",["b5"],[],[]],["ReverseComputeInline",["b3"],[],[]],["ReverseComputeInline",["b2"],[],[]],["ComputeInline",["b0"],[],[]],["SampleCategorical",[],[[0,16,64,512,1024],[0.2000000000000000111,0.2000000000000000111,0.2000000000000000111,0.2000000000000000111,0.2000000000000000111]],["v102"]],["Annotate",["b6","v102"],["meta_schedule.unroll_explicit"],[]],["EnterPostproc",[],[],[]],["Unannotate",["b76"],["meta_schedule.cooperative_fetch"],[]],["GetLoops",["b76"],[],["l103","l104","l105","l106","l107","l108","l109"]],["Split",["l109","None",192],[1],["l110","l111"]],["Bind",["l111"],["threadIdx.x"],[]],["Unannotate",["b89"],["meta_schedule.cooperative_fetch"],[]],["GetLoops",["b89"],[],["l112","l113","l114","l115","l116","l117","l118"]],["Split",["l118","None",192,4],[1],["l119","l120","l121"]],["Vectorize",["l121"],[],[]],["Bind",["l120"],["threadIdx.x"],[]],["GetBlock",[],["root","main"],["b122"]],["Unannotate",["b122"],["meta_schedule.unroll_explicit"],[]],["GetChildBlocks",["b122"],[],["b123","b124","b125","b126"]],["GetLoops",["b123"],[],["l127","l128","l129","l130","l131","l132","l133","l134"]],["Annotate",["l127",512],["pragma_auto_unroll_max_step"],[]],["Annotate",["l127",1],["pragma_unroll_explicit"],[]],["GetLoops",["b124"],[],["l135","l136","l137","l138","l139","l140","l141","l142","l143"]],["Annotate",["l135",512],["pragma_auto_unroll_max_step"],[]],["Annotate",["l135",1],["pragma_unroll_explicit"],[]],["GetLoops",["b125"],[],["l144","l145","l146","l147","l148","l149","l150","l151","l152","l153","l154","l155","l156","l157","l158","l159","l160","l161","l162","l163"]],["Annotate",["l144",512],["pragma_auto_unroll_max_step"],[]],["Annotate",["l144",1],["pragma_unroll_explicit"],[]],["GetLoops",["b126"],[],["l164","l165","l166","l167","l168","l169","l170"]],["Annotate",["l164",512],["pragma_auto_unroll_max_step"],[]],["Annotate",["l164",1],["pragma_unroll_explicit"],[]],["GetBlock",[],["conv2d_nhwc","main"],["b171"]],["GetLoops",["b171"],[],["l172","l173","l174","l175","l176","l177","l178","l179","l180","l181","l182","l183","l184","l185","l186","l187","l188","l189","l190","l191"]],["DecomposeReduction",["b171","l175"],[],["b192"]]],[[9,[1,1,1,1,1]],[11,[1,1,1,1,1]],[13,[1,1,1,1,1]],[15,[1,1,192,1,5]],[17,[1,1,1]],[19,[1,1,1]],[21,[40,6,1]],[38,0],[44,3],[51,3]]],[0],{"arch":"sm_70","keys":["cuda","gpu"],"kind":"cuda","max_num_threads":1024,"max_shared_memory_per_block":49152,"max_threads_per_block":1024,"registers_per_block":65536,"tag":"","thread_warp_size":32},[["TENSOR","float32",[1,1,1,240]],["TENSOR","float32",[1,1,240,960]],["TENSOR","float32",[1,1,1,960]],["TENSOR","float32",[1,1,1,960]]]]]
[0,[[[["GetBlock",[],["pad_temp","main"],["b0"]],["GetBlock",[],["conv2d_nhwc","main"],["b1"]],["GetBlock",[],["T_add","main"],["b2"]],["GetBlock",[],["compute","main"],["b3"]],["GetBlock",[],["compile_engine_const","main"],["b4"]],["GetBlock",[],["T_divide","main"],["b5"]],["GetBlock",[],["root","main"],["b6"]],["Annotate",["b1","\"SSSRRSRS\""],["meta_schedule.tiling_structure"],[]],["GetLoops",["b1"],[],["l7","l8","l9","l10","l11","l12","l13"]],["SamplePerfectTile",["l7"],[5,64],["v14","v15","v16","v17","v18"]],["Split",["l7","v14","v15","v16","v17","v18"],[1],["l19","l20","l21","l22","l23"]],["SamplePerfectTile",["l8"],[5,64],["v24","v25","v26","v27","v28"]],["Split",["l8","v24","v25","v26","v27","v28"],[1],["l29","l30","l31","l32","l33"]],["SamplePerfectTile",["l9"],[5,64],["v34","v35","v36","v37","v38"]],["Split",["l9","v34","v35","v36","v37","v38"],[1],["l39","l40","l41","l42","l43"]],["SamplePerfectTile",["l10"],[5,64],["v44","v45","v46","v47","v48"]],["Split",["l10","v44","v45","v46","v47","v48"],[1],["l49","l50","l51","l52","l53"]],["SamplePerfectTile",["l11"],[3,64],["v54","v55","v56"]],["Split",["l11","v54","v55","v56"],[1],["l57","l58","l59"]],["SamplePerfectTile",["l12"],[3,64],["v60","v61","v62"]],["Split",["l12","v60","v61","v62"],[1],["l63","l64","l65"]],["SamplePerfectTile",["l13"],[3,64],["v66","v67","v68"]],["Split",["l13","v66","v67","v68"],[1],["l69","l70","l71"]],["Reorder",["l19","l29","l39","l49","l20","l30","l40","l50","l21","l31","l41","l51","l57","l63","l69","l58","l64","l70","l22","l32","l42","l52","l59","l65","l71","l23","l33","l43","l53"],[],[]],["Fuse",["l19","l29","l39","l49"],[1],["l72"]],["Bind",["l72"],["blockIdx.x"],[]],["Fuse",["l20","l30","l40","l50"],[1],["l73"]],["Bind",["l73"],["vthread.x"],[]],["Fuse",["l21","l31","l41","l51"],[1],["l74"]],["Bind",["l74"],["threadIdx.x"],[]],["Annotate",["b1",32],["meta_schedule.thread_extent_low_inclusive"],[]],["Annotate",["b1",1024],["meta_schedule.thread_extent_high_inclusive"],[]],["CacheWrite",["b1",[]],[0,"local"],["b75"]],["ReverseComputeAt",["b75","l74"],[1,-1],[]],["CacheRead",["b1",["b1"]],[0,"shared"],["b76"]],["ComputeAt",["b76","l69"],[1,-1],[]],["GetLoops",["b76"],[],["l77","l78","l79","l80","l81","l82","l83","l84","l85","l86"]],["Fuse",["l83","l84","l85","l86"],[1],["l87"]],["SampleCategorical",[],[[1,2,3,4],[0.25,0.25,0.25,0.25]],["v88"]],["Annotate",["b76","v88"],["meta_schedule.cooperative_fetch"],[]],["CacheRead",["b1",["b1"]],[1,"shared"],["b89"]],["ComputeAt",["b89","l69"],[1,-1],[]],["GetLoops",["b89"],[],["l90","l91","l92","l93","l94","l95","l96","l97","l98","l99"]],["Fuse",["l96","l97","l98","l99"],[1],["l100"]],["SampleCategorical",[],[[1,2,3,4],[0.25,0.25,0.25,0.25]],["v101"]],["Annotate",["b89","v101"],["meta_schedule.cooperative_fetch"],[]],["ComputeInline",["b4"],[],[]],["ReverseComputeInline",["b5"],[],[]],["ReverseComputeInline",["b3"],[],[]],["ReverseComputeInline",["b2"],[],[]],["ComputeInline",["b0"],[],[]],["SampleCategorical",[],[[0,16,64,512,1024],[0.2000000000000000111,0.2000000000000000111,0.2000000000000000111,0.2000000000000000111,0.2000000000000000111]],["v102"]],["Annotate",["b6","v102"],["meta_schedule.unroll_explicit"],[]],["EnterPostproc",[],[],[]],["Unannotate",["b76"],["meta_schedule.cooperative_fetch"],[]],["GetLoops",["b76"],[],["l103","l104","l105","l106","l107","l108","l109"]],["Split",["l109","None",80,4],[1],["l110","l111","l112"]],["Vectorize",["l112"],[],[]],["Bind",["l111"],["threadIdx.x"],[]],["Unannotate",["b89"],["meta_schedule.cooperative_fetch"],[]],["GetLoops",["b89"],[],["l113","l114","l115","l116","l117","l118","l119"]],["Split",["l119","None",80,4],[1],["l120","l121","l122"]],["Vectorize",["l122"],[],[]],["Bind",["l121"],["threadIdx.x"],[]],["GetBlock",[],["root","main"],["b123"]],["Unannotate",["b123"],["meta_schedule.unroll_explicit"],[]],["GetChildBlocks",["b123"],[],["b124","b125","b126","b127"]],["GetLoops",["b124"],[],["l128","l129","l130","l131","l132","l133","l134","l135","l136"]],["Annotate",["l128",16],["pragma_auto_unroll_max_step"],[]],["Annotate",["l128",1],["pragma_unroll_explicit"],[]],["GetLoops",["b125"],[],["l137","l138","l139","l140","l141","l142","l143","l144","l145"]],["Annotate",["l137",16],["pragma_auto_unroll_max_step"],[]],["Annotate",["l137",1],["pragma_unroll_explicit"],[]],["GetLoops",["b126"],[],["l146","l147","l148","l149","l150","l151","l152","l153","l154","l155","l156","l157","l158","l159","l160","l161","l162","l163","l164","l165"]],["Annotate",["l146",16],["pragma_auto_unroll_max_step"],[]],["Annotate",["l146",1],["pragma_unroll_explicit"],[]],["GetLoops",["b127"],[],["l166","l167","l168","l169","l170","l171","l172"]],["Annotate",["l166",16],["pragma_auto_unroll_max_step"],[]],["Annotate",["l166",1],["pragma_unroll_explicit"],[]],["GetBlock",[],["conv2d_nhwc","main"],["b173"]],["GetLoops",["b173"],[],["l174","l175","l176","l177","l178","l179","l180","l181","l182","l183","l184","l185","l186","l187","l188","l189","l190","l191","l192","l193"]],["DecomposeReduction",["b173","l177"],[],["b194"]]],[[9,[1,1,1,1,1]],[11,[1,1,1,1,1]],[13,[1,1,1,1,1]],[15,[4,1,80,3,1]],[17,[1,1,1]],[19,[1,1,1]],[21,[15,2,8]],[38,3],[44,3],[51,1]]],[0],{"arch":"sm_70","keys":["cuda","gpu"],"kind":"cuda","max_num_threads":1024,"max_shared_memory_per_block":49152,"max_threads_per_block":1024,"registers_per_block":65536,"tag":"","thread_warp_size":32},[["TENSOR","float32",[1,1,1,240]],["TENSOR","float32",[1,1,240,960]],["TENSOR","float32",[1,1,1,960]],["TENSOR","float32",[1,1,1,960]]]]]
[0,[[[["GetBlock",[],["pad_temp","main"],["b0"]],["GetBlock",[],["conv2d_nhwc","main"],["b1"]],["GetBlock",[],["T_add","main"],["b2"]],["GetBlock",[],["compute","main"],["b3"]],["GetBlock",[],["compile_engine_const","main"],["b4"]],["GetBlock",[],["T_divide","main"],["b5"]],["GetBlock",[],["root","main"],["b6"]],["Annotate",["b1","\"SSSRRSRS\""],["meta_schedule.tiling_structure"],[]],["GetLoops",["b1"],[],["l7","l8","l9","l10","l11","l12","l13"]],["SamplePerfectTile",["l7"],[5,64],["v14","v15","v16","v17","v18"]],["Split",["l7","v14","v15","v16","v17","v18"],[1],["l19","l20","l21","l22","l23"]],["SamplePerfectTile",["l8"],[5,64],["v24","v25","v26","v27","v28"]],["Split",["l8","v24","v25","v26","v27","v28"],[1],["l29","l30","l31","l32","l33"]],["SamplePerfectTile",["l9"],[5,64],["v34","v35","v36","v37","v38"]],["Split",["l9","v34","v35","v36","v37","v38"],[1],["l39","l40","l41","l42","l43"]],["SamplePerfectTile",["l10"],[5,64],["v44","v45","v46","v47","v48"]],["Split",["l10","v44","v45","v46","v47","v48"],[1],["l49","l50","l51","l52","l53"]],["SamplePerfectTile",["l11"],[3,64],["v54","v55","v56"]],["Split",["l11","v54","v55","v56"],[1],["l57","l58","l59"]],["SamplePerfectTile",["l12"],[3,64],["v60","v61","v62"]],["Split",["l12","v60","v61","v62"],[1],["l63","l64","l65"]],["SamplePerfectTile",["l13"],[3,64],["v66","v67","v68"]],["Split",["l13","v66","v67","v68"],[1],["l69","l70","l71"]],["Reorder",["l19","l29","l39","l49","l20","l30","l40","l50","l21","l31","l41","l51","l57","l63","l69","l58","l64","l70","l22","l32","l42","l52","l59","l65","l71","l23","l33","l43","l53"],[],[]],["Fuse",["l19","l29","l39","l49"],[1],["l72"]],["Bind",["l72"],["blockIdx.x"],[]],["Fuse",["l20","l30","l40","l50"],[1],["l73"]],["Bind",["l73"],["vthread.x"],[]],["Fuse",["l21","l31","l41","l51"],[1],["l74"]],["Bind",["l74"],["threadIdx.x"],[]],["Annotate",["b1",32],["meta_schedule.thread_extent_low_inclusive"],[]],["Annotate",["b1",1024],["meta_schedule.thread_extent_high_inclusive"],[]],["CacheWrite",["b1",[]],[0,"local"],["b75"]],["ReverseComputeAt",["b75","l74"],[1,-1],[]],["CacheRead",["b1",["b1"]],[0,"shared"],["b76"]],["ComputeAt",["b76","l69"],[1,-1],[]],["GetLoops",["b76"],[],["l77","l78","l79","l80","l81","l82","l83","l84","l85","l86"]],["Fuse",["l83","l84","l85","l86"],[1],["l87"]],["SampleCategorical",[],[[1,2,3,4],[0.25,0.25,0.25,0.25]],["v88"]],["Annotate",["b76","v88"],["meta_schedule.cooperative_fetch"],[]],["CacheRead",["b1",["b1"]],[1,"shared"],["b89"]],["ComputeAt",["b89","l69"],[1,-1],[]],["GetLoops",["b89"],[],["l90","l91","l92","l93","l94","l95","l96","l97","l98","l99"]],["Fuse",["l96","l97","l98","l99"],[1],["l100"]],["SampleCategorical",[],[[1,2,3,4],[0.25,0.25,0.25,0.25]],["v101"]],["Annotate",["b89","v101"],["meta_schedule.cooperative_fetch"],[]],["ComputeInline",["b4"],[],[]],["ReverseComputeInline",["b5"],[],[]],["ReverseComputeInline",["b3"],[],[]],["ReverseComputeInline",["b2"],[],[]],["ComputeInline",["b0"],[],[]],["SampleCategorical",[],[[0,16,64,512,1024],[0.2000000000000000111,0.2000000000000000111,0.2000000000000000111,0.2000000000000000111,0.2000000000000000111]],["v102"]],["Annotate",["b6","v102"],["meta_schedule.unroll_explicit"],[]],["EnterPostproc",[],[],[]],["Unannotate",["b76"],["meta_schedule.cooperative_fetch"],[]],["GetLoops",["b76"],[],["l103","l104","l105","l106","l107","l108","l109"]],["Split",["l109","None",160],[1],["l110","l111"]],["Bind",["l111"],["threadIdx.x"],[]],["Unannotate",["b89"],["meta_schedule.cooperative_fetch"],[]],["GetLoops",["b89"],[],["l112","l113","l114","l115","l116","l117","l118"]],["Split",["l118","None",160],[1],["l119","l120"]],["Bind",["l120"],["threadIdx.x"],[]],["GetBlock",[],["root","main"],["b121"]],["Unannotate",["b121"],["meta_schedule.unroll_explicit"],[]],["GetChildBlocks",["b121"],[],["b122","b123","b124","b125"]],["GetLoops",["b122"],[],["l126","l127","l128","l129","l130","l131","l132","l133"]],["Annotate",["l126",16],["pragma_auto_unroll_max_step"],[]],["Annotate",["l126",1],["pragma_unroll_explicit"],[]],["GetLoops",["b123"],[],["l134","l135","l136","l137","l138","l139","l140","l141"]],["Annotate",["l134",16],["pragma_auto_unroll_max_step"],[]],["Annotate",["l134",1],["pragma_unroll_explicit"],[]],["GetLoops",["b124"],[],["l142","l143","l144","l145","l146","l147","l148","l149","l150","l151","l152","l153","l154","l155","l156","l157","l158","l159","l160","l161"]],["Annotate",["l142",16],["pragma_auto_unroll_max_step"],[]],["Annotate",["l142",1],["pragma_unroll_explicit"],[]],["GetLoops",["b125"],[],["l162","l163","l164","l165","l166","l167","l168"]],["Annotate",["l162",16],["pragma_auto_unroll_max_step"],[]],["Annotate",["l162",1],["pragma_unroll_explicit"],[]],["GetBlock",[],["conv2d_nhwc","main"],["b169"]],["GetLoops",["b169"],[],["l170","l171","l172","l173","l174","l175","l176","l177","l178","l179","l180","l181","l182","l183","l184","l185","l186","l187","l188","l189"]],["DecomposeReduction",["b169","l173"],[],["b190"]]],[[9,[1,1,1,1,1]],[11,[1,1,1,1,1]],[13,[1,1,1,1,1]],[15,[6,1,160,1,1]],[17,[1,1,1]],[19,[1,1,1]],[21,[12,20,1]],[38,2],[44,2],[51,1]]],[0],{"arch":"sm_70","keys":["cuda","gpu"],"kind":"cuda","max_num_threads":1024,"max_shared_memory_per_block":49152,"max_threads_per_block":1024,"registers_per_block":65536,"tag":"","thread_warp_size":32},[["TENSOR","float32",[1,1,1,240]],["TENSOR","float32",[1,1,240,960]],["TENSOR","float32",[1,1,1,960]],["TENSOR","float32",[1,1,1,960]]]]]
[0,[[[["GetBlock",[],["pad_temp","main"],["b0"]],["GetBlock",[],["conv2d_nhwc","main"],["b1"]],["GetBlock",[],["T_add","main"],["b2"]],["GetBlock",[],["compute","main"],["b3"]],["GetBlock",[],["compile_engine_const","main"],["b4"]],["GetBlock",[],["T_divide","main"],["b5"]],["GetBlock",[],["root","main"],["b6"]],["Annotate",["b1","\"SSSRRSRS\""],["meta_schedule.tiling_structure"],[]],["GetLoops",["b1"],[],["l7","l8","l9","l10","l11","l12","l13"]],["SamplePerfectTile",["l7"],[5,64],["v14","v15","v16","v17","v18"]],["Split",["l7","v14","v15","v16","v17","v18"],[1],["l19","l20","l21","l22","l23"]],["SamplePerfectTile",["l8"],[5,64],["v24","v25","v26","v27","v28"]],["Split",["l8","v24","v25","v26","v27","v28"],[1],["l29","l30","l31","l32","l33"]],["SamplePerfectTile",["l9"],[5,64],["v34","v35","v36","v37","v38"]],["Split",["l9","v34","v35","v36","v37","v38"],[1],["l39","l40","l41","l42","l43"]],["SamplePerfectTile",["l10"],[5,64],["v44","v45","v46","v47","v48"]],["Split",["l10","v44","v45","v46","v47","v48"],[1],["l49","l50","l51","l52","l53"]],["SamplePerfectTile",["l11"],[3,64],["v54","v55","v56"]],["Split",["l11","v54","v55","v56"],[1],["l57","l58","l59"]],["SamplePerfectTile",["l12"],[3,64],["v60","v61","v62"]],["Split",["l12","v60","v61","v62"],[1],["l63","l64","l65"]],["SamplePerfectTile",["l13"],[3,64],["v66","v67","v68"]],["Split",["l13","v66","v67","v68"],[1],["l69","l70","l71"]],["Reorder",["l19","l29","l39","l49","l20","l30","l40","l50","l21","l31","l41","l51","l57","l63","l69","l58","l64","l70","l22","l32","l42","l52","l59","l65","l71","l23","l33","l43","l53"],[],[]],["Fuse",["l19","l29","l39","l49"],[1],["l72"]],["Bind",["l72"],["blockIdx.x"],[]],["Fuse",["l20","l30","l40","l50"],[1],["l73"]],["Bind",["l73"],["vthread.x"],[]],["Fuse",["l21","l31","l41","l51"],[1],["l74"]],["Bind",["l74"],["threadIdx.x"],[]],["Annotate",["b1",32],["meta_schedule.thread_extent_low_inclusive"],[]],["Annotate",["b1",1024],["meta_schedule.thread_extent_high_inclusive"],[]],["CacheWrite",["b1",[]],[0,"local"],["b75"]],["ReverseComputeAt",["b75","l74"],[1,-1],[]],["CacheRead",["b1",["b1"]],[0,"shared"],["b76"]],["ComputeAt",["b76","l69"],[1,-1],[]],["GetLoops",["b76"],[],["l77","l78","l79","l80","l81","l82","l83","l84","l85","l86"]],["Fuse",["l83","l84","l85","l86"],[1],["l87"]],["SampleCategorical",[],[[1,2,3,4],[0.25,0.25,0.25,0.25]],["v88"]],["Annotate",["b76","v88"],["meta_schedule.cooperative_fetch"],[]],["CacheRead",["b1",["b1"]],[1,"shared"],["b89"]],["ComputeAt",["b89","l69"],[1,-1],[]],["GetLoops",["b89"],[],["l90","l91","l92","l93","l94","l95","l96","l97","l98","l99"]],["Fuse",["l96","l97","l98","l99"],[1],["l100"]],["SampleCategorical",[],[[1,2,3,4],[0.25,0.25,0.25,0.25]],["v101"]],["Annotate",["b89","v101"],["meta_schedule.cooperative_fetch"],[]],["ComputeInline",["b4"],[],[]],["ReverseComputeInline",["b5"],[],[]],["ReverseComputeInline",["b3"],[],[]],["ReverseComputeInline",["b2"],[],[]],["ComputeInline",["b0"],[],[]],["SampleCategorical",[],[[0,16,64,512,1024],[0.2000000000000000111,0.2000000000000000111,0.2000000000000000111,0.2000000000000000111,0.2000000000000000111]],["v102"]],["Annotate",["b6","v102"],["meta_schedule.unroll_explicit"],[]],["EnterPostproc",[],[],[]],["Unannotate",["b76"],["meta_schedule.cooperative_fetch"],[]],["GetLoops",["b76"],[],["l103","l104","l105","l106","l107","l108","l109"]],["Split",["l109","None",80,2],[1],["l110","l111","l112"]],["Vectorize",["l112"],[],[]],["Bind",["l111"],["threadIdx.x"],[]],["Unannotate",["b89"],["meta_schedule.cooperative_fetch"],[]],["GetLoops",["b89"],[],["l113","l114","l115","l116","l117","l118","l119"]],["Split",["l119","None",80,2],[1],["l120","l121","l122"]],["Vectorize",["l122"],[],[]],["Bind",["l121"],["threadIdx.x"],[]],["GetBlock",[],["root","main"],["b123"]],["Unannotate",["b123"],["meta_schedule.unroll_explicit"],[]],["GetChildBlocks",["b123"],[],["b124","b125","b126","b127"]],["GetLoops",["b124"],[],["l128","l129","l130","l131","l132","l133","l134","l135","l136"]],["Annotate",["l128",64],["pragma_auto_unroll_max_step"],[]],["Annotate",["l128",1],["pragma_unroll_explicit"],[]],["GetLoops",["b125"],[],["l137","l138","l139","l140","l141","l142","l143","l144","l145"]],["Annotate",["l137",64],["pragma_auto_unroll_max_step"],[]],["Annotate",["l137",1],["pragma_unroll_explicit"],[]],["GetLoops",["b126"],[],["l146","l147","l148","l149","l150","l151","l152","l153","l154","l155","l156","l157","l158","l159","l160","l161","l162","l163","l164","l165"]],["Annotate",["l146",64],["pragma_auto_unroll_max_step"],[]],["Annotate",["l146",1],["pragma_unroll_explicit"],[]],["GetLoops",["b127"],[],["l166","l167","l168","l169","l170","l171","l172"]],["Annotate",["l166",64],["pragma_auto_unroll_max_step"],[]],["Annotate",["l166",1],["pragma_unroll_explicit"],[]],["GetBlock",[],["conv2d_nhwc","main"],["b173"]],["GetLoops",["b173"],[],["l174","l175","l176","l177","l178","l179","l180","l181","l182","l183","l184","l185","l186","l187","l188","l189","l190","l191","l192","l193"]],["DecomposeReduction",["b173","l177"],[],["b194"]]],[[9,[1,1,1,1,1]],[11,[1,1,1,1,1]],[13,[1,1,1,1,1]],[15,[1,6,80,2,1]],[17,[1,1,1]],[19,[1,1,1]],[21,[60,2,2]],[38,1],[44,1],[51,2]]],[0],{"arch":"sm_70","keys":["cuda","gpu"],"kind":"cuda","max_num_threads":1024,"max_shared_memory_per_block":49152,"max_threads_per_block":1024,"registers_per_block":65536,"tag":"","thread_warp_size":32},[["TENSOR","float32",[1,1,1,240]],["TENSOR","float32",[1,1,240,960]],["TENSOR","float32",[1,1,1,960]],["TENSOR","float32",[1,1,1,960]]]]]
[0,[[[["GetBlock",[],["pad_temp","main"],["b0"]],["GetBlock",[],["conv2d_nhwc","main"],["b1"]],["GetBlock",[],["T_add","main"],["b2"]],["GetBlock",[],["compute","main"],["b3"]],["GetBlock",[],["compile_engine_const","main"],["b4"]],["GetBlock",[],["T_divide","main"],["b5"]],["GetBlock",[],["root","main"],["b6"]],["Annotate",["b1","\"SSSRRSRS\""],["meta_schedule.tiling_structure"],[]],["GetLoops",["b1"],[],["l7","l8","l9","l10","l11","l12","l13"]],["SamplePerfectTile",["l7"],[5,64],["v14","v15","v16","v17","v18"]],["Split",["l7","v14","v15","v16","v17","v18"],[1],["l19","l20","l21","l22","l23"]],["SamplePerfectTile",["l8"],[5,64],["v24","v25","v26","v27","v28"]],["Split",["l8","v24","v25","v26","v27","v28"],[1],["l29","l30","l31","l32","l33"]],["SamplePerfectTile",["l9"],[5,64],["v34","v35","v36","v37","v38"]],["Split",["l9","v34","v35","v36","v37","v38"],[1],["l39","l40","l41","l42","l43"]],["SamplePerfectTile",["l10"],[5,64],["v44","v45","v46","v47","v48"]],["Split",["l10","v44","v45","v46","v47","v48"],[1],["l49","l50","l51","l52","l53"]],["SamplePerfectTile",["l11"],[3,64],["v54","v55","v56"]],["Split",["l11","v54","v55","v56"],[1],["l57","l58","l59"]],["SamplePerfectTile",["l12"],[3,64],["v60","v61","v62"]],["Split",["l12","v60","v61","v62"],[1],["l63","l64","l65"]],["SamplePerfectTile",["l13"],[3,64],["v66","v67","v68"]],["Split",["l13","v66","v67","v68"],[1],["l69","l70","l71"]],["Reorder",["l19","l29","l39","l49","l20","l30","l40","l50","l21","l31","l41","l51","l57","l63","l69","l58","l64","l70","l22","l32","l42","l52","l59","l65","l71","l23","l33","l43","l53"],[],[]],["Fuse",["l19","l29","l39","l49"],[1],["l72"]],["Bind",["l72"],["blockIdx.x"],[]],["Fuse",["l20","l30","l40","l50"],[1],["l73"]],["Bind",["l73"],["vthread.x"],[]],["Fuse",["l21","l31","l41","l51"],[1],["l74"]],["Bind",["l74"],["threadIdx.x"],[]],["Annotate",["b1",32],["meta_schedule.thread_extent_low_inclusive"],[]],["Annotate",["b1",1024],["meta_schedule.thread_extent_high_inclusive"],[]],["CacheWrite",["b1",[]],[0,"local"],["b75"]],["ReverseComputeAt",["b75","l74"],[1,-1],[]],["CacheRead",["b1",["b1"]],[0,"shared"],["b76"]],["ComputeAt",["b76","l69"],[1,-1],[]],["GetLoops",["b76"],[],["l77","l78","l79","l80","l81","l82","l83","l84","l85","l86"]],["Fuse",["l83","l84","l85","l86"],[1],["l87"]],["SampleCategorical",[],[[1,2,3,4],[0.25,0.25,0.25,0.25]],["v88"]],["Annotate",["b76","v88"],["meta_schedule.cooperative_fetch"],[]],["CacheRead",["b1",["b1"]],[1,"shared"],["b89"]],["ComputeAt",["b89","l69"],[1,-1],[]],["GetLoops",["b89"],[],["l90","l91","l92","l93","l94","l95","l96","l97","l98","l99"]],["Fuse",["l96","l97","l98","l99"],[1],["l100"]],["SampleCategorical",[],[[1,2,3,4],[0.25,0.25,0.25,0.25]],["v101"]],["Annotate",["b89","v101"],["meta_schedule.cooperative_fetch"],[]],["ComputeInline",["b4"],[],[]],["ReverseComputeInline",["b5"],[],[]],["ReverseComputeInline",["b3"],[],[]],["ReverseComputeInline",["b2"],[],[]],["ComputeInline",["b0"],[],[]],["SampleCategorical",[],[[0,16,64,512,1024],[0.2000000000000000111,0.2000000000000000111,0.2000000000000000111,0.2000000000000000111,0.2000000000000000111]],["v102"]],["Annotate",["b6","v102"],["meta_schedule.unroll_explicit"],[]],["EnterPostproc",[],[],[]],["Unannotate",["b76"],["meta_schedule.cooperative_fetch"],[]],["GetLoops",["b76"],[],["l103","l104","l105","l106","l107","l108","l109"]],["Split",["l109","None",160],[1],["l110","l111"]],["Bind",["l111"],["threadIdx.x"],[]],["Unannotate",["b89"],["meta_schedule.cooperative_fetch"],[]],["GetLoops",["b89"],[],["l112","l113","l114","l115","l116","l117","l118"]],["Split",["l118","None",160,3],[1],["l119","l120","l121"]],["Vectorize",["l121"],[],[]],["Bind",["l120"],["threadIdx.x"],[]],["GetBlock",[],["root","main"],["b122"]],["Unannotate",["b122"],["meta_schedule.unroll_explicit"],[]],["GetChildBlocks",["b122"],[],["b123","b124","b125","b126"]],["GetLoops",["b123"],[],["l127","l128","l129","l130","l131","l132","l133","l134"]],["Annotate",["l127",16],["pragma_auto_unroll_max_step"],[]],["Annotate",["l127",1],["pragma_unroll_explicit"],[]],["GetLoops",["b124"],[],["l135","l136","l137","l138","l139","l140","l141","l142","l143"]],["Annotate",["l135",16],["pragma_auto_unroll_max_step"],[]],["Annotate",["l135",1],["pragma_unroll_explicit"],[]],["GetLoops",["b125"],[],["l144","l145","l146","l147","l148","l149","l150","l151","l152","l153","l154","l155","l156","l157","l158","l159","l160","l161","l162","l163"]],["Annotate",["l144",16],["pragma_auto_unroll_max_step"],[]],["Annotate",["l144",1],["pragma_unroll_explicit"],[]],["GetLoops",["b126"],[],["l164","l165","l166","l167","l168","l169","l170"]],["Annotate",["l164",16],["pragma_auto_unroll_max_step"],[]],["Annotate",["l164",1],["pragma_unroll_explicit"],[]],["GetBlock",[],["conv2d_nhwc","main"],["b171"]],["GetLoops",["b171"],[],["l172","l173","l174","l175","l176","l177","l178","l179","l180","l181","l182","l183","l184","l185","l186","l187","l188","l189","l190","l191"]],["DecomposeReduction",["b171","l175"],[],["b192"]]],[[9,[1,1,1,1,1]],[11,[1,1,1,1,1]],[13,[1,1,1,1,1]],[15,[1,2,160,3,1]],[17,[1,1,1]],[19,[1,1,1]],[21,[60,4,1]],[38,2],[44,2],[51,1]]],[0],{"arch":"sm_70","keys":["cuda","gpu"],"kind":"cuda","max_num_threads":1024,"max_shared_memory_per_block":49152,"max_threads_per_block":1024,"registers_per_block":65536,"tag":"","thread_warp_size":32},[["TENSOR","float32",[1,1,1,240]],["TENSOR","float32",[1,1,240,960]],["TENSOR","float32",[1,1,1,960]],["TENSOR","float32",[1,1,1,960]]]]]
[0,[[[["GetBlock",[],["pad_temp","main"],["b0"]],["GetBlock",[],["conv2d_nhwc","main"],["b1"]],["GetBlock",[],["T_add","main"],["b2"]],["GetBlock",[],["compute","main"],["b3"]],["GetBlock",[],["compile_engine_const","main"],["b4"]],["GetBlock",[],["T_divide","main"],["b5"]],["GetBlock",[],["root","main"],["b6"]],["Annotate",["b1","\"SSSRRSRS\""],["meta_schedule.tiling_structure"],[]],["GetLoops",["b1"],[],["l7","l8","l9","l10","l11","l12","l13"]],["SamplePerfectTile",["l7"],[5,64],["v14","v15","v16","v17","v18"]],["Split",["l7","v14","v15","v16","v17","v18"],[1],["l19","l20","l21","l22","l23"]],["SamplePerfectTile",["l8"],[5,64],["v24","v25","v26","v27","v28"]],["Split",["l8","v24","v25","v26","v27","v28"],[1],["l29","l30","l31","l32","l33"]],["SamplePerfectTile",["l9"],[5,64],["v34","v35","v36","v37","v38"]],["Split",["l9","v34","v35","v36","v37","v38"],[1],["l39","l40","l41","l42","l43"]],["SamplePerfectTile",["l10"],[5,64],["v44","v45","v46","v47","v48"]],["Split",["l10","v44","v45","v46","v47","v48"],[1],["l49","l50","l51","l52","l53"]],["SamplePerfectTile",["l11"],[3,64],["v54","v55","v56"]],["Split",["l11","v54","v55","v56"],[1],["l57","l58","l59"]],["SamplePerfectTile",["l12"],[3,64],["v60","v61","v62"]],["Split",["l12","v60","v61","v62"],[1],["l63","l64","l65"]],["SamplePerfectTile",["l13"],[3,64],["v66","v67","v68"]],["Split",["l13","v66","v67","v68"],[1],["l69","l70","l71"]],["Reorder",["l19","l29","l39","l49","l20","l30","l40","l50","l21","l31","l41","l51","l57","l63","l69","l58","l64","l70","l22","l32","l42","l52","l59","l65","l71","l23","l33","l43","l53"],[],[]],["Fuse",["l19","l29","l39","l49"],[1],["l72"]],["Bind",["l72"],["blockIdx.x"],[]],["Fuse",["l20","l30","l40","l50"],[1],["l73"]],["Bind",["l73"],["vthread.x"],[]],["Fuse",["l21","l31","l41","l51"],[1],["l74"]],["Bind",["l74"],["threadIdx.x"],[]],["Annotate",["b1",32],["meta_schedule.thread_extent_low_inclusive"],[]],["Annotate",["b1",1024],["meta_schedule.thread_extent_high_inclusive"],[]],["CacheWrite",["b1",[]],[0,"local"],["b75"]],["ReverseComputeAt",["b75","l74"],[1,-1],[]],["CacheRead",["b1",["b1"]],[0,"shared"],["b76"]],["ComputeAt",["b76","l69"],[1,-1],[]],["GetLoops",["b76"],[],["l77","l78","l79","l80","l81","l82","l83","l84","l85","l86"]],["Fuse",["l83","l84","l85","l86"],[1],["l87"]],["SampleCategorical",[],[[1,2,3,4],[0.25,0.25,0.25,0.25]],["v88"]],["Annotate",["b76","v88"],["meta_schedule.cooperative_fetch"],[]],["CacheRead",["b1",["b1"]],[1,"shared"],["b89"]],["ComputeAt",["b89","l69"],[1,-1],[]],["GetLoops",["b89"],[],["l90","l91","l92","l93","l94","l95","l96","l97","l98","l99"]],["Fuse",["l96","l97","l98","l99"],[1],["l100"]],["SampleCategorical",[],[[1,2,3,4],[0.25,0.25,0.25,0.25]],["v101"]],["Annotate",["b89","v101"],["meta_schedule.cooperative_fetch"],[]],["ComputeInline",["b4"],[],[]],["ReverseComputeInline",["b5"],[],[]],["ReverseComputeInline",["b3"],[],[]],["ReverseComputeInline",["b2"],[],[]],["ComputeInline",["b0"],[],[]],["SampleCategorical",[],[[0,16,64,512,1024],[0.2000000000000000111,0.2000000000000000111,0.2000000000000000111,0.2000000000000000111,0.2000000000000000111]],["v102"]],["Annotate",["b6","v102"],["meta_schedule.unroll_explicit"],[]],["EnterPostproc",[],[],[]],["Unannotate",["b76"],["meta_schedule.cooperative_fetch"],[]],["GetLoops",["b76"],[],["l103","l104","l105","l106","l107","l108","l109"]],["Split",["l109","None",96],[1],["l110","l111"]],["Bind",["l111"],["threadIdx.x"],[]],["Unannotate",["b89"],["meta_schedule.cooperative_fetch"],[]],["GetLoops",["b89"],[],["l112","l113","l114","l115","l116","l117","l118"]],["Split",["l118","None",96],[1],["l119","l120"]],["Bind",["l120"],["threadIdx.x"],[]],["GetBlock",[],["root","main"],["b121"]],["Unannotate",["b121"],["meta_schedule.unroll_explicit"],[]],["GetChildBlocks",["b121"],[],["b122","b123","b124","b125"]],["GetLoops",["b122"],[],["l126","l127","l128","l129","l130","l131","l132","l133"]],["Annotate",["l126",64],["pragma_auto_unroll_max_step"],[]],["Annotate",["l126",1],["pragma_unroll_explicit"],[]],["GetLoops",["b123"],[],["l134","l135","l136","l137","l138","l139","l140","l141"]],["Annotate",["l134",64],["pragma_auto_unroll_max_step"],[]],["Annotate",["l134",1],["pragma_unroll_explicit"],[]],["GetLoops",["b124"],[],["l142","l143","l144","l145","l146","l147","l148","l149","l150","l151","l152","l153","l154","l155","l156","l157","l158","l159","l160","l161"]],["Annotate",["l142",64],["pragma_auto_unroll_max_step"],[]],["Annotate",["l142",1],["pragma_unroll_explicit"],[]],["GetLoops",["b125"],[],["l162","l163","l164","l165","l166","l167","l168"]],["Annotate",["l162",64],["pragma_auto_unroll_max_step"],[]],["Annotate",["l162",1],["pragma_unroll_explicit"],[]],["GetBlock",[],["conv2d_nhwc","main"],["b169"]],["GetLoops",["b169"],[],["l170","l171","l172","l173","l174","l175","l176","l177","l178","l179","l180","l181","l182","l183","l184","l185","l186","l187","l188","l189"]],["DecomposeReduction",["b169","l173"],[],["b190"]]],[[9,[1,1,1,1,1]],[11,[1,1,1,1,1]],[13,[1,1,1,1,1]],[15,[2,1,96,5,1]],[17,[1,1,1]],[19,[1,1,1]],[21,[15,2,8]],[38,0],[44,0],[51,2]]],[0],{"arch":"sm_70","keys":["cuda","gpu"],"kind":"cuda","max_num_threads":1024,"max_shared_memory_per_block":49152,"max_threads_per_block":1024,"registers_per_block":65536,"tag":"","thread_warp_size":32},[["TENSOR","float32",[1,1,1,240]],["TENSOR","float32",[1,1,240,960]],["TENSOR","float32",[1,1,1,960]],["TENSOR","float32",[1,1,1,960]]]]]
[0,[[[["GetBlock",[],["pad_temp","main"],["b0"]],["GetBlock",[],["conv2d_nhwc","main"],["b1"]],["GetBlock",[],["T_add","main"],["b2"]],["GetBlock",[],["compute","main"],["b3"]],["GetBlock",[],["compile_engine_const","main"],["b4"]],["GetBlock",[],["T_divide","main"],["b5"]],["GetBlock",[],["root","main"],["b6"]],["Annotate",["b1","\"SSSRRSRS\""],["meta_schedule.tiling_structure"],[]],["GetLoops",["b1"],[],["l7","l8","l9","l10","l11","l12","l13"]],["SamplePerfectTile",["l7"],[5,64],["v14","v15","v16","v17","v18"]],["Split",["l7","v14","v15","v16","v17","v18"],[1],["l19","l20","l21","l22","l23"]],["SamplePerfectTile",["l8"],[5,64],["v24","v25","v26","v27","v28"]],["Split",["l8","v24","v25","v26","v27","v28"],[1],["l29","l30","l31","l32","l33"]],["SamplePerfectTile",["l9"],[5,64],["v34","v35","v36","v37","v38"]],["Split",["l9","v34","v35","v36","v37","v38"],[1],["l39","l40","l41","l42","l43"]],["SamplePerfectTile",["l10"],[5,64],["v44","v45","v46","v47","v48"]],["Split",["l10","v44","v45","v46","v47","v48"],[1],["l49","l50","l51","l52","l53"]],["SamplePerfectTile",["l11"],[3,64],["v54","v55","v56"]],["Split",["l11","v54","v55","v56"],[1],["l57","l58","l59"]],["SamplePerfectTile",["l12"],[3,64],["v60","v61","v62"]],["Split",["l12","v60","v61","v62"],[1],["l63","l64","l65"]],["SamplePerfectTile",["l13"],[3,64],["v66","v67","v68"]],["Split",["l13","v66","v67","v68"],[1],["l69","l70","l71"]],["Reorder",["l19","l29","l39","l49","l20","l30","l40","l50","l21","l31","l41","l51","l57","l63","l69","l58","l64","l70","l22","l32","l42","l52","l59","l65","l71","l23","l33","l43","l53"],[],[]],["Fuse",["l19","l29","l39","l49"],[1],["l72"]],["Bind",["l72"],["blockIdx.x"],[]],["Fuse",["l20","l30","l40","l50"],[1],["l73"]],["Bind",["l73"],["vthread.x"],[]],["Fuse",["l21","l31","l41","l51"],[1],["l74"]],["Bind",["l74"],["threadIdx.x"],[]],["Annotate",["b1",32],["meta_schedule.thread_extent_low_inclusive"],[]],["Annotate",["b1",1024],["meta_schedule.thread_extent_high_inclusive"],[]],["CacheWrite",["b1",[]],[0,"local"],["b75"]],["ReverseComputeAt",["b75","l74"],[1,-1],[]],["CacheRead",["b1",["b1"]],[0,"shared"],["b76"]],["ComputeAt",["b76","l69"],[1,-1],[]],["GetLoops",["b76"],[],["l77","l78","l79","l80","l81","l82","l83","l84","l85","l86"]],["Fuse",["l83","l84","l85","l86"],[1],["l87"]],["SampleCategorical",[],[[1,2,3,4],[0.25,0.25,0.25,0.25]],["v88"]],["Annotate",["b76","v88"],["meta_schedule.cooperative_fetch"],[]],["CacheRead",["b1",["b1"]],[1,"shared"],["b89"]],["ComputeAt",["b89","l69"],[1,-1],[]],["GetLoops",["b89"],[],["l90","l91","l92","l93","l94","l95","l96","l97","l98","l99"]],["Fuse",["l96","l97","l98","l99"],[1],["l100"]],["SampleCategorical",[],[[1,2,3,4],[0.25,0.25,0.25,0.25]],["v101"]],["Annotate",["b89","v101"],["meta_schedule.cooperative_fetch"],[]],["ComputeInline",["b4"],[],[]],["ReverseComputeInline",["b5"],[],[]],["ReverseComputeInline",["b3"],[],[]],["ReverseComputeInline",["b2"],[],[]],["ComputeInline",["b0"],[],[]],["SampleCategorical",[],[[0,16,64,512,1024],[0.2000000000000000111,0.2000000000000000111,0.2000000000000000111,0.2000000000000000111,0.2000000000000000111]],["v102"]],["Annotate",["b6","v102"],["meta_schedule.unroll_explicit"],[]],["EnterPostproc",[],[],[]],["Unannotate",["b76"],["meta_schedule.cooperative_fetch"],[]],["GetLoops",["b76"],[],["l103","l104","l105","l106","l107","l108","l109"]],["Split",["l109","None",32,2],[1],["l110","l111","l112"]],["Vectorize",["l112"],[],[]],["Bind",["l111"],["threadIdx.x"],[]],["Unannotate",["b89"],["meta_schedule.cooperative_fetch"],[]],["GetLoops",["b89"],[],["l113","l114","l115","l116","l117","l118","l119"]],["Split",["l119","None",32,2],[1],["l120","l121","l122"]],["Vectorize",["l122"],[],[]],["Bind",["l121"],["threadIdx.x"],[]],["GetBlock",[],["root","main"],["b123"]],["Unannotate",["b123"],["meta_schedule.unroll_explicit"],[]],["GetChildBlocks",["b123"],[],["b124","b125","b126","b127"]],["GetLoops",["b124"],[],["l128","l129","l130","l131","l132","l133","l134","l135","l136"]],["Annotate",["l128",64],["pragma_auto_unroll_max_step"],[]],["Annotate",["l128",1],["pragma_unroll_explicit"],[]],["GetLoops",["b125"],[],["l137","l138","l139","l140","l141","l142","l143","l144","l145"]],["Annotate",["l137",64],["pragma_auto_unroll_max_step"],[]],["Annotate",["l137",1],["pragma_unroll_explicit"],[]],["GetLoops",["b126"],[],["l146","l147","l148","l149","l150","l151","l152","l153","l154","l155","l156","l157","l158","l159","l160","l161","l162","l163","l164","l165"]],["Annotate",["l146",64],["pragma_auto_unroll_max_step"],[]],["Annotate",["l146",1],["pragma_unroll_explicit"],[]],["GetLoops",["b127"],[],["l166","l167","l168","l169","l170","l171","l172"]],["Annotate",["l166",64],["pragma_auto_unroll_max_step"],[]],["Annotate",["l166",1],["pragma_unroll_explicit"],[]],["GetBlock",[],["conv2d_nhwc","main"],["b173"]],["GetLoops",["b173"],[],["l174","l175","l176","l177","l178","l179","l180","l181","l182","l183","l184","l185","l186","l187","l188","l189","l190","l191","l192","l193"]],["DecomposeReduction",["b173","l177"],[],["b194"]]],[[9,[1,1,1,1,1]],[11,[1,1,1,1,1]],[13,[1,1,1,1,1]],[15,[5,2,32,1,3]],[17,[1,1,1]],[19,[1,1,1]],[21,[4,20,3]],[38,1],[44,1],[51,2]]],[0],{"arch":"sm_70","keys":["cuda","gpu"],"kind":"cuda","max_num_threads":1024,"max_shared_memory_per_block":49152,"max_threads_per_block":1024,"registers_per_block":65536,"tag":"","thread_warp_size":32},[["TENSOR","float32",[1,1,1,240]],["TENSOR","float32",[1,1,240,960]],["TENSOR","float32",[1,1,1,960]],["TENSOR","float32",[1,1,1,960]]]]]
