[0,[[[["GetBlock",[],["pad_temp","main"],["b0"]],["GetBlock",[],["conv3d_ndhwc","main"],["b1"]],["GetBlock",[],["T_add","main"],["b2"]],["GetBlock",[],["T_relu","main"],["b3"]],["GetBlock",[],["root","main"],["b4"]],["Annotate",["b1","\"SSSRRSRS\""],["meta_schedule.tiling_structure"],[]],["GetLoops",["b1"],[],["l5","l6","l7","l8","l9","l10","l11","l12","l13"]],["SamplePerfectTile",["l5"],[5,64],["v14","v15","v16","v17","v18"]],["Split",["l5","v14","v15","v16","v17","v18"],[1],["l19","l20","l21","l22","l23"]],["SamplePerfectTile",["l6"],[5,64],["v24","v25","v26","v27","v28"]],["Split",["l6","v24","v25","v26","v27","v28"],[1],["l29","l30","l31","l32","l33"]],["SamplePerfectTile",["l7"],[5,64],["v34","v35","v36","v37","v38"]],["Split",["l7","v34","v35","v36","v37","v38"],[1],["l39","l40","l41","l42","l43"]],["SamplePerfectTile",["l8"],[5,64],["v44","v45","v46","v47","v48"]],["Split",["l8","v44","v45","v46","v47","v48"],[1],["l49","l50","l51","l52","l53"]],["SamplePerfectTile",["l9"],[5,64],["v54","v55","v56","v57","v58"]],["Split",["l9","v54","v55","v56","v57","v58"],[1],["l59","l60","l61","l62","l63"]],["SamplePerfectTile",["l10"],[3,64],["v64","v65","v66"]],["Split",["l10","v64","v65","v66"],[1],["l67","l68","l69"]],["SamplePerfectTile",["l11"],[3,64],["v70","v71","v72"]],["Split",["l11","v70","v71","v72"],[1],["l73","l74","l75"]],["SamplePerfectTile",["l12"],[3,64],["v76","v77","v78"]],["Split",["l12","v76","v77","v78"],[1],["l79","l80","l81"]],["SamplePerfectTile",["l13"],[3,64],["v82","v83","v84"]],["Split",["l13","v82","v83","v84"],[1],["l85","l86","l87"]],["Reorder",["l19","l29","l39","l49","l59","l20","l30","l40","l50","l60","l21","l31","l41","l51","l61","l67","l73","l79","l85","l68","l74","l80","l86","l22","l32","l42","l52","l62","l69","l75","l81","l87","l23","l33","l43","l53","l63"],[],[]],["Fuse",["l19","l29","l39","l49","l59"],[1],["l88"]],["Bind",["l88"],["blockIdx.x"],[]],["Fuse",["l20","l30","l40","l50","l60"],[1],["l89"]],["Bind",["l89"],["vthread.x"],[]],["Fuse",["l21","l31","l41","l51","l61"],[1],["l90"]],["Bind",["l90"],["threadIdx.x"],[]],["Annotate",["b1",32],["meta_schedule.thread_extent_low_inclusive"],[]],["Annotate",["b1",1024],["meta_schedule.thread_extent_high_inclusive"],[]],["CacheWrite",["b1",[]],[0,"local"],["b91"]],["ReverseComputeAt",["b91","l90"],[1,-1],[]],["CacheRead",["b1",["b1"]],[0,"shared"],["b92"]],["ComputeAt",["b92","l85"],[1,-1],[]],["GetLoops",["b92"],[],["l93","l94","l95","l96","l97","l98","l99","l100","l101","l102","l103","l104"]],["Fuse",["l100","l101","l102","l103","l104"],[1],["l105"]],["SampleCategorical",[],[[1,2,3,4],[0.25,0.25,0.25,0.25]],["v106"]],["Annotate",["b92","v106"],["meta_schedule.cooperative_fetch"],[]],["CacheRead",["b1",["b1"]],[1,"shared"],["b107"]],["ComputeAt",["b107","l85"],[1,-1],[]],["GetLoops",["b107"],[],["l108","l109","l110","l111","l112","l113","l114","l115","l116","l117","l118","l119"]],["Fuse",["l115","l116","l117","l118","l119"],[1],["l120"]],["SampleCategorical",[],[[1,2,3,4],[0.25,0.25,0.25,0.25]],["v121"]],["Annotate",["b107","v121"],["meta_schedule.cooperative_fetch"],[]],["ReverseComputeInline",["b3"],[],[]],["ReverseComputeInline",["b2"],[],[]],["ComputeInline",["b0"],[],[]],["SampleCategorical",[],[[0,16,64,512,1024],[0.2000000000000000111,0.2000000000000000111,0.2000000000000000111,0.2000000000000000111,0.2000000000000000111]],["v122"]],["Annotate",["b4","v122"],["meta_schedule.unroll_explicit"],[]],["EnterPostproc",[],[],[]],["Unannotate",["b92"],["meta_schedule.cooperative_fetch"],[]],["GetLoops",["b92"],[],["l123","l124","l125","l126","l127","l128","l129","l130"]],["Split",["l130","None",32,3],[1],["l131","l132","l133"]],["Vectorize",["l133"],[],[]],["Bind",["l132"],["threadIdx.x"],[]],["Unannotate",["b107"],["meta_schedule.cooperative_fetch"],[]],["GetLoops",["b107"],[],["l134","l135","l136","l137","l138","l139","l140","l141"]],["Split",["l141","None",32,2],[1],["l142","l143","l144"]],["Vectorize",["l144"],[],[]],["Bind",["l143"],["threadIdx.x"],[]],["GetBlock",[],["root","main"],["b145"]],["Unannotate",["b145"],["meta_schedule.unroll_explicit"],[]],["GetChildBlocks",["b145"],[],["b146","b147","b148","b149"]],["GetLoops",["b146"],[],["l150","l151","l152","l153","l154","l155","l156","l157","l158","l159"]],["Annotate",["l150",512],["pragma_auto_unroll_max_step"],[]],["Annotate",["l150",1],["pragma_unroll_explicit"],[]],["GetLoops",["b147"],[],["l160","l161","l162","l163","l164","l165","l166","l167","l168","l169"]],["Annotate",["l160",512],["pragma_auto_unroll_max_step"],[]],["Annotate",["l160",1],["pragma_unroll_explicit"],[]],["GetLoops",["b148"],[],["l170","l171","l172","l173","l174","l175","l176","l177","l178","l179","l180","l181","l182","l183","l184","l185","l186","l187","l188","l189","l190","l191","l192","l193","l194"]],["Annotate",["l170",512],["pragma_auto_unroll_max_step"],[]],["Annotate",["l170",1],["pragma_unroll_explicit"],[]],["GetLoops",["b149"],[],["l195","l196","l197","l198","l199","l200","l201","l202"]],["Annotate",["l195",512],["pragma_auto_unroll_max_step"],[]],["Annotate",["l195",1],["pragma_unroll_explicit"],[]],["GetBlock",[],["conv3d_ndhwc","main"],["b203"]],["GetLoops",["b203"],[],["l204","l205","l206","l207","l208","l209","l210","l211","l212","l213","l214","l215","l216","l217","l218","l219","l220","l221","l222","l223","l224","l225","l226","l227","l228"]],["DecomposeReduction",["b203","l207"],[],["b229"]]],[[7,[1,1,2,2,1]],[9,[1,4,2,2,1]],[11,[1,1,1,2,4]],[13,[1,1,1,1,1]],[15,[1,1,8,1,64]],[17,[3,1,1]],[19,[3,1,1]],[21,[1,1,3]],[23,[512,1,1]],[40,2],[46,1],[51,3]]],[0],{"arch":"sm_70","keys":["cuda","gpu"],"kind":"cuda","max_num_threads":1024,"max_shared_memory_per_block":49152,"max_threads_per_block":1024,"registers_per_block":65536,"tag":"","thread_warp_size":32},[["TENSOR","float32",[4,16,8,1,512]],["TENSOR","float32",[3,3,3,512,512]],["TENSOR","float32",[1,1,1,1,512]],["TENSOR","float32",[4,16,8,1,512]]]]]
[0,[[[["GetBlock",[],["pad_temp","main"],["b0"]],["GetBlock",[],["conv3d_ndhwc","main"],["b1"]],["GetBlock",[],["T_add","main"],["b2"]],["GetBlock",[],["T_relu","main"],["b3"]],["GetBlock",[],["root","main"],["b4"]],["Annotate",["b1","\"SSSRRSRS\""],["meta_schedule.tiling_structure"],[]],["GetLoops",["b1"],[],["l5","l6","l7","l8","l9","l10","l11","l12","l13"]],["SamplePerfectTile",["l5"],[5,64],["v14","v15","v16","v17","v18"]],["Split",["l5","v14","v15","v16","v17","v18"],[1],["l19","l20","l21","l22","l23"]],["SamplePerfectTile",["l6"],[5,64],["v24","v25","v26","v27","v28"]],["Split",["l6","v24","v25","v26","v27","v28"],[1],["l29","l30","l31","l32","l33"]],["SamplePerfectTile",["l7"],[5,64],["v34","v35","v36","v37","v38"]],["Split",["l7","v34","v35","v36","v37","v38"],[1],["l39","l40","l41","l42","l43"]],["SamplePerfectTile",["l8"],[5,64],["v44","v45","v46","v47","v48"]],["Split",["l8","v44","v45","v46","v47","v48"],[1],["l49","l50","l51","l52","l53"]],["SamplePerfectTile",["l9"],[5,64],["v54","v55","v56","v57","v58"]],["Split",["l9","v54","v55","v56","v57","v58"],[1],["l59","l60","l61","l62","l63"]],["SamplePerfectTile",["l10"],[3,64],["v64","v65","v66"]],["Split",["l10","v64","v65","v66"],[1],["l67","l68","l69"]],["SamplePerfectTile",["l11"],[3,64],["v70","v71","v72"]],["Split",["l11","v70","v71","v72"],[1],["l73","l74","l75"]],["SamplePerfectTile",["l12"],[3,64],["v76","v77","v78"]],["Split",["l12","v76","v77","v78"],[1],["l79","l80","l81"]],["SamplePerfectTile",["l13"],[3,64],["v82","v83","v84"]],["Split",["l13","v82","v83","v84"],[1],["l85","l86","l87"]],["Reorder",["l19","l29","l39","l49","l59","l20","l30","l40","l50","l60","l21","l31","l41","l51","l61","l67","l73","l79","l85","l68","l74","l80","l86","l22","l32","l42","l52","l62","l69","l75","l81","l87","l23","l33","l43","l53","l63"],[],[]],["Fuse",["l19","l29","l39","l49","l59"],[1],["l88"]],["Bind",["l88"],["blockIdx.x"],[]],["Fuse",["l20","l30","l40","l50","l60"],[1],["l89"]],["Bind",["l89"],["vthread.x"],[]],["Fuse",["l21","l31","l41","l51","l61"],[1],["l90"]],["Bind",["l90"],["threadIdx.x"],[]],["Annotate",["b1",32],["meta_schedule.thread_extent_low_inclusive"],[]],["Annotate",["b1",1024],["meta_schedule.thread_extent_high_inclusive"],[]],["CacheWrite",["b1",[]],[0,"local"],["b91"]],["ReverseComputeAt",["b91","l90"],[1,-1],[]],["CacheRead",["b1",["b1"]],[0,"shared"],["b92"]],["ComputeAt",["b92","l85"],[1,-1],[]],["GetLoops",["b92"],[],["l93","l94","l95","l96","l97","l98","l99","l100","l101","l102","l103","l104"]],["Fuse",["l100","l101","l102","l103","l104"],[1],["l105"]],["SampleCategorical",[],[[1,2,3,4],[0.25,0.25,0.25,0.25]],["v106"]],["Annotate",["b92","v106"],["meta_schedule.cooperative_fetch"],[]],["CacheRead",["b1",["b1"]],[1,"shared"],["b107"]],["ComputeAt",["b107","l85"],[1,-1],[]],["GetLoops",["b107"],[],["l108","l109","l110","l111","l112","l113","l114","l115","l116","l117","l118","l119"]],["Fuse",["l115","l116","l117","l118","l119"],[1],["l120"]],["SampleCategorical",[],[[1,2,3,4],[0.25,0.25,0.25,0.25]],["v121"]],["Annotate",["b107","v121"],["meta_schedule.cooperative_fetch"],[]],["ReverseComputeInline",["b3"],[],[]],["ReverseComputeInline",["b2"],[],[]],["ComputeInline",["b0"],[],[]],["SampleCategorical",[],[[0,16,64,512,1024],[0.2000000000000000111,0.2000000000000000111,0.2000000000000000111,0.2000000000000000111,0.2000000000000000111]],["v122"]],["Annotate",["b4","v122"],["meta_schedule.unroll_explicit"],[]],["EnterPostproc",[],[],[]],["Unannotate",["b92"],["meta_schedule.cooperative_fetch"],[]],["GetLoops",["b92"],[],["l123","l124","l125","l126","l127","l128","l129","l130"]],["Split",["l130","None",32,4],[1],["l131","l132","l133"]],["Vectorize",["l133"],[],[]],["Bind",["l132"],["threadIdx.x"],[]],["Unannotate",["b107"],["meta_schedule.cooperative_fetch"],[]],["GetLoops",["b107"],[],["l134","l135","l136","l137","l138","l139","l140","l141"]],["Split",["l141","None",32,2],[1],["l142","l143","l144"]],["Vectorize",["l144"],[],[]],["Bind",["l143"],["threadIdx.x"],[]],["GetBlock",[],["root","main"],["b145"]],["Unannotate",["b145"],["meta_schedule.unroll_explicit"],[]],["GetChildBlocks",["b145"],[],["b146","b147","b148","b149"]],["GetLoops",["b146"],[],["l150","l151","l152","l153","l154","l155","l156","l157","l158","l159"]],["Annotate",["l150",16],["pragma_auto_unroll_max_step"],[]],["Annotate",["l150",1],["pragma_unroll_explicit"],[]],["GetLoops",["b147"],[],["l160","l161","l162","l163","l164","l165","l166","l167","l168","l169"]],["Annotate",["l160",16],["pragma_auto_unroll_max_step"],[]],["Annotate",["l160",1],["pragma_unroll_explicit"],[]],["GetLoops",["b148"],[],["l170","l171","l172","l173","l174","l175","l176","l177","l178","l179","l180","l181","l182","l183","l184","l185","l186","l187","l188","l189","l190","l191","l192","l193","l194"]],["Annotate",["l170",16],["pragma_auto_unroll_max_step"],[]],["Annotate",["l170",1],["pragma_unroll_explicit"],[]],["GetLoops",["b149"],[],["l195","l196","l197","l198","l199","l200","l201","l202"]],["Annotate",["l195",16],["pragma_auto_unroll_max_step"],[]],["Annotate",["l195",1],["pragma_unroll_explicit"],[]],["GetBlock",[],["conv3d_ndhwc","main"],["b203"]],["GetLoops",["b203"],[],["l204","l205","l206","l207","l208","l209","l210","l211","l212","l213","l214","l215","l216","l217","l218","l219","l220","l221","l222","l223","l224","l225","l226","l227","l228"]],["DecomposeReduction",["b203","l207"],[],["b229"]]],[[7,[1,1,1,2,2]],[9,[1,2,8,1,1]],[11,[2,2,2,1,1]],[13,[1,1,1,1,1]],[15,[16,1,2,8,2]],[17,[3,1,1]],[19,[1,1,3]],[21,[1,3,1]],[23,[512,1,1]],[40,3],[46,1],[51,1]]],[0],{"arch":"sm_70","keys":["cuda","gpu"],"kind":"cuda","max_num_threads":1024,"max_shared_memory_per_block":49152,"max_threads_per_block":1024,"registers_per_block":65536,"tag":"","thread_warp_size":32},[["TENSOR","float32",[4,16,8,1,512]],["TENSOR","float32",[3,3,3,512,512]],["TENSOR","float32",[1,1,1,1,512]],["TENSOR","float32",[4,16,8,1,512]]]]]
[0,[[[["GetBlock",[],["pad_temp","main"],["b0"]],["GetBlock",[],["conv3d_ndhwc","main"],["b1"]],["GetBlock",[],["T_add","main"],["b2"]],["GetBlock",[],["T_relu","main"],["b3"]],["GetBlock",[],["root","main"],["b4"]],["Annotate",["b1","\"SSSRRSRS\""],["meta_schedule.tiling_structure"],[]],["GetLoops",["b1"],[],["l5","l6","l7","l8","l9","l10","l11","l12","l13"]],["SamplePerfectTile",["l5"],[5,64],["v14","v15","v16","v17","v18"]],["Split",["l5","v14","v15","v16","v17","v18"],[1],["l19","l20","l21","l22","l23"]],["SamplePerfectTile",["l6"],[5,64],["v24","v25","v26","v27","v28"]],["Split",["l6","v24","v25","v26","v27","v28"],[1],["l29","l30","l31","l32","l33"]],["SamplePerfectTile",["l7"],[5,64],["v34","v35","v36","v37","v38"]],["Split",["l7","v34","v35","v36","v37","v38"],[1],["l39","l40","l41","l42","l43"]],["SamplePerfectTile",["l8"],[5,64],["v44","v45","v46","v47","v48"]],["Split",["l8","v44","v45","v46","v47","v48"],[1],["l49","l50","l51","l52","l53"]],["SamplePerfectTile",["l9"],[5,64],["v54","v55","v56","v57","v58"]],["Split",["l9","v54","v55","v56","v57","v58"],[1],["l59","l60","l61","l62","l63"]],["SamplePerfectTile",["l10"],[3,64],["v64","v65","v66"]],["Split",["l10","v64","v65","v66"],[1],["l67","l68","l69"]],["SamplePerfectTile",["l11"],[3,64],["v70","v71","v72"]],["Split",["l11","v70","v71","v72"],[1],["l73","l74","l75"]],["SamplePerfectTile",["l12"],[3,64],["v76","v77","v78"]],["Split",["l12","v76","v77","v78"],[1],["l79","l80","l81"]],["SamplePerfectTile",["l13"],[3,64],["v82","v83","v84"]],["Split",["l13","v82","v83","v84"],[1],["l85","l86","l87"]],["Reorder",["l19","l29","l39","l49","l59","l20","l30","l40","l50","l60","l21","l31","l41","l51","l61","l67","l73","l79","l85","l68","l74","l80","l86","l22","l32","l42","l52","l62","l69","l75","l81","l87","l23","l33","l43","l53","l63"],[],[]],["Fuse",["l19","l29","l39","l49","l59"],[1],["l88"]],["Bind",["l88"],["blockIdx.x"],[]],["Fuse",["l20","l30","l40","l50","l60"],[1],["l89"]],["Bind",["l89"],["vthread.x"],[]],["Fuse",["l21","l31","l41","l51","l61"],[1],["l90"]],["Bind",["l90"],["threadIdx.x"],[]],["Annotate",["b1",32],["meta_schedule.thread_extent_low_inclusive"],[]],["Annotate",["b1",1024],["meta_schedule.thread_extent_high_inclusive"],[]],["CacheWrite",["b1",[]],[0,"local"],["b91"]],["ReverseComputeAt",["b91","l90"],[1,-1],[]],["CacheRead",["b1",["b1"]],[0,"shared"],["b92"]],["ComputeAt",["b92","l85"],[1,-1],[]],["GetLoops",["b92"],[],["l93","l94","l95","l96","l97","l98","l99","l100","l101","l102","l103","l104"]],["Fuse",["l100","l101","l102","l103","l104"],[1],["l105"]],["SampleCategorical",[],[[1,2,3,4],[0.25,0.25,0.25,0.25]],["v106"]],["Annotate",["b92","v106"],["meta_schedule.cooperative_fetch"],[]],["CacheRead",["b1",["b1"]],[1,"shared"],["b107"]],["ComputeAt",["b107","l85"],[1,-1],[]],["GetLoops",["b107"],[],["l108","l109","l110","l111","l112","l113","l114","l115","l116","l117","l118","l119"]],["Fuse",["l115","l116","l117","l118","l119"],[1],["l120"]],["SampleCategorical",[],[[1,2,3,4],[0.25,0.25,0.25,0.25]],["v121"]],["Annotate",["b107","v121"],["meta_schedule.cooperative_fetch"],[]],["ReverseComputeInline",["b3"],[],[]],["ReverseComputeInline",["b2"],[],[]],["ComputeInline",["b0"],[],[]],["SampleCategorical",[],[[0,16,64,512,1024],[0.2000000000000000111,0.2000000000000000111,0.2000000000000000111,0.2000000000000000111,0.2000000000000000111]],["v122"]],["Annotate",["b4","v122"],["meta_schedule.unroll_explicit"],[]],["EnterPostproc",[],[],[]],["Unannotate",["b92"],["meta_schedule.cooperative_fetch"],[]],["GetLoops",["b92"],[],["l123","l124","l125","l126","l127","l128","l129","l130"]],["Split",["l130","None",32],[1],["l131","l132"]],["Bind",["l132"],["threadIdx.x"],[]],["Unannotate",["b107"],["meta_schedule.cooperative_fetch"],[]],["GetLoops",["b107"],[],["l133","l134","l135","l136","l137","l138","l139","l140"]],["Split",["l140","None",32,3],[1],["l141","l142","l143"]],["Vectorize",["l143"],[],[]],["Bind",["l142"],["threadIdx.x"],[]],["GetBlock",[],["root","main"],["b144"]],["Unannotate",["b144"],["meta_schedule.unroll_explicit"],[]],["GetChildBlocks",["b144"],[],["b145","b146","b147","b148"]],["GetLoops",["b145"],[],["l149","l150","l151","l152","l153","l154","l155","l156","l157"]],["Annotate",["l149",64],["pragma_auto_unroll_max_step"],[]],["Annotate",["l149",1],["pragma_unroll_explicit"],[]],["GetLoops",["b146"],[],["l158","l159","l160","l161","l162","l163","l164","l165","l166","l167"]],["Annotate",["l158",64],["pragma_auto_unroll_max_step"],[]],["Annotate",["l158",1],["pragma_unroll_explicit"],[]],["GetLoops",["b147"],[],["l168","l169","l170","l171","l172","l173","l174","l175","l176","l177","l178","l179","l180","l181","l182","l183","l184","l185","l186","l187","l188","l189","l190","l191","l192"]],["Annotate",["l168",64],["pragma_auto_unroll_max_step"],[]],["Annotate",["l168",1],["pragma_unroll_explicit"],[]],["GetLoops",["b148"],[],["l193","l194","l195","l196","l197","l198","l199","l200"]],["Annotate",["l193",64],["pragma_auto_unroll_max_step"],[]],["Annotate",["l193",1],["pragma_unroll_explicit"],[]],["GetBlock",[],["conv3d_ndhwc","main"],["b201"]],["GetLoops",["b201"],[],["l202","l203","l204","l205","l206","l207","l208","l209","l210","l211","l212","l213","l214","l215","l216","l217","l218","l219","l220","l221","l222","l223","l224","l225","l226"]],["DecomposeReduction",["b201","l205"],[],["b227"]]],[[7,[1,2,1,1,2]],[9,[4,1,1,4,1]],[11,[2,2,1,2,1]],[13,[1,1,1,1,1]],[15,[8,1,32,2,1]],[17,[1,1,3]],[19,[1,1,3]],[21,[1,3,1]],[23,[128,4,1]],[40,0],[46,2],[51,2]]],[0],{"arch":"sm_70","keys":["cuda","gpu"],"kind":"cuda","max_num_threads":1024,"max_shared_memory_per_block":49152,"max_threads_per_block":1024,"registers_per_block":65536,"tag":"","thread_warp_size":32},[["TENSOR","float32",[4,16,8,1,512]],["TENSOR","float32",[3,3,3,512,512]],["TENSOR","float32",[1,1,1,1,512]],["TENSOR","float32",[4,16,8,1,512]]]]]
[0,[[[["GetBlock",[],["pad_temp","main"],["b0"]],["GetBlock",[],["conv3d_ndhwc","main"],["b1"]],["GetBlock",[],["T_add","main"],["b2"]],["GetBlock",[],["T_relu","main"],["b3"]],["GetBlock",[],["root","main"],["b4"]],["Annotate",["b1","\"SSSRRSRS\""],["meta_schedule.tiling_structure"],[]],["GetLoops",["b1"],[],["l5","l6","l7","l8","l9","l10","l11","l12","l13"]],["SamplePerfectTile",["l5"],[5,64],["v14","v15","v16","v17","v18"]],["Split",["l5","v14","v15","v16","v17","v18"],[1],["l19","l20","l21","l22","l23"]],["SamplePerfectTile",["l6"],[5,64],["v24","v25","v26","v27","v28"]],["Split",["l6","v24","v25","v26","v27","v28"],[1],["l29","l30","l31","l32","l33"]],["SamplePerfectTile",["l7"],[5,64],["v34","v35","v36","v37","v38"]],["Split",["l7","v34","v35","v36","v37","v38"],[1],["l39","l40","l41","l42","l43"]],["SamplePerfectTile",["l8"],[5,64],["v44","v45","v46","v47","v48"]],["Split",["l8","v44","v45","v46","v47","v48"],[1],["l49","l50","l51","l52","l53"]],["SamplePerfectTile",["l9"],[5,64],["v54","v55","v56","v57","v58"]],["Split",["l9","v54","v55","v56","v57","v58"],[1],["l59","l60","l61","l62","l63"]],["SamplePerfectTile",["l10"],[3,64],["v64","v65","v66"]],["Split",["l10","v64","v65","v66"],[1],["l67","l68","l69"]],["SamplePerfectTile",["l11"],[3,64],["v70","v71","v72"]],["Split",["l11","v70","v71","v72"],[1],["l73","l74","l75"]],["SamplePerfectTile",["l12"],[3,64],["v76","v77","v78"]],["Split",["l12","v76","v77","v78"],[1],["l79","l80","l81"]],["SamplePerfectTile",["l13"],[3,64],["v82","v83","v84"]],["Split",["l13","v82","v83","v84"],[1],["l85","l86","l87"]],["Reorder",["l19","l29","l39","l49","l59","l20","l30","l40","l50","l60","l21","l31","l41","l51","l61","l67","l73","l79","l85","l68","l74","l80","l86","l22","l32","l42","l52","l62","l69","l75","l81","l87","l23","l33","l43","l53","l63"],[],[]],["Fuse",["l19","l29","l39","l49","l59"],[1],["l88"]],["Bind",["l88"],["blockIdx.x"],[]],["Fuse",["l20","l30","l40","l50","l60"],[1],["l89"]],["Bind",["l89"],["vthread.x"],[]],["Fuse",["l21","l31","l41","l51","l61"],[1],["l90"]],["Bind",["l90"],["threadIdx.x"],[]],["Annotate",["b1",32],["meta_schedule.thread_extent_low_inclusive"],[]],["Annotate",["b1",1024],["meta_schedule.thread_extent_high_inclusive"],[]],["CacheWrite",["b1",[]],[0,"local"],["b91"]],["ReverseComputeAt",["b91","l90"],[1,-1],[]],["CacheRead",["b1",["b1"]],[0,"shared"],["b92"]],["ComputeAt",["b92","l85"],[1,-1],[]],["GetLoops",["b92"],[],["l93","l94","l95","l96","l97","l98","l99","l100","l101","l102","l103","l104"]],["Fuse",["l100","l101","l102","l103","l104"],[1],["l105"]],["SampleCategorical",[],[[1,2,3,4],[0.25,0.25,0.25,0.25]],["v106"]],["Annotate",["b92","v106"],["meta_schedule.cooperative_fetch"],[]],["CacheRead",["b1",["b1"]],[1,"shared"],["b107"]],["ComputeAt",["b107","l85"],[1,-1],[]],["GetLoops",["b107"],[],["l108","l109","l110","l111","l112","l113","l114","l115","l116","l117","l118","l119"]],["Fuse",["l115","l116","l117","l118","l119"],[1],["l120"]],["SampleCategorical",[],[[1,2,3,4],[0.25,0.25,0.25,0.25]],["v121"]],["Annotate",["b107","v121"],["meta_schedule.cooperative_fetch"],[]],["ReverseComputeInline",["b3"],[],[]],["ReverseComputeInline",["b2"],[],[]],["ComputeInline",["b0"],[],[]],["SampleCategorical",[],[[0,16,64,512,1024],[0.2000000000000000111,0.2000000000000000111,0.2000000000000000111,0.2000000000000000111,0.2000000000000000111]],["v122"]],["Annotate",["b4","v122"],["meta_schedule.unroll_explicit"],[]],["EnterPostproc",[],[],[]],["Unannotate",["b92"],["meta_schedule.cooperative_fetch"],[]],["GetLoops",["b92"],[],["l123","l124","l125","l126","l127","l128","l129","l130"]],["Split",["l130","None",128,3],[1],["l131","l132","l133"]],["Vectorize",["l133"],[],[]],["Bind",["l132"],["threadIdx.x"],[]],["Unannotate",["b107"],["meta_schedule.cooperative_fetch"],[]],["GetLoops",["b107"],[],["l134","l135","l136","l137","l138","l139","l140","l141"]],["Split",["l141","None",128,4],[1],["l142","l143","l144"]],["Vectorize",["l144"],[],[]],["Bind",["l143"],["threadIdx.x"],[]],["GetBlock",[],["root","main"],["b145"]],["Unannotate",["b145"],["meta_schedule.unroll_explicit"],[]],["GetChildBlocks",["b145"],[],["b146","b147","b148","b149"]],["GetLoops",["b146"],[],["l150","l151","l152","l153","l154","l155","l156","l157","l158","l159"]],["Annotate",["l150",512],["pragma_auto_unroll_max_step"],[]],["Annotate",["l150",1],["pragma_unroll_explicit"],[]],["GetLoops",["b147"],[],["l160","l161","l162","l163","l164","l165","l166","l167","l168","l169"]],["Annotate",["l160",512],["pragma_auto_unroll_max_step"],[]],["Annotate",["l160",1],["pragma_unroll_explicit"],[]],["GetLoops",["b148"],[],["l170","l171","l172","l173","l174","l175","l176","l177","l178","l179","l180","l181","l182","l183","l184","l185","l186","l187","l188","l189","l190","l191","l192","l193","l194"]],["Annotate",["l170",512],["pragma_auto_unroll_max_step"],[]],["Annotate",["l170",1],["pragma_unroll_explicit"],[]],["GetLoops",["b149"],[],["l195","l196","l197","l198","l199","l200","l201","l202"]],["Annotate",["l195",512],["pragma_auto_unroll_max_step"],[]],["Annotate",["l195",1],["pragma_unroll_explicit"],[]],["GetBlock",[],["conv3d_ndhwc","main"],["b203"]],["GetLoops",["b203"],[],["l204","l205","l206","l207","l208","l209","l210","l211","l212","l213","l214","l215","l216","l217","l218","l219","l220","l221","l222","l223","l224","l225","l226","l227","l228"]],["DecomposeReduction",["b203","l207"],[],["b229"]]],[[7,[1,2,2,1,1]],[9,[1,16,1,1,1]],[11,[1,1,4,1,2]],[13,[1,1,1,1,1]],[15,[32,1,16,1,1]],[17,[1,3,1]],[19,[1,3,1]],[21,[1,3,1]],[23,[128,1,4]],[40,2],[46,3],[51,3]]],[0],{"arch":"sm_70","keys":["cuda","gpu"],"kind":"cuda","max_num_threads":1024,"max_shared_memory_per_block":49152,"max_threads_per_block":1024,"registers_per_block":65536,"tag":"","thread_warp_size":32},[["TENSOR","float32",[4,16,8,1,512]],["TENSOR","float32",[3,3,3,512,512]],["TENSOR","float32",[1,1,1,1,512]],["TENSOR","float32",[4,16,8,1,512]]]]]
[0,[[[["GetBlock",[],["pad_temp","main"],["b0"]],["GetBlock",[],["conv3d_ndhwc","main"],["b1"]],["GetBlock",[],["T_add","main"],["b2"]],["GetBlock",[],["T_relu","main"],["b3"]],["GetBlock",[],["root","main"],["b4"]],["Annotate",["b1","\"SSSRRSRS\""],["meta_schedule.tiling_structure"],[]],["GetLoops",["b1"],[],["l5","l6","l7","l8","l9","l10","l11","l12","l13"]],["SamplePerfectTile",["l5"],[5,64],["v14","v15","v16","v17","v18"]],["Split",["l5","v14","v15","v16","v17","v18"],[1],["l19","l20","l21","l22","l23"]],["SamplePerfectTile",["l6"],[5,64],["v24","v25","v26","v27","v28"]],["Split",["l6","v24","v25","v26","v27","v28"],[1],["l29","l30","l31","l32","l33"]],["SamplePerfectTile",["l7"],[5,64],["v34","v35","v36","v37","v38"]],["Split",["l7","v34","v35","v36","v37","v38"],[1],["l39","l40","l41","l42","l43"]],["SamplePerfectTile",["l8"],[5,64],["v44","v45","v46","v47","v48"]],["Split",["l8","v44","v45","v46","v47","v48"],[1],["l49","l50","l51","l52","l53"]],["SamplePerfectTile",["l9"],[5,64],["v54","v55","v56","v57","v58"]],["Split",["l9","v54","v55","v56","v57","v58"],[1],["l59","l60","l61","l62","l63"]],["SamplePerfectTile",["l10"],[3,64],["v64","v65","v66"]],["Split",["l10","v64","v65","v66"],[1],["l67","l68","l69"]],["SamplePerfectTile",["l11"],[3,64],["v70","v71","v72"]],["Split",["l11","v70","v71","v72"],[1],["l73","l74","l75"]],["SamplePerfectTile",["l12"],[3,64],["v76","v77","v78"]],["Split",["l12","v76","v77","v78"],[1],["l79","l80","l81"]],["SamplePerfectTile",["l13"],[3,64],["v82","v83","v84"]],["Split",["l13","v82","v83","v84"],[1],["l85","l86","l87"]],["Reorder",["l19","l29","l39","l49","l59","l20","l30","l40","l50","l60","l21","l31","l41","l51","l61","l67","l73","l79","l85","l68","l74","l80","l86","l22","l32","l42","l52","l62","l69","l75","l81","l87","l23","l33","l43","l53","l63"],[],[]],["Fuse",["l19","l29","l39","l49","l59"],[1],["l88"]],["Bind",["l88"],["blockIdx.x"],[]],["Fuse",["l20","l30","l40","l50","l60"],[1],["l89"]],["Bind",["l89"],["vthread.x"],[]],["Fuse",["l21","l31","l41","l51","l61"],[1],["l90"]],["Bind",["l90"],["threadIdx.x"],[]],["Annotate",["b1",32],["meta_schedule.thread_extent_low_inclusive"],[]],["Annotate",["b1",1024],["meta_schedule.thread_extent_high_inclusive"],[]],["CacheWrite",["b1",[]],[0,"local"],["b91"]],["ReverseComputeAt",["b91","l90"],[1,-1],[]],["CacheRead",["b1",["b1"]],[0,"shared"],["b92"]],["ComputeAt",["b92","l85"],[1,-1],[]],["GetLoops",["b92"],[],["l93","l94","l95","l96","l97","l98","l99","l100","l101","l102","l103","l104"]],["Fuse",["l100","l101","l102","l103","l104"],[1],["l105"]],["SampleCategorical",[],[[1,2,3,4],[0.25,0.25,0.25,0.25]],["v106"]],["Annotate",["b92","v106"],["meta_schedule.cooperative_fetch"],[]],["CacheRead",["b1",["b1"]],[1,"shared"],["b107"]],["ComputeAt",["b107","l85"],[1,-1],[]],["GetLoops",["b107"],[],["l108","l109","l110","l111","l112","l113","l114","l115","l116","l117","l118","l119"]],["Fuse",["l115","l116","l117","l118","l119"],[1],["l120"]],["SampleCategorical",[],[[1,2,3,4],[0.25,0.25,0.25,0.25]],["v121"]],["Annotate",["b107","v121"],["meta_schedule.cooperative_fetch"],[]],["ReverseComputeInline",["b3"],[],[]],["ReverseComputeInline",["b2"],[],[]],["ComputeInline",["b0"],[],[]],["SampleCategorical",[],[[0,16,64,512,1024],[0.2000000000000000111,0.2000000000000000111,0.2000000000000000111,0.2000000000000000111,0.2000000000000000111]],["v122"]],["Annotate",["b4","v122"],["meta_schedule.unroll_explicit"],[]],["EnterPostproc",[],[],[]],["Unannotate",["b92"],["meta_schedule.cooperative_fetch"],[]],["GetLoops",["b92"],[],["l123","l124","l125","l126","l127","l128","l129","l130"]],["Split",["l130","None",64,2],[1],["l131","l132","l133"]],["Vectorize",["l133"],[],[]],["Bind",["l132"],["threadIdx.x"],[]],["Unannotate",["b107"],["meta_schedule.cooperative_fetch"],[]],["GetLoops",["b107"],[],["l134","l135","l136","l137","l138","l139","l140","l141"]],["Split",["l141","None",64],[1],["l142","l143"]],["Bind",["l143"],["threadIdx.x"],[]],["GetBlock",[],["root","main"],["b144"]],["Unannotate",["b144"],["meta_schedule.unroll_explicit"],[]],["GetChildBlocks",["b144"],[],["b145","b146","b147","b148"]],["GetLoops",["b145"],[],["l149","l150","l151","l152","l153","l154","l155","l156","l157","l158"]],["GetLoops",["b146"],[],["l159","l160","l161","l162","l163","l164","l165","l166","l167"]],["GetLoops",["b147"],[],["l168","l169","l170","l171","l172","l173","l174","l175","l176","l177","l178","l179","l180","l181","l182","l183","l184","l185","l186","l187","l188","l189","l190","l191","l192"]],["GetLoops",["b148"],[],["l193","l194","l195","l196","l197","l198","l199","l200"]],["GetBlock",[],["conv3d_ndhwc","main"],["b201"]],["GetLoops",["b201"],[],["l202","l203","l204","l205","l206","l207","l208","l209","l210","l211","l212","l213","l214","l215","l216","l217","l218","l219","l220","l221","l222","l223","l224","l225","l226"]],["DecomposeReduction",["b201","l205"],[],["b227"]]],[[7,[1,1,2,2,1]],[9,[1,2,4,2,1]],[11,[1,1,1,2,4]],[13,[1,1,1,1,1]],[15,[2,32,8,1,1]],[17,[1,1,3]],[19,[3,1,1]],[21,[1,3,1]],[23,[256,2,1]],[40,1],[46,0],[51,0]]],[0],{"arch":"sm_70","keys":["cuda","gpu"],"kind":"cuda","max_num_threads":1024,"max_shared_memory_per_block":49152,"max_threads_per_block":1024,"registers_per_block":65536,"tag":"","thread_warp_size":32},[["TENSOR","float32",[4,16,8,1,512]],["TENSOR","float32",[3,3,3,512,512]],["TENSOR","float32",[1,1,1,1,512]],["TENSOR","float32",[4,16,8,1,512]]]]]
[0,[[[["GetBlock",[],["pad_temp","main"],["b0"]],["GetBlock",[],["conv3d_ndhwc","main"],["b1"]],["GetBlock",[],["T_add","main"],["b2"]],["GetBlock",[],["T_relu","main"],["b3"]],["GetBlock",[],["root","main"],["b4"]],["Annotate",["b1","\"SSSRRSRS\""],["meta_schedule.tiling_structure"],[]],["GetLoops",["b1"],[],["l5","l6","l7","l8","l9","l10","l11","l12","l13"]],["SamplePerfectTile",["l5"],[5,64],["v14","v15","v16","v17","v18"]],["Split",["l5","v14","v15","v16","v17","v18"],[1],["l19","l20","l21","l22","l23"]],["SamplePerfectTile",["l6"],[5,64],["v24","v25","v26","v27","v28"]],["Split",["l6","v24","v25","v26","v27","v28"],[1],["l29","l30","l31","l32","l33"]],["SamplePerfectTile",["l7"],[5,64],["v34","v35","v36","v37","v38"]],["Split",["l7","v34","v35","v36","v37","v38"],[1],["l39","l40","l41","l42","l43"]],["SamplePerfectTile",["l8"],[5,64],["v44","v45","v46","v47","v48"]],["Split",["l8","v44","v45","v46","v47","v48"],[1],["l49","l50","l51","l52","l53"]],["SamplePerfectTile",["l9"],[5,64],["v54","v55","v56","v57","v58"]],["Split",["l9","v54","v55","v56","v57","v58"],[1],["l59","l60","l61","l62","l63"]],["SamplePerfectTile",["l10"],[3,64],["v64","v65","v66"]],["Split",["l10","v64","v65","v66"],[1],["l67","l68","l69"]],["SamplePerfectTile",["l11"],[3,64],["v70","v71","v72"]],["Split",["l11","v70","v71","v72"],[1],["l73","l74","l75"]],["SamplePerfectTile",["l12"],[3,64],["v76","v77","v78"]],["Split",["l12","v76","v77","v78"],[1],["l79","l80","l81"]],["SamplePerfectTile",["l13"],[3,64],["v82","v83","v84"]],["Split",["l13","v82","v83","v84"],[1],["l85","l86","l87"]],["Reorder",["l19","l29","l39","l49","l59","l20","l30","l40","l50","l60","l21","l31","l41","l51","l61","l67","l73","l79","l85","l68","l74","l80","l86","l22","l32","l42","l52","l62","l69","l75","l81","l87","l23","l33","l43","l53","l63"],[],[]],["Fuse",["l19","l29","l39","l49","l59"],[1],["l88"]],["Bind",["l88"],["blockIdx.x"],[]],["Fuse",["l20","l30","l40","l50","l60"],[1],["l89"]],["Bind",["l89"],["vthread.x"],[]],["Fuse",["l21","l31","l41","l51","l61"],[1],["l90"]],["Bind",["l90"],["threadIdx.x"],[]],["Annotate",["b1",32],["meta_schedule.thread_extent_low_inclusive"],[]],["Annotate",["b1",1024],["meta_schedule.thread_extent_high_inclusive"],[]],["CacheWrite",["b1",[]],[0,"local"],["b91"]],["ReverseComputeAt",["b91","l90"],[1,-1],[]],["CacheRead",["b1",["b1"]],[0,"shared"],["b92"]],["ComputeAt",["b92","l85"],[1,-1],[]],["GetLoops",["b92"],[],["l93","l94","l95","l96","l97","l98","l99","l100","l101","l102","l103","l104"]],["Fuse",["l100","l101","l102","l103","l104"],[1],["l105"]],["SampleCategorical",[],[[1,2,3,4],[0.25,0.25,0.25,0.25]],["v106"]],["Annotate",["b92","v106"],["meta_schedule.cooperative_fetch"],[]],["CacheRead",["b1",["b1"]],[1,"shared"],["b107"]],["ComputeAt",["b107","l85"],[1,-1],[]],["GetLoops",["b107"],[],["l108","l109","l110","l111","l112","l113","l114","l115","l116","l117","l118","l119"]],["Fuse",["l115","l116","l117","l118","l119"],[1],["l120"]],["SampleCategorical",[],[[1,2,3,4],[0.25,0.25,0.25,0.25]],["v121"]],["Annotate",["b107","v121"],["meta_schedule.cooperative_fetch"],[]],["ReverseComputeInline",["b3"],[],[]],["ReverseComputeInline",["b2"],[],[]],["ComputeInline",["b0"],[],[]],["SampleCategorical",[],[[0,16,64,512,1024],[0.2000000000000000111,0.2000000000000000111,0.2000000000000000111,0.2000000000000000111,0.2000000000000000111]],["v122"]],["Annotate",["b4","v122"],["meta_schedule.unroll_explicit"],[]],["EnterPostproc",[],[],[]],["Unannotate",["b92"],["meta_schedule.cooperative_fetch"],[]],["GetLoops",["b92"],[],["l123","l124","l125","l126","l127","l128","l129","l130"]],["Split",["l130","None",32,3],[1],["l131","l132","l133"]],["Vectorize",["l133"],[],[]],["Bind",["l132"],["threadIdx.x"],[]],["Unannotate",["b107"],["meta_schedule.cooperative_fetch"],[]],["GetLoops",["b107"],[],["l134","l135","l136","l137","l138","l139","l140","l141"]],["Split",["l141","None",32,2],[1],["l142","l143","l144"]],["Vectorize",["l144"],[],[]],["Bind",["l143"],["threadIdx.x"],[]],["GetBlock",[],["root","main"],["b145"]],["Unannotate",["b145"],["meta_schedule.unroll_explicit"],[]],["GetChildBlocks",["b145"],[],["b146","b147","b148","b149"]],["GetLoops",["b146"],[],["l150","l151","l152","l153","l154","l155","l156","l157","l158","l159"]],["GetLoops",["b147"],[],["l160","l161","l162","l163","l164","l165","l166","l167","l168","l169"]],["GetLoops",["b148"],[],["l170","l171","l172","l173","l174","l175","l176","l177","l178","l179","l180","l181","l182","l183","l184","l185","l186","l187","l188","l189","l190","l191","l192","l193","l194"]],["GetLoops",["b149"],[],["l195","l196","l197","l198","l199","l200","l201","l202"]],["GetBlock",[],["conv3d_ndhwc","main"],["b203"]],["GetLoops",["b203"],[],["l204","l205","l206","l207","l208","l209","l210","l211","l212","l213","l214","l215","l216","l217","l218","l219","l220","l221","l222","l223","l224","l225","l226","l227","l228"]],["DecomposeReduction",["b203","l207"],[],["b229"]]],[[7,[2,2,1,1,1]],[9,[1,1,8,1,2]],[11,[2,1,4,1,1]],[13,[1,1,1,1,1]],[15,[16,1,1,32,1]],[17,[1,3,1]],[19,[1,3,1]],[21,[1,1,3]],[23,[512,1,1]],[40,2],[46,1],[51,0]]],[0],{"arch":"sm_70","keys":["cuda","gpu"],"kind":"cuda","max_num_threads":1024,"max_shared_memory_per_block":49152,"max_threads_per_block":1024,"registers_per_block":65536,"tag":"","thread_warp_size":32},[["TENSOR","float32",[4,16,8,1,512]],["TENSOR","float32",[3,3,3,512,512]],["TENSOR","float32",[1,1,1,1,512]],["TENSOR","float32",[4,16,8,1,512]]]]]
[0,[[[["GetBlock",[],["pad_temp","main"],["b0"]],["GetBlock",[],["conv3d_ndhwc","main"],["b1"]],["GetBlock",[],["T_add","main"],["b2"]],["GetBlock",[],["T_relu","main"],["b3"]],["GetBlock",[],["root","main"],["b4"]],["Annotate",["b1","\"SSSRRSRS\""],["meta_schedule.tiling_structure"],[]],["GetLoops",["b1"],[],["l5","l6","l7","l8","l9","l10","l11","l12","l13"]],["SamplePerfectTile",["l5"],[5,64],["v14","v15","v16","v17","v18"]],["Split",["l5","v14","v15","v16","v17","v18"],[1],["l19","l20","l21","l22","l23"]],["SamplePerfectTile",["l6"],[5,64],["v24","v25","v26","v27","v28"]],["Split",["l6","v24","v25","v26","v27","v28"],[1],["l29","l30","l31","l32","l33"]],["SamplePerfectTile",["l7"],[5,64],["v34","v35","v36","v37","v38"]],["Split",["l7","v34","v35","v36","v37","v38"],[1],["l39","l40","l41","l42","l43"]],["SamplePerfectTile",["l8"],[5,64],["v44","v45","v46","v47","v48"]],["Split",["l8","v44","v45","v46","v47","v48"],[1],["l49","l50","l51","l52","l53"]],["SamplePerfectTile",["l9"],[5,64],["v54","v55","v56","v57","v58"]],["Split",["l9","v54","v55","v56","v57","v58"],[1],["l59","l60","l61","l62","l63"]],["SamplePerfectTile",["l10"],[3,64],["v64","v65","v66"]],["Split",["l10","v64","v65","v66"],[1],["l67","l68","l69"]],["SamplePerfectTile",["l11"],[3,64],["v70","v71","v72"]],["Split",["l11","v70","v71","v72"],[1],["l73","l74","l75"]],["SamplePerfectTile",["l12"],[3,64],["v76","v77","v78"]],["Split",["l12","v76","v77","v78"],[1],["l79","l80","l81"]],["SamplePerfectTile",["l13"],[3,64],["v82","v83","v84"]],["Split",["l13","v82","v83","v84"],[1],["l85","l86","l87"]],["Reorder",["l19","l29","l39","l49","l59","l20","l30","l40","l50","l60","l21","l31","l41","l51","l61","l67","l73","l79","l85","l68","l74","l80","l86","l22","l32","l42","l52","l62","l69","l75","l81","l87","l23","l33","l43","l53","l63"],[],[]],["Fuse",["l19","l29","l39","l49","l59"],[1],["l88"]],["Bind",["l88"],["blockIdx.x"],[]],["Fuse",["l20","l30","l40","l50","l60"],[1],["l89"]],["Bind",["l89"],["vthread.x"],[]],["Fuse",["l21","l31","l41","l51","l61"],[1],["l90"]],["Bind",["l90"],["threadIdx.x"],[]],["Annotate",["b1",32],["meta_schedule.thread_extent_low_inclusive"],[]],["Annotate",["b1",1024],["meta_schedule.thread_extent_high_inclusive"],[]],["CacheWrite",["b1",[]],[0,"local"],["b91"]],["ReverseComputeAt",["b91","l90"],[1,-1],[]],["CacheRead",["b1",["b1"]],[0,"shared"],["b92"]],["ComputeAt",["b92","l85"],[1,-1],[]],["GetLoops",["b92"],[],["l93","l94","l95","l96","l97","l98","l99","l100","l101","l102","l103","l104"]],["Fuse",["l100","l101","l102","l103","l104"],[1],["l105"]],["SampleCategorical",[],[[1,2,3,4],[0.25,0.25,0.25,0.25]],["v106"]],["Annotate",["b92","v106"],["meta_schedule.cooperative_fetch"],[]],["CacheRead",["b1",["b1"]],[1,"shared"],["b107"]],["ComputeAt",["b107","l85"],[1,-1],[]],["GetLoops",["b107"],[],["l108","l109","l110","l111","l112","l113","l114","l115","l116","l117","l118","l119"]],["Fuse",["l115","l116","l117","l118","l119"],[1],["l120"]],["SampleCategorical",[],[[1,2,3,4],[0.25,0.25,0.25,0.25]],["v121"]],["Annotate",["b107","v121"],["meta_schedule.cooperative_fetch"],[]],["ReverseComputeInline",["b3"],[],[]],["ReverseComputeInline",["b2"],[],[]],["ComputeInline",["b0"],[],[]],["SampleCategorical",[],[[0,16,64,512,1024],[0.2000000000000000111,0.2000000000000000111,0.2000000000000000111,0.2000000000000000111,0.2000000000000000111]],["v122"]],["Annotate",["b4","v122"],["meta_schedule.unroll_explicit"],[]],["EnterPostproc",[],[],[]],["Unannotate",["b92"],["meta_schedule.cooperative_fetch"],[]],["GetLoops",["b92"],[],["l123","l124","l125","l126","l127","l128","l129","l130"]],["Split",["l130","None",256],[1],["l131","l132"]],["Bind",["l132"],["threadIdx.x"],[]],["Unannotate",["b107"],["meta_schedule.cooperative_fetch"],[]],["GetLoops",["b107"],[],["l133","l134","l135","l136","l137","l138","l139","l140"]],["Split",["l140","None",256,3],[1],["l141","l142","l143"]],["Vectorize",["l143"],[],[]],["Bind",["l142"],["threadIdx.x"],[]],["GetBlock",[],["root","main"],["b144"]],["Unannotate",["b144"],["meta_schedule.unroll_explicit"],[]],["GetChildBlocks",["b144"],[],["b145","b146","b147","b148"]],["GetLoops",["b145"],[],["l149","l150","l151","l152","l153","l154","l155","l156","l157"]],["GetLoops",["b146"],[],["l158","l159","l160","l161","l162","l163","l164","l165","l166","l167"]],["GetLoops",["b147"],[],["l168","l169","l170","l171","l172","l173","l174","l175","l176","l177","l178","l179","l180","l181","l182","l183","l184","l185","l186","l187","l188","l189","l190","l191","l192"]],["GetLoops",["b148"],[],["l193","l194","l195","l196","l197","l198","l199","l200"]],["GetBlock",[],["conv3d_ndhwc","main"],["b201"]],["GetLoops",["b201"],[],["l202","l203","l204","l205","l206","l207","l208","l209","l210","l211","l212","l213","l214","l215","l216","l217","l218","l219","l220","l221","l222","l223","l224","l225","l226"]],["DecomposeReduction",["b201","l205"],[],["b227"]]],[[7,[2,1,2,1,1]],[9,[2,2,1,2,2]],[11,[1,1,4,1,2]],[13,[1,1,1,1,1]],[15,[2,1,32,2,4]],[17,[3,1,1]],[19,[1,1,3]],[21,[3,1,1]],[23,[512,1,1]],[40,2],[46,2],[51,0]]],[0],{"arch":"sm_70","keys":["cuda","gpu"],"kind":"cuda","max_num_threads":1024,"max_shared_memory_per_block":49152,"max_threads_per_block":1024,"registers_per_block":65536,"tag":"","thread_warp_size":32},[["TENSOR","float32",[4,16,8,1,512]],["TENSOR","float32",[3,3,3,512,512]],["TENSOR","float32",[1,1,1,1,512]],["TENSOR","float32",[4,16,8,1,512]]]]]
[0,[[[["GetBlock",[],["pad_temp","main"],["b0"]],["GetBlock",[],["conv3d_ndhwc","main"],["b1"]],["GetBlock",[],["T_add","main"],["b2"]],["GetBlock",[],["T_relu","main"],["b3"]],["GetBlock",[],["root","main"],["b4"]],["Annotate",["b1","\"SSSRRSRS\""],["meta_schedule.tiling_structure"],[]],["GetLoops",["b1"],[],["l5","l6","l7","l8","l9","l10","l11","l12","l13"]],["SamplePerfectTile",["l5"],[5,64],["v14","v15","v16","v17","v18"]],["Split",["l5","v14","v15","v16","v17","v18"],[1],["l19","l20","l21","l22","l23"]],["SamplePerfectTile",["l6"],[5,64],["v24","v25","v26","v27","v28"]],["Split",["l6","v24","v25","v26","v27","v28"],[1],["l29","l30","l31","l32","l33"]],["SamplePerfectTile",["l7"],[5,64],["v34","v35","v36","v37","v38"]],["Split",["l7","v34","v35","v36","v37","v38"],[1],["l39","l40","l41","l42","l43"]],["SamplePerfectTile",["l8"],[5,64],["v44","v45","v46","v47","v48"]],["Split",["l8","v44","v45","v46","v47","v48"],[1],["l49","l50","l51","l52","l53"]],["SamplePerfectTile",["l9"],[5,64],["v54","v55","v56","v57","v58"]],["Split",["l9","v54","v55","v56","v57","v58"],[1],["l59","l60","l61","l62","l63"]],["SamplePerfectTile",["l10"],[3,64],["v64","v65","v66"]],["Split",["l10","v64","v65","v66"],[1],["l67","l68","l69"]],["SamplePerfectTile",["l11"],[3,64],["v70","v71","v72"]],["Split",["l11","v70","v71","v72"],[1],["l73","l74","l75"]],["SamplePerfectTile",["l12"],[3,64],["v76","v77","v78"]],["Split",["l12","v76","v77","v78"],[1],["l79","l80","l81"]],["SamplePerfectTile",["l13"],[3,64],["v82","v83","v84"]],["Split",["l13","v82","v83","v84"],[1],["l85","l86","l87"]],["Reorder",["l19","l29","l39","l49","l59","l20","l30","l40","l50","l60","l21","l31","l41","l51","l61","l67","l73","l79","l85","l68","l74","l80","l86","l22","l32","l42","l52","l62","l69","l75","l81","l87","l23","l33","l43","l53","l63"],[],[]],["Fuse",["l19","l29","l39","l49","l59"],[1],["l88"]],["Bind",["l88"],["blockIdx.x"],[]],["Fuse",["l20","l30","l40","l50","l60"],[1],["l89"]],["Bind",["l89"],["vthread.x"],[]],["Fuse",["l21","l31","l41","l51","l61"],[1],["l90"]],["Bind",["l90"],["threadIdx.x"],[]],["Annotate",["b1",32],["meta_schedule.thread_extent_low_inclusive"],[]],["Annotate",["b1",1024],["meta_schedule.thread_extent_high_inclusive"],[]],["CacheWrite",["b1",[]],[0,"local"],["b91"]],["ReverseComputeAt",["b91","l90"],[1,-1],[]],["CacheRead",["b1",["b1"]],[0,"shared"],["b92"]],["ComputeAt",["b92","l85"],[1,-1],[]],["GetLoops",["b92"],[],["l93","l94","l95","l96","l97","l98","l99","l100","l101","l102","l103","l104"]],["Fuse",["l100","l101","l102","l103","l104"],[1],["l105"]],["SampleCategorical",[],[[1,2,3,4],[0.25,0.25,0.25,0.25]],["v106"]],["Annotate",["b92","v106"],["meta_schedule.cooperative_fetch"],[]],["CacheRead",["b1",["b1"]],[1,"shared"],["b107"]],["ComputeAt",["b107","l85"],[1,-1],[]],["GetLoops",["b107"],[],["l108","l109","l110","l111","l112","l113","l114","l115","l116","l117","l118","l119"]],["Fuse",["l115","l116","l117","l118","l119"],[1],["l120"]],["SampleCategorical",[],[[1,2,3,4],[0.25,0.25,0.25,0.25]],["v121"]],["Annotate",["b107","v121"],["meta_schedule.cooperative_fetch"],[]],["ReverseComputeInline",["b3"],[],[]],["ReverseComputeInline",["b2"],[],[]],["ComputeInline",["b0"],[],[]],["SampleCategorical",[],[[0,16,64,512,1024],[0.2000000000000000111,0.2000000000000000111,0.2000000000000000111,0.2000000000000000111,0.2000000000000000111]],["v122"]],["Annotate",["b4","v122"],["meta_schedule.unroll_explicit"],[]],["EnterPostproc",[],[],[]],["Unannotate",["b92"],["meta_schedule.cooperative_fetch"],[]],["GetLoops",["b92"],[],["l123","l124","l125","l126","l127","l128","l129","l130"]],["Split",["l130","None",64,4],[1],["l131","l132","l133"]],["Vectorize",["l133"],[],[]],["Bind",["l132"],["threadIdx.x"],[]],["Unannotate",["b107"],["meta_schedule.cooperative_fetch"],[]],["GetLoops",["b107"],[],["l134","l135","l136","l137","l138","l139","l140","l141"]],["Split",["l141","None",64,3],[1],["l142","l143","l144"]],["Vectorize",["l144"],[],[]],["Bind",["l143"],["threadIdx.x"],[]],["GetBlock",[],["root","main"],["b145"]],["Unannotate",["b145"],["meta_schedule.unroll_explicit"],[]],["GetChildBlocks",["b145"],[],["b146","b147","b148","b149"]],["GetLoops",["b146"],[],["l150","l151","l152","l153","l154","l155","l156","l157","l158","l159"]],["Annotate",["l150",64],["pragma_auto_unroll_max_step"],[]],["Annotate",["l150",1],["pragma_unroll_explicit"],[]],["GetLoops",["b147"],[],["l160","l161","l162","l163","l164","l165","l166","l167","l168","l169"]],["Annotate",["l160",64],["pragma_auto_unroll_max_step"],[]],["Annotate",["l160",1],["pragma_unroll_explicit"],[]],["GetLoops",["b148"],[],["l170","l171","l172","l173","l174","l175","l176","l177","l178","l179","l180","l181","l182","l183","l184","l185","l186","l187","l188","l189","l190","l191","l192","l193","l194"]],["Annotate",["l170",64],["pragma_auto_unroll_max_step"],[]],["Annotate",["l170",1],["pragma_unroll_explicit"],[]],["GetLoops",["b149"],[],["l195","l196","l197","l198","l199","l200","l201","l202"]],["Annotate",["l195",64],["pragma_auto_unroll_max_step"],[]],["Annotate",["l195",1],["pragma_unroll_explicit"],[]],["GetBlock",[],["conv3d_ndhwc","main"],["b203"]],["GetLoops",["b203"],[],["l204","l205","l206","l207","l208","l209","l210","l211","l212","l213","l214","l215","l216","l217","l218","l219","l220","l221","l222","l223","l224","l225","l226","l227","l228"]],["DecomposeReduction",["b203","l207"],[],["b229"]]],[[7,[2,1,1,1,2]],[9,[1,2,1,1,8]],[11,[1,1,2,4,1]],[13,[1,1,1,1,1]],[15,[8,1,32,2,1]],[17,[1,1,3]],[19,[3,1,1]],[21,[1,1,3]],[23,[64,1,8]],[40,3],[46,2],[51,2]]],[0],{"arch":"sm_70","keys":["cuda","gpu"],"kind":"cuda","max_num_threads":1024,"max_shared_memory_per_block":49152,"max_threads_per_block":1024,"registers_per_block":65536,"tag":"","thread_warp_size":32},[["TENSOR","float32",[4,16,8,1,512]],["TENSOR","float32",[3,3,3,512,512]],["TENSOR","float32",[1,1,1,1,512]],["TENSOR","float32",[4,16,8,1,512]]]]]
[0,[[[["GetBlock",[],["pad_temp","main"],["b0"]],["GetBlock",[],["conv3d_ndhwc","main"],["b1"]],["GetBlock",[],["T_add","main"],["b2"]],["GetBlock",[],["T_relu","main"],["b3"]],["GetBlock",[],["root","main"],["b4"]],["Annotate",["b1","\"SSSRRSRS\""],["meta_schedule.tiling_structure"],[]],["GetLoops",["b1"],[],["l5","l6","l7","l8","l9","l10","l11","l12","l13"]],["SamplePerfectTile",["l5"],[5,64],["v14","v15","v16","v17","v18"]],["Split",["l5","v14","v15","v16","v17","v18"],[1],["l19","l20","l21","l22","l23"]],["SamplePerfectTile",["l6"],[5,64],["v24","v25","v26","v27","v28"]],["Split",["l6","v24","v25","v26","v27","v28"],[1],["l29","l30","l31","l32","l33"]],["SamplePerfectTile",["l7"],[5,64],["v34","v35","v36","v37","v38"]],["Split",["l7","v34","v35","v36","v37","v38"],[1],["l39","l40","l41","l42","l43"]],["SamplePerfectTile",["l8"],[5,64],["v44","v45","v46","v47","v48"]],["Split",["l8","v44","v45","v46","v47","v48"],[1],["l49","l50","l51","l52","l53"]],["SamplePerfectTile",["l9"],[5,64],["v54","v55","v56","v57","v58"]],["Split",["l9","v54","v55","v56","v57","v58"],[1],["l59","l60","l61","l62","l63"]],["SamplePerfectTile",["l10"],[3,64],["v64","v65","v66"]],["Split",["l10","v64","v65","v66"],[1],["l67","l68","l69"]],["SamplePerfectTile",["l11"],[3,64],["v70","v71","v72"]],["Split",["l11","v70","v71","v72"],[1],["l73","l74","l75"]],["SamplePerfectTile",["l12"],[3,64],["v76","v77","v78"]],["Split",["l12","v76","v77","v78"],[1],["l79","l80","l81"]],["SamplePerfectTile",["l13"],[3,64],["v82","v83","v84"]],["Split",["l13","v82","v83","v84"],[1],["l85","l86","l87"]],["Reorder",["l19","l29","l39","l49","l59","l20","l30","l40","l50","l60","l21","l31","l41","l51","l61","l67","l73","l79","l85","l68","l74","l80","l86","l22","l32","l42","l52","l62","l69","l75","l81","l87","l23","l33","l43","l53","l63"],[],[]],["Fuse",["l19","l29","l39","l49","l59"],[1],["l88"]],["Bind",["l88"],["blockIdx.x"],[]],["Fuse",["l20","l30","l40","l50","l60"],[1],["l89"]],["Bind",["l89"],["vthread.x"],[]],["Fuse",["l21","l31","l41","l51","l61"],[1],["l90"]],["Bind",["l90"],["threadIdx.x"],[]],["Annotate",["b1",32],["meta_schedule.thread_extent_low_inclusive"],[]],["Annotate",["b1",1024],["meta_schedule.thread_extent_high_inclusive"],[]],["CacheWrite",["b1",[]],[0,"local"],["b91"]],["ReverseComputeAt",["b91","l90"],[1,-1],[]],["CacheRead",["b1",["b1"]],[0,"shared"],["b92"]],["ComputeAt",["b92","l85"],[1,-1],[]],["GetLoops",["b92"],[],["l93","l94","l95","l96","l97","l98","l99","l100","l101","l102","l103","l104"]],["Fuse",["l100","l101","l102","l103","l104"],[1],["l105"]],["SampleCategorical",[],[[1,2,3,4],[0.25,0.25,0.25,0.25]],["v106"]],["Annotate",["b92","v106"],["meta_schedule.cooperative_fetch"],[]],["CacheRead",["b1",["b1"]],[1,"shared"],["b107"]],["ComputeAt",["b107","l85"],[1,-1],[]],["GetLoops",["b107"],[],["l108","l109","l110","l111","l112","l113","l114","l115","l116","l117","l118","l119"]],["Fuse",["l115","l116","l117","l118","l119"],[1],["l120"]],["SampleCategorical",[],[[1,2,3,4],[0.25,0.25,0.25,0.25]],["v121"]],["Annotate",["b107","v121"],["meta_schedule.cooperative_fetch"],[]],["ReverseComputeInline",["b3"],[],[]],["ReverseComputeInline",["b2"],[],[]],["ComputeInline",["b0"],[],[]],["SampleCategorical",[],[[0,16,64,512,1024],[0.2000000000000000111,0.2000000000000000111,0.2000000000000000111,0.2000000000000000111,0.2000000000000000111]],["v122"]],["Annotate",["b4","v122"],["meta_schedule.unroll_explicit"],[]],["EnterPostproc",[],[],[]],["Unannotate",["b92"],["meta_schedule.cooperative_fetch"],[]],["GetLoops",["b92"],[],["l123","l124","l125","l126","l127","l128","l129","l130"]],["Split",["l130","None",64,2],[1],["l131","l132","l133"]],["Vectorize",["l133"],[],[]],["Bind",["l132"],["threadIdx.x"],[]],["Unannotate",["b107"],["meta_schedule.cooperative_fetch"],[]],["GetLoops",["b107"],[],["l134","l135","l136","l137","l138","l139","l140","l141"]],["Split",["l141","None",64,2],[1],["l142","l143","l144"]],["Vectorize",["l144"],[],[]],["Bind",["l143"],["threadIdx.x"],[]],["GetBlock",[],["root","main"],["b145"]],["Unannotate",["b145"],["meta_schedule.unroll_explicit"],[]],["GetChildBlocks",["b145"],[],["b146","b147","b148","b149"]],["GetLoops",["b146"],[],["l150","l151","l152","l153","l154","l155","l156","l157","l158","l159"]],["Annotate",["l150",512],["pragma_auto_unroll_max_step"],[]],["Annotate",["l150",1],["pragma_unroll_explicit"],[]],["GetLoops",["b147"],[],["l160","l161","l162","l163","l164","l165","l166","l167","l168","l169"]],["Annotate",["l160",512],["pragma_auto_unroll_max_step"],[]],["Annotate",["l160",1],["pragma_unroll_explicit"],[]],["GetLoops",["b148"],[],["l170","l171","l172","l173","l174","l175","l176","l177","l178","l179","l180","l181","l182","l183","l184","l185","l186","l187","l188","l189","l190","l191","l192","l193","l194"]],["Annotate",["l170",512],["pragma_auto_unroll_max_step"],[]],["Annotate",["l170",1],["pragma_unroll_explicit"],[]],["GetLoops",["b149"],[],["l195","l196","l197","l198","l199","l200","l201","l202"]],["Annotate",["l195",512],["pragma_auto_unroll_max_step"],[]],["Annotate",["l195",1],["pragma_unroll_explicit"],[]],["GetBlock",[],["conv3d_ndhwc","main"],["b203"]],["GetLoops",["b203"],[],["l204","l205","l206","l207","l208","l209","l210","l211","l212","l213","l214","l215","l216","l217","l218","l219","l220","l221","l222","l223","l224","l225","l226","l227","l228"]],["DecomposeReduction",["b203","l207"],[],["b229"]]],[[7,[1,1,2,2,1]],[9,[1,1,1,2,8]],[11,[4,2,1,1,1]],[13,[1,1,1,1,1]],[15,[2,2,32,1,4]],[17,[3,1,1]],[19,[3,1,1]],[21,[1,3,1]],[23,[256,2,1]],[40,1],[46,1],[51,3]]],[0],{"arch":"sm_70","keys":["cuda","gpu"],"kind":"cuda","max_num_threads":1024,"max_shared_memory_per_block":49152,"max_threads_per_block":1024,"registers_per_block":65536,"tag":"","thread_warp_size":32},[["TENSOR","float32",[4,16,8,1,512]],["TENSOR","float32",[3,3,3,512,512]],["TENSOR","float32",[1,1,1,1,512]],["TENSOR","float32",[4,16,8,1,512]]]]]
[0,[[[["GetBlock",[],["pad_temp","main"],["b0"]],["GetBlock",[],["conv3d_ndhwc","main"],["b1"]],["GetBlock",[],["T_add","main"],["b2"]],["GetBlock",[],["T_relu","main"],["b3"]],["GetBlock",[],["root","main"],["b4"]],["Annotate",["b1","\"SSSRRSRS\""],["meta_schedule.tiling_structure"],[]],["GetLoops",["b1"],[],["l5","l6","l7","l8","l9","l10","l11","l12","l13"]],["SamplePerfectTile",["l5"],[5,64],["v14","v15","v16","v17","v18"]],["Split",["l5","v14","v15","v16","v17","v18"],[1],["l19","l20","l21","l22","l23"]],["SamplePerfectTile",["l6"],[5,64],["v24","v25","v26","v27","v28"]],["Split",["l6","v24","v25","v26","v27","v28"],[1],["l29","l30","l31","l32","l33"]],["SamplePerfectTile",["l7"],[5,64],["v34","v35","v36","v37","v38"]],["Split",["l7","v34","v35","v36","v37","v38"],[1],["l39","l40","l41","l42","l43"]],["SamplePerfectTile",["l8"],[5,64],["v44","v45","v46","v47","v48"]],["Split",["l8","v44","v45","v46","v47","v48"],[1],["l49","l50","l51","l52","l53"]],["SamplePerfectTile",["l9"],[5,64],["v54","v55","v56","v57","v58"]],["Split",["l9","v54","v55","v56","v57","v58"],[1],["l59","l60","l61","l62","l63"]],["SamplePerfectTile",["l10"],[3,64],["v64","v65","v66"]],["Split",["l10","v64","v65","v66"],[1],["l67","l68","l69"]],["SamplePerfectTile",["l11"],[3,64],["v70","v71","v72"]],["Split",["l11","v70","v71","v72"],[1],["l73","l74","l75"]],["SamplePerfectTile",["l12"],[3,64],["v76","v77","v78"]],["Split",["l12","v76","v77","v78"],[1],["l79","l80","l81"]],["SamplePerfectTile",["l13"],[3,64],["v82","v83","v84"]],["Split",["l13","v82","v83","v84"],[1],["l85","l86","l87"]],["Reorder",["l19","l29","l39","l49","l59","l20","l30","l40","l50","l60","l21","l31","l41","l51","l61","l67","l73","l79","l85","l68","l74","l80","l86","l22","l32","l42","l52","l62","l69","l75","l81","l87","l23","l33","l43","l53","l63"],[],[]],["Fuse",["l19","l29","l39","l49","l59"],[1],["l88"]],["Bind",["l88"],["blockIdx.x"],[]],["Fuse",["l20","l30","l40","l50","l60"],[1],["l89"]],["Bind",["l89"],["vthread.x"],[]],["Fuse",["l21","l31","l41","l51","l61"],[1],["l90"]],["Bind",["l90"],["threadIdx.x"],[]],["Annotate",["b1",32],["meta_schedule.thread_extent_low_inclusive"],[]],["Annotate",["b1",1024],["meta_schedule.thread_extent_high_inclusive"],[]],["CacheWrite",["b1",[]],[0,"local"],["b91"]],["ReverseComputeAt",["b91","l90"],[1,-1],[]],["CacheRead",["b1",["b1"]],[0,"shared"],["b92"]],["ComputeAt",["b92","l85"],[1,-1],[]],["GetLoops",["b92"],[],["l93","l94","l95","l96","l97","l98","l99","l100","l101","l102","l103","l104"]],["Fuse",["l100","l101","l102","l103","l104"],[1],["l105"]],["SampleCategorical",[],[[1,2,3,4],[0.25,0.25,0.25,0.25]],["v106"]],["Annotate",["b92","v106"],["meta_schedule.cooperative_fetch"],[]],["CacheRead",["b1",["b1"]],[1,"shared"],["b107"]],["ComputeAt",["b107","l85"],[1,-1],[]],["GetLoops",["b107"],[],["l108","l109","l110","l111","l112","l113","l114","l115","l116","l117","l118","l119"]],["Fuse",["l115","l116","l117","l118","l119"],[1],["l120"]],["SampleCategorical",[],[[1,2,3,4],[0.25,0.25,0.25,0.25]],["v121"]],["Annotate",["b107","v121"],["meta_schedule.cooperative_fetch"],[]],["ReverseComputeInline",["b3"],[],[]],["ReverseComputeInline",["b2"],[],[]],["ComputeInline",["b0"],[],[]],["SampleCategorical",[],[[0,16,64,512,1024],[0.2000000000000000111,0.2000000000000000111,0.2000000000000000111,0.2000000000000000111,0.2000000000000000111]],["v122"]],["Annotate",["b4","v122"],["meta_schedule.unroll_explicit"],[]],["EnterPostproc",[],[],[]],["Unannotate",["b92"],["meta_schedule.cooperative_fetch"],[]],["GetLoops",["b92"],[],["l123","l124","l125","l126","l127","l128","l129","l130"]],["Split",["l130","None",32,4],[1],["l131","l132","l133"]],["Vectorize",["l133"],[],[]],["Bind",["l132"],["threadIdx.x"],[]],["Unannotate",["b107"],["meta_schedule.cooperative_fetch"],[]],["GetLoops",["b107"],[],["l134","l135","l136","l137","l138","l139","l140","l141"]],["Split",["l141","None",32,2],[1],["l142","l143","l144"]],["Vectorize",["l144"],[],[]],["Bind",["l143"],["threadIdx.x"],[]],["GetBlock",[],["root","main"],["b145"]],["Unannotate",["b145"],["meta_schedule.unroll_explicit"],[]],["GetChildBlocks",["b145"],[],["b146","b147","b148","b149"]],["GetLoops",["b146"],[],["l150","l151","l152","l153","l154","l155","l156","l157","l158","l159"]],["Annotate",["l150",512],["pragma_auto_unroll_max_step"],[]],["Annotate",["l150",1],["pragma_unroll_explicit"],[]],["GetLoops",["b147"],[],["l160","l161","l162","l163","l164","l165","l166","l167","l168","l169"]],["Annotate",["l160",512],["pragma_auto_unroll_max_step"],[]],["Annotate",["l160",1],["pragma_unroll_explicit"],[]],["GetLoops",["b148"],[],["l170","l171","l172","l173","l174","l175","l176","l177","l178","l179","l180","l181","l182","l183","l184","l185","l186","l187","l188","l189","l190","l191","l192","l193","l194"]],["Annotate",["l170",512],["pragma_auto_unroll_max_step"],[]],["Annotate",["l170",1],["pragma_unroll_explicit"],[]],["GetLoops",["b149"],[],["l195","l196","l197","l198","l199","l200","l201","l202"]],["Annotate",["l195",512],["pragma_auto_unroll_max_step"],[]],["Annotate",["l195",1],["pragma_unroll_explicit"],[]],["GetBlock",[],["conv3d_ndhwc","main"],["b203"]],["GetLoops",["b203"],[],["l204","l205","l206","l207","l208","l209","l210","l211","l212","l213","l214","l215","l216","l217","l218","l219","l220","l221","l222","l223","l224","l225","l226","l227","l228"]],["DecomposeReduction",["b203","l207"],[],["b229"]]],[[7,[1,1,1,2,2]],[9,[1,1,8,1,2]],[11,[1,1,1,1,8]],[13,[1,1,1,1,1]],[15,[4,4,4,2,4]],[17,[1,3,1]],[19,[1,1,3]],[21,[3,1,1]],[23,[128,1,4]],[40,3],[46,1],[51,3]]],[0],{"arch":"sm_70","keys":["cuda","gpu"],"kind":"cuda","max_num_threads":1024,"max_shared_memory_per_block":49152,"max_threads_per_block":1024,"registers_per_block":65536,"tag":"","thread_warp_size":32},[["TENSOR","float32",[4,16,8,1,512]],["TENSOR","float32",[3,3,3,512,512]],["TENSOR","float32",[1,1,1,1,512]],["TENSOR","float32",[4,16,8,1,512]]]]]
[0,[[[["GetBlock",[],["pad_temp","main"],["b0"]],["GetBlock",[],["conv3d_ndhwc","main"],["b1"]],["GetBlock",[],["T_add","main"],["b2"]],["GetBlock",[],["T_relu","main"],["b3"]],["GetBlock",[],["root","main"],["b4"]],["Annotate",["b1","\"SSSRRSRS\""],["meta_schedule.tiling_structure"],[]],["GetLoops",["b1"],[],["l5","l6","l7","l8","l9","l10","l11","l12","l13"]],["SamplePerfectTile",["l5"],[5,64],["v14","v15","v16","v17","v18"]],["Split",["l5","v14","v15","v16","v17","v18"],[1],["l19","l20","l21","l22","l23"]],["SamplePerfectTile",["l6"],[5,64],["v24","v25","v26","v27","v28"]],["Split",["l6","v24","v25","v26","v27","v28"],[1],["l29","l30","l31","l32","l33"]],["SamplePerfectTile",["l7"],[5,64],["v34","v35","v36","v37","v38"]],["Split",["l7","v34","v35","v36","v37","v38"],[1],["l39","l40","l41","l42","l43"]],["SamplePerfectTile",["l8"],[5,64],["v44","v45","v46","v47","v48"]],["Split",["l8","v44","v45","v46","v47","v48"],[1],["l49","l50","l51","l52","l53"]],["SamplePerfectTile",["l9"],[5,64],["v54","v55","v56","v57","v58"]],["Split",["l9","v54","v55","v56","v57","v58"],[1],["l59","l60","l61","l62","l63"]],["SamplePerfectTile",["l10"],[3,64],["v64","v65","v66"]],["Split",["l10","v64","v65","v66"],[1],["l67","l68","l69"]],["SamplePerfectTile",["l11"],[3,64],["v70","v71","v72"]],["Split",["l11","v70","v71","v72"],[1],["l73","l74","l75"]],["SamplePerfectTile",["l12"],[3,64],["v76","v77","v78"]],["Split",["l12","v76","v77","v78"],[1],["l79","l80","l81"]],["SamplePerfectTile",["l13"],[3,64],["v82","v83","v84"]],["Split",["l13","v82","v83","v84"],[1],["l85","l86","l87"]],["Reorder",["l19","l29","l39","l49","l59","l20","l30","l40","l50","l60","l21","l31","l41","l51","l61","l67","l73","l79","l85","l68","l74","l80","l86","l22","l32","l42","l52","l62","l69","l75","l81","l87","l23","l33","l43","l53","l63"],[],[]],["Fuse",["l19","l29","l39","l49","l59"],[1],["l88"]],["Bind",["l88"],["blockIdx.x"],[]],["Fuse",["l20","l30","l40","l50","l60"],[1],["l89"]],["Bind",["l89"],["vthread.x"],[]],["Fuse",["l21","l31","l41","l51","l61"],[1],["l90"]],["Bind",["l90"],["threadIdx.x"],[]],["Annotate",["b1",32],["meta_schedule.thread_extent_low_inclusive"],[]],["Annotate",["b1",1024],["meta_schedule.thread_extent_high_inclusive"],[]],["CacheWrite",["b1",[]],[0,"local"],["b91"]],["ReverseComputeAt",["b91","l90"],[1,-1],[]],["CacheRead",["b1",["b1"]],[0,"shared"],["b92"]],["ComputeAt",["b92","l85"],[1,-1],[]],["GetLoops",["b92"],[],["l93","l94","l95","l96","l97","l98","l99","l100","l101","l102","l103","l104"]],["Fuse",["l100","l101","l102","l103","l104"],[1],["l105"]],["SampleCategorical",[],[[1,2,3,4],[0.25,0.25,0.25,0.25]],["v106"]],["Annotate",["b92","v106"],["meta_schedule.cooperative_fetch"],[]],["CacheRead",["b1",["b1"]],[1,"shared"],["b107"]],["ComputeAt",["b107","l85"],[1,-1],[]],["GetLoops",["b107"],[],["l108","l109","l110","l111","l112","l113","l114","l115","l116","l117","l118","l119"]],["Fuse",["l115","l116","l117","l118","l119"],[1],["l120"]],["SampleCategorical",[],[[1,2,3,4],[0.25,0.25,0.25,0.25]],["v121"]],["Annotate",["b107","v121"],["meta_schedule.cooperative_fetch"],[]],["ReverseComputeInline",["b3"],[],[]],["ReverseComputeInline",["b2"],[],[]],["ComputeInline",["b0"],[],[]],["SampleCategorical",[],[[0,16,64,512,1024],[0.2000000000000000111,0.2000000000000000111,0.2000000000000000111,0.2000000000000000111,0.2000000000000000111]],["v122"]],["Annotate",["b4","v122"],["meta_schedule.unroll_explicit"],[]],["EnterPostproc",[],[],[]],["Unannotate",["b92"],["meta_schedule.cooperative_fetch"],[]],["GetLoops",["b92"],[],["l123","l124","l125","l126","l127","l128","l129","l130"]],["Split",["l130","None",64,2],[1],["l131","l132","l133"]],["Vectorize",["l133"],[],[]],["Bind",["l132"],["threadIdx.x"],[]],["Unannotate",["b107"],["meta_schedule.cooperative_fetch"],[]],["GetLoops",["b107"],[],["l134","l135","l136","l137","l138","l139","l140","l141"]],["Split",["l141","None",64,4],[1],["l142","l143","l144"]],["Vectorize",["l144"],[],[]],["Bind",["l143"],["threadIdx.x"],[]],["GetBlock",[],["root","main"],["b145"]],["Unannotate",["b145"],["meta_schedule.unroll_explicit"],[]],["GetChildBlocks",["b145"],[],["b146","b147","b148","b149"]],["GetLoops",["b146"],[],["l150","l151","l152","l153","l154","l155","l156","l157","l158","l159"]],["Annotate",["l150",1024],["pragma_auto_unroll_max_step"],[]],["Annotate",["l150",1],["pragma_unroll_explicit"],[]],["GetLoops",["b147"],[],["l160","l161","l162","l163","l164","l165","l166","l167","l168","l169"]],["Annotate",["l160",1024],["pragma_auto_unroll_max_step"],[]],["Annotate",["l160",1],["pragma_unroll_explicit"],[]],["GetLoops",["b148"],[],["l170","l171","l172","l173","l174","l175","l176","l177","l178","l179","l180","l181","l182","l183","l184","l185","l186","l187","l188","l189","l190","l191","l192","l193","l194"]],["Annotate",["l170",1024],["pragma_auto_unroll_max_step"],[]],["Annotate",["l170",1],["pragma_unroll_explicit"],[]],["GetLoops",["b149"],[],["l195","l196","l197","l198","l199","l200","l201","l202"]],["Annotate",["l195",1024],["pragma_auto_unroll_max_step"],[]],["Annotate",["l195",1],["pragma_unroll_explicit"],[]],["GetBlock",[],["conv3d_ndhwc","main"],["b203"]],["GetLoops",["b203"],[],["l204","l205","l206","l207","l208","l209","l210","l211","l212","l213","l214","l215","l216","l217","l218","l219","l220","l221","l222","l223","l224","l225","l226","l227","l228"]],["DecomposeReduction",["b203","l207"],[],["b229"]]],[[7,[4,1,1,1,1]],[9,[1,1,4,2,2]],[11,[2,2,1,2,1]],[13,[1,1,1,1,1]],[15,[2,1,16,2,8]],[17,[3,1,1]],[19,[1,3,1]],[21,[3,1,1]],[23,[256,1,2]],[40,1],[46,3],[51,4]]],[0],{"arch":"sm_70","keys":["cuda","gpu"],"kind":"cuda","max_num_threads":1024,"max_shared_memory_per_block":49152,"max_threads_per_block":1024,"registers_per_block":65536,"tag":"","thread_warp_size":32},[["TENSOR","float32",[4,16,8,1,512]],["TENSOR","float32",[3,3,3,512,512]],["TENSOR","float32",[1,1,1,1,512]],["TENSOR","float32",[4,16,8,1,512]]]]]
[0,[[[["GetBlock",[],["pad_temp","main"],["b0"]],["GetBlock",[],["conv3d_ndhwc","main"],["b1"]],["GetBlock",[],["T_add","main"],["b2"]],["GetBlock",[],["T_relu","main"],["b3"]],["GetBlock",[],["root","main"],["b4"]],["Annotate",["b1","\"SSSRRSRS\""],["meta_schedule.tiling_structure"],[]],["GetLoops",["b1"],[],["l5","l6","l7","l8","l9","l10","l11","l12","l13"]],["SamplePerfectTile",["l5"],[5,64],["v14","v15","v16","v17","v18"]],["Split",["l5","v14","v15","v16","v17","v18"],[1],["l19","l20","l21","l22","l23"]],["SamplePerfectTile",["l6"],[5,64],["v24","v25","v26","v27","v28"]],["Split",["l6","v24","v25","v26","v27","v28"],[1],["l29","l30","l31","l32","l33"]],["SamplePerfectTile",["l7"],[5,64],["v34","v35","v36","v37","v38"]],["Split",["l7","v34","v35","v36","v37","v38"],[1],["l39","l40","l41","l42","l43"]],["SamplePerfectTile",["l8"],[5,64],["v44","v45","v46","v47","v48"]],["Split",["l8","v44","v45","v46","v47","v48"],[1],["l49","l50","l51","l52","l53"]],["SamplePerfectTile",["l9"],[5,64],["v54","v55","v56","v57","v58"]],["Split",["l9","v54","v55","v56","v57","v58"],[1],["l59","l60","l61","l62","l63"]],["SamplePerfectTile",["l10"],[3,64],["v64","v65","v66"]],["Split",["l10","v64","v65","v66"],[1],["l67","l68","l69"]],["SamplePerfectTile",["l11"],[3,64],["v70","v71","v72"]],["Split",["l11","v70","v71","v72"],[1],["l73","l74","l75"]],["SamplePerfectTile",["l12"],[3,64],["v76","v77","v78"]],["Split",["l12","v76","v77","v78"],[1],["l79","l80","l81"]],["SamplePerfectTile",["l13"],[3,64],["v82","v83","v84"]],["Split",["l13","v82","v83","v84"],[1],["l85","l86","l87"]],["Reorder",["l19","l29","l39","l49","l59","l20","l30","l40","l50","l60","l21","l31","l41","l51","l61","l67","l73","l79","l85","l68","l74","l80","l86","l22","l32","l42","l52","l62","l69","l75","l81","l87","l23","l33","l43","l53","l63"],[],[]],["Fuse",["l19","l29","l39","l49","l59"],[1],["l88"]],["Bind",["l88"],["blockIdx.x"],[]],["Fuse",["l20","l30","l40","l50","l60"],[1],["l89"]],["Bind",["l89"],["vthread.x"],[]],["Fuse",["l21","l31","l41","l51","l61"],[1],["l90"]],["Bind",["l90"],["threadIdx.x"],[]],["Annotate",["b1",32],["meta_schedule.thread_extent_low_inclusive"],[]],["Annotate",["b1",1024],["meta_schedule.thread_extent_high_inclusive"],[]],["CacheWrite",["b1",[]],[0,"local"],["b91"]],["ReverseComputeAt",["b91","l90"],[1,-1],[]],["CacheRead",["b1",["b1"]],[0,"shared"],["b92"]],["ComputeAt",["b92","l85"],[1,-1],[]],["GetLoops",["b92"],[],["l93","l94","l95","l96","l97","l98","l99","l100","l101","l102","l103","l104"]],["Fuse",["l100","l101","l102","l103","l104"],[1],["l105"]],["SampleCategorical",[],[[1,2,3,4],[0.25,0.25,0.25,0.25]],["v106"]],["Annotate",["b92","v106"],["meta_schedule.cooperative_fetch"],[]],["CacheRead",["b1",["b1"]],[1,"shared"],["b107"]],["ComputeAt",["b107","l85"],[1,-1],[]],["GetLoops",["b107"],[],["l108","l109","l110","l111","l112","l113","l114","l115","l116","l117","l118","l119"]],["Fuse",["l115","l116","l117","l118","l119"],[1],["l120"]],["SampleCategorical",[],[[1,2,3,4],[0.25,0.25,0.25,0.25]],["v121"]],["Annotate",["b107","v121"],["meta_schedule.cooperative_fetch"],[]],["ReverseComputeInline",["b3"],[],[]],["ReverseComputeInline",["b2"],[],[]],["ComputeInline",["b0"],[],[]],["SampleCategorical",[],[[0,16,64,512,1024],[0.2000000000000000111,0.2000000000000000111,0.2000000000000000111,0.2000000000000000111,0.2000000000000000111]],["v122"]],["Annotate",["b4","v122"],["meta_schedule.unroll_explicit"],[]],["EnterPostproc",[],[],[]],["Unannotate",["b92"],["meta_schedule.cooperative_fetch"],[]],["GetLoops",["b92"],[],["l123","l124","l125","l126","l127","l128","l129","l130"]],["Split",["l130","None",32,4],[1],["l131","l132","l133"]],["Vectorize",["l133"],[],[]],["Bind",["l132"],["threadIdx.x"],[]],["Unannotate",["b107"],["meta_schedule.cooperative_fetch"],[]],["GetLoops",["b107"],[],["l134","l135","l136","l137","l138","l139","l140","l141"]],["Split",["l141","None",32,4],[1],["l142","l143","l144"]],["Vectorize",["l144"],[],[]],["Bind",["l143"],["threadIdx.x"],[]],["GetBlock",[],["root","main"],["b145"]],["Unannotate",["b145"],["meta_schedule.unroll_explicit"],[]],["GetChildBlocks",["b145"],[],["b146","b147","b148","b149"]],["GetLoops",["b146"],[],["l150","l151","l152","l153","l154","l155","l156","l157","l158","l159"]],["Annotate",["l150",1024],["pragma_auto_unroll_max_step"],[]],["Annotate",["l150",1],["pragma_unroll_explicit"],[]],["GetLoops",["b147"],[],["l160","l161","l162","l163","l164","l165","l166","l167","l168","l169"]],["Annotate",["l160",1024],["pragma_auto_unroll_max_step"],[]],["Annotate",["l160",1],["pragma_unroll_explicit"],[]],["GetLoops",["b148"],[],["l170","l171","l172","l173","l174","l175","l176","l177","l178","l179","l180","l181","l182","l183","l184","l185","l186","l187","l188","l189","l190","l191","l192","l193","l194"]],["Annotate",["l170",1024],["pragma_auto_unroll_max_step"],[]],["Annotate",["l170",1],["pragma_unroll_explicit"],[]],["GetLoops",["b149"],[],["l195","l196","l197","l198","l199","l200","l201","l202"]],["Annotate",["l195",1024],["pragma_auto_unroll_max_step"],[]],["Annotate",["l195",1],["pragma_unroll_explicit"],[]],["GetBlock",[],["conv3d_ndhwc","main"],["b203"]],["GetLoops",["b203"],[],["l204","l205","l206","l207","l208","l209","l210","l211","l212","l213","l214","l215","l216","l217","l218","l219","l220","l221","l222","l223","l224","l225","l226","l227","l228"]],["DecomposeReduction",["b203","l207"],[],["b229"]]],[[7,[2,1,1,1,2]],[9,[1,1,1,1,16]],[11,[1,1,2,1,4]],[13,[1,1,1,1,1]],[15,[2,2,16,8,1]],[17,[3,1,1]],[19,[3,1,1]],[21,[3,1,1]],[23,[256,1,2]],[40,3],[46,3],[51,4]]],[0],{"arch":"sm_70","keys":["cuda","gpu"],"kind":"cuda","max_num_threads":1024,"max_shared_memory_per_block":49152,"max_threads_per_block":1024,"registers_per_block":65536,"tag":"","thread_warp_size":32},[["TENSOR","float32",[4,16,8,1,512]],["TENSOR","float32",[3,3,3,512,512]],["TENSOR","float32",[1,1,1,1,512]],["TENSOR","float32",[4,16,8,1,512]]]]]
[0,[[[["GetBlock",[],["pad_temp","main"],["b0"]],["GetBlock",[],["conv3d_ndhwc","main"],["b1"]],["GetBlock",[],["T_add","main"],["b2"]],["GetBlock",[],["T_relu","main"],["b3"]],["GetBlock",[],["root","main"],["b4"]],["Annotate",["b1","\"SSSRRSRS\""],["meta_schedule.tiling_structure"],[]],["GetLoops",["b1"],[],["l5","l6","l7","l8","l9","l10","l11","l12","l13"]],["SamplePerfectTile",["l5"],[5,64],["v14","v15","v16","v17","v18"]],["Split",["l5","v14","v15","v16","v17","v18"],[1],["l19","l20","l21","l22","l23"]],["SamplePerfectTile",["l6"],[5,64],["v24","v25","v26","v27","v28"]],["Split",["l6","v24","v25","v26","v27","v28"],[1],["l29","l30","l31","l32","l33"]],["SamplePerfectTile",["l7"],[5,64],["v34","v35","v36","v37","v38"]],["Split",["l7","v34","v35","v36","v37","v38"],[1],["l39","l40","l41","l42","l43"]],["SamplePerfectTile",["l8"],[5,64],["v44","v45","v46","v47","v48"]],["Split",["l8","v44","v45","v46","v47","v48"],[1],["l49","l50","l51","l52","l53"]],["SamplePerfectTile",["l9"],[5,64],["v54","v55","v56","v57","v58"]],["Split",["l9","v54","v55","v56","v57","v58"],[1],["l59","l60","l61","l62","l63"]],["SamplePerfectTile",["l10"],[3,64],["v64","v65","v66"]],["Split",["l10","v64","v65","v66"],[1],["l67","l68","l69"]],["SamplePerfectTile",["l11"],[3,64],["v70","v71","v72"]],["Split",["l11","v70","v71","v72"],[1],["l73","l74","l75"]],["SamplePerfectTile",["l12"],[3,64],["v76","v77","v78"]],["Split",["l12","v76","v77","v78"],[1],["l79","l80","l81"]],["SamplePerfectTile",["l13"],[3,64],["v82","v83","v84"]],["Split",["l13","v82","v83","v84"],[1],["l85","l86","l87"]],["Reorder",["l19","l29","l39","l49","l59","l20","l30","l40","l50","l60","l21","l31","l41","l51","l61","l67","l73","l79","l85","l68","l74","l80","l86","l22","l32","l42","l52","l62","l69","l75","l81","l87","l23","l33","l43","l53","l63"],[],[]],["Fuse",["l19","l29","l39","l49","l59"],[1],["l88"]],["Bind",["l88"],["blockIdx.x"],[]],["Fuse",["l20","l30","l40","l50","l60"],[1],["l89"]],["Bind",["l89"],["vthread.x"],[]],["Fuse",["l21","l31","l41","l51","l61"],[1],["l90"]],["Bind",["l90"],["threadIdx.x"],[]],["Annotate",["b1",32],["meta_schedule.thread_extent_low_inclusive"],[]],["Annotate",["b1",1024],["meta_schedule.thread_extent_high_inclusive"],[]],["CacheWrite",["b1",[]],[0,"local"],["b91"]],["ReverseComputeAt",["b91","l90"],[1,-1],[]],["CacheRead",["b1",["b1"]],[0,"shared"],["b92"]],["ComputeAt",["b92","l85"],[1,-1],[]],["GetLoops",["b92"],[],["l93","l94","l95","l96","l97","l98","l99","l100","l101","l102","l103","l104"]],["Fuse",["l100","l101","l102","l103","l104"],[1],["l105"]],["SampleCategorical",[],[[1,2,3,4],[0.25,0.25,0.25,0.25]],["v106"]],["Annotate",["b92","v106"],["meta_schedule.cooperative_fetch"],[]],["CacheRead",["b1",["b1"]],[1,"shared"],["b107"]],["ComputeAt",["b107","l85"],[1,-1],[]],["GetLoops",["b107"],[],["l108","l109","l110","l111","l112","l113","l114","l115","l116","l117","l118","l119"]],["Fuse",["l115","l116","l117","l118","l119"],[1],["l120"]],["SampleCategorical",[],[[1,2,3,4],[0.25,0.25,0.25,0.25]],["v121"]],["Annotate",["b107","v121"],["meta_schedule.cooperative_fetch"],[]],["ReverseComputeInline",["b3"],[],[]],["ReverseComputeInline",["b2"],[],[]],["ComputeInline",["b0"],[],[]],["SampleCategorical",[],[[0,16,64,512,1024],[0.2000000000000000111,0.2000000000000000111,0.2000000000000000111,0.2000000000000000111,0.2000000000000000111]],["v122"]],["Annotate",["b4","v122"],["meta_schedule.unroll_explicit"],[]],["EnterPostproc",[],[],[]],["Unannotate",["b92"],["meta_schedule.cooperative_fetch"],[]],["GetLoops",["b92"],[],["l123","l124","l125","l126","l127","l128","l129","l130"]],["Split",["l130","None",32,2],[1],["l131","l132","l133"]],["Vectorize",["l133"],[],[]],["Bind",["l132"],["threadIdx.x"],[]],["Unannotate",["b107"],["meta_schedule.cooperative_fetch"],[]],["GetLoops",["b107"],[],["l134","l135","l136","l137","l138","l139","l140","l141"]],["Split",["l141","None",32,4],[1],["l142","l143","l144"]],["Vectorize",["l144"],[],[]],["Bind",["l143"],["threadIdx.x"],[]],["GetBlock",[],["root","main"],["b145"]],["Unannotate",["b145"],["meta_schedule.unroll_explicit"],[]],["GetChildBlocks",["b145"],[],["b146","b147","b148","b149"]],["GetLoops",["b146"],[],["l150","l151","l152","l153","l154","l155","l156","l157","l158","l159"]],["Annotate",["l150",1024],["pragma_auto_unroll_max_step"],[]],["Annotate",["l150",1],["pragma_unroll_explicit"],[]],["GetLoops",["b147"],[],["l160","l161","l162","l163","l164","l165","l166","l167","l168","l169"]],["Annotate",["l160",1024],["pragma_auto_unroll_max_step"],[]],["Annotate",["l160",1],["pragma_unroll_explicit"],[]],["GetLoops",["b148"],[],["l170","l171","l172","l173","l174","l175","l176","l177","l178","l179","l180","l181","l182","l183","l184","l185","l186","l187","l188","l189","l190","l191","l192","l193","l194"]],["Annotate",["l170",1024],["pragma_auto_unroll_max_step"],[]],["Annotate",["l170",1],["pragma_unroll_explicit"],[]],["GetLoops",["b149"],[],["l195","l196","l197","l198","l199","l200","l201","l202"]],["Annotate",["l195",1024],["pragma_auto_unroll_max_step"],[]],["Annotate",["l195",1],["pragma_unroll_explicit"],[]],["GetBlock",[],["conv3d_ndhwc","main"],["b203"]],["GetLoops",["b203"],[],["l204","l205","l206","l207","l208","l209","l210","l211","l212","l213","l214","l215","l216","l217","l218","l219","l220","l221","l222","l223","l224","l225","l226","l227","l228"]],["DecomposeReduction",["b203","l207"],[],["b229"]]],[[7,[1,1,1,4,1]],[9,[1,2,4,1,2]],[11,[1,4,1,1,2]],[13,[1,1,1,1,1]],[15,[32,2,8,1,1]],[17,[1,3,1]],[19,[3,1,1]],[21,[3,1,1]],[23,[64,8,1]],[40,1],[46,3],[51,4]]],[0],{"arch":"sm_70","keys":["cuda","gpu"],"kind":"cuda","max_num_threads":1024,"max_shared_memory_per_block":49152,"max_threads_per_block":1024,"registers_per_block":65536,"tag":"","thread_warp_size":32},[["TENSOR","float32",[4,16,8,1,512]],["TENSOR","float32",[3,3,3,512,512]],["TENSOR","float32",[1,1,1,1,512]],["TENSOR","float32",[4,16,8,1,512]]]]]
[0,[[[["GetBlock",[],["pad_temp","main"],["b0"]],["GetBlock",[],["conv3d_ndhwc","main"],["b1"]],["GetBlock",[],["T_add","main"],["b2"]],["GetBlock",[],["T_relu","main"],["b3"]],["GetBlock",[],["root","main"],["b4"]],["Annotate",["b1","\"SSSRRSRS\""],["meta_schedule.tiling_structure"],[]],["GetLoops",["b1"],[],["l5","l6","l7","l8","l9","l10","l11","l12","l13"]],["SamplePerfectTile",["l5"],[5,64],["v14","v15","v16","v17","v18"]],["Split",["l5","v14","v15","v16","v17","v18"],[1],["l19","l20","l21","l22","l23"]],["SamplePerfectTile",["l6"],[5,64],["v24","v25","v26","v27","v28"]],["Split",["l6","v24","v25","v26","v27","v28"],[1],["l29","l30","l31","l32","l33"]],["SamplePerfectTile",["l7"],[5,64],["v34","v35","v36","v37","v38"]],["Split",["l7","v34","v35","v36","v37","v38"],[1],["l39","l40","l41","l42","l43"]],["SamplePerfectTile",["l8"],[5,64],["v44","v45","v46","v47","v48"]],["Split",["l8","v44","v45","v46","v47","v48"],[1],["l49","l50","l51","l52","l53"]],["SamplePerfectTile",["l9"],[5,64],["v54","v55","v56","v57","v58"]],["Split",["l9","v54","v55","v56","v57","v58"],[1],["l59","l60","l61","l62","l63"]],["SamplePerfectTile",["l10"],[3,64],["v64","v65","v66"]],["Split",["l10","v64","v65","v66"],[1],["l67","l68","l69"]],["SamplePerfectTile",["l11"],[3,64],["v70","v71","v72"]],["Split",["l11","v70","v71","v72"],[1],["l73","l74","l75"]],["SamplePerfectTile",["l12"],[3,64],["v76","v77","v78"]],["Split",["l12","v76","v77","v78"],[1],["l79","l80","l81"]],["SamplePerfectTile",["l13"],[3,64],["v82","v83","v84"]],["Split",["l13","v82","v83","v84"],[1],["l85","l86","l87"]],["Reorder",["l19","l29","l39","l49","l59","l20","l30","l40","l50","l60","l21","l31","l41","l51","l61","l67","l73","l79","l85","l68","l74","l80","l86","l22","l32","l42","l52","l62","l69","l75","l81","l87","l23","l33","l43","l53","l63"],[],[]],["Fuse",["l19","l29","l39","l49","l59"],[1],["l88"]],["Bind",["l88"],["blockIdx.x"],[]],["Fuse",["l20","l30","l40","l50","l60"],[1],["l89"]],["Bind",["l89"],["vthread.x"],[]],["Fuse",["l21","l31","l41","l51","l61"],[1],["l90"]],["Bind",["l90"],["threadIdx.x"],[]],["Annotate",["b1",32],["meta_schedule.thread_extent_low_inclusive"],[]],["Annotate",["b1",1024],["meta_schedule.thread_extent_high_inclusive"],[]],["CacheWrite",["b1",[]],[0,"local"],["b91"]],["ReverseComputeAt",["b91","l90"],[1,-1],[]],["CacheRead",["b1",["b1"]],[0,"shared"],["b92"]],["ComputeAt",["b92","l85"],[1,-1],[]],["GetLoops",["b92"],[],["l93","l94","l95","l96","l97","l98","l99","l100","l101","l102","l103","l104"]],["Fuse",["l100","l101","l102","l103","l104"],[1],["l105"]],["SampleCategorical",[],[[1,2,3,4],[0.25,0.25,0.25,0.25]],["v106"]],["Annotate",["b92","v106"],["meta_schedule.cooperative_fetch"],[]],["CacheRead",["b1",["b1"]],[1,"shared"],["b107"]],["ComputeAt",["b107","l85"],[1,-1],[]],["GetLoops",["b107"],[],["l108","l109","l110","l111","l112","l113","l114","l115","l116","l117","l118","l119"]],["Fuse",["l115","l116","l117","l118","l119"],[1],["l120"]],["SampleCategorical",[],[[1,2,3,4],[0.25,0.25,0.25,0.25]],["v121"]],["Annotate",["b107","v121"],["meta_schedule.cooperative_fetch"],[]],["ReverseComputeInline",["b3"],[],[]],["ReverseComputeInline",["b2"],[],[]],["ComputeInline",["b0"],[],[]],["SampleCategorical",[],[[0,16,64,512,1024],[0.2000000000000000111,0.2000000000000000111,0.2000000000000000111,0.2000000000000000111,0.2000000000000000111]],["v122"]],["Annotate",["b4","v122"],["meta_schedule.unroll_explicit"],[]],["EnterPostproc",[],[],[]],["Unannotate",["b92"],["meta_schedule.cooperative_fetch"],[]],["GetLoops",["b92"],[],["l123","l124","l125","l126","l127","l128","l129","l130"]],["Split",["l130","None",64],[1],["l131","l132"]],["Bind",["l132"],["threadIdx.x"],[]],["Unannotate",["b107"],["meta_schedule.cooperative_fetch"],[]],["GetLoops",["b107"],[],["l133","l134","l135","l136","l137","l138","l139","l140"]],["Split",["l140","None",64],[1],["l141","l142"]],["Bind",["l142"],["threadIdx.x"],[]],["GetBlock",[],["root","main"],["b143"]],["Unannotate",["b143"],["meta_schedule.unroll_explicit"],[]],["GetChildBlocks",["b143"],[],["b144","b145","b146","b147"]],["GetLoops",["b144"],[],["l148","l149","l150","l151","l152","l153","l154","l155","l156"]],["GetLoops",["b145"],[],["l157","l158","l159","l160","l161","l162","l163","l164","l165"]],["GetLoops",["b146"],[],["l166","l167","l168","l169","l170","l171","l172","l173","l174","l175","l176","l177","l178","l179","l180","l181","l182","l183","l184","l185","l186","l187","l188","l189","l190"]],["GetLoops",["b147"],[],["l191","l192","l193","l194","l195","l196","l197","l198"]],["GetBlock",[],["conv3d_ndhwc","main"],["b199"]],["GetLoops",["b199"],[],["l200","l201","l202","l203","l204","l205","l206","l207","l208","l209","l210","l211","l212","l213","l214","l215","l216","l217","l218","l219","l220","l221","l222","l223","l224"]],["DecomposeReduction",["b199","l203"],[],["b225"]]],[[7,[2,1,2,1,1]],[9,[4,1,4,1,1]],[11,[4,1,2,1,1]],[13,[1,1,1,1,1]],[15,[1,4,4,16,2]],[17,[3,1,1]],[19,[3,1,1]],[21,[3,1,1]],[23,[64,2,4]],[40,0],[46,2],[51,0]]],[0],{"arch":"sm_70","keys":["cuda","gpu"],"kind":"cuda","max_num_threads":1024,"max_shared_memory_per_block":49152,"max_threads_per_block":1024,"registers_per_block":65536,"tag":"","thread_warp_size":32},[["TENSOR","float32",[4,16,8,1,512]],["TENSOR","float32",[3,3,3,512,512]],["TENSOR","float32",[1,1,1,1,512]],["TENSOR","float32",[4,16,8,1,512]]]]]
[0,[[[["GetBlock",[],["pad_temp","main"],["b0"]],["GetBlock",[],["conv3d_ndhwc","main"],["b1"]],["GetBlock",[],["T_add","main"],["b2"]],["GetBlock",[],["T_relu","main"],["b3"]],["GetBlock",[],["root","main"],["b4"]],["Annotate",["b1","\"SSSRRSRS\""],["meta_schedule.tiling_structure"],[]],["GetLoops",["b1"],[],["l5","l6","l7","l8","l9","l10","l11","l12","l13"]],["SamplePerfectTile",["l5"],[5,64],["v14","v15","v16","v17","v18"]],["Split",["l5","v14","v15","v16","v17","v18"],[1],["l19","l20","l21","l22","l23"]],["SamplePerfectTile",["l6"],[5,64],["v24","v25","v26","v27","v28"]],["Split",["l6","v24","v25","v26","v27","v28"],[1],["l29","l30","l31","l32","l33"]],["SamplePerfectTile",["l7"],[5,64],["v34","v35","v36","v37","v38"]],["Split",["l7","v34","v35","v36","v37","v38"],[1],["l39","l40","l41","l42","l43"]],["SamplePerfectTile",["l8"],[5,64],["v44","v45","v46","v47","v48"]],["Split",["l8","v44","v45","v46","v47","v48"],[1],["l49","l50","l51","l52","l53"]],["SamplePerfectTile",["l9"],[5,64],["v54","v55","v56","v57","v58"]],["Split",["l9","v54","v55","v56","v57","v58"],[1],["l59","l60","l61","l62","l63"]],["SamplePerfectTile",["l10"],[3,64],["v64","v65","v66"]],["Split",["l10","v64","v65","v66"],[1],["l67","l68","l69"]],["SamplePerfectTile",["l11"],[3,64],["v70","v71","v72"]],["Split",["l11","v70","v71","v72"],[1],["l73","l74","l75"]],["SamplePerfectTile",["l12"],[3,64],["v76","v77","v78"]],["Split",["l12","v76","v77","v78"],[1],["l79","l80","l81"]],["SamplePerfectTile",["l13"],[3,64],["v82","v83","v84"]],["Split",["l13","v82","v83","v84"],[1],["l85","l86","l87"]],["Reorder",["l19","l29","l39","l49","l59","l20","l30","l40","l50","l60","l21","l31","l41","l51","l61","l67","l73","l79","l85","l68","l74","l80","l86","l22","l32","l42","l52","l62","l69","l75","l81","l87","l23","l33","l43","l53","l63"],[],[]],["Fuse",["l19","l29","l39","l49","l59"],[1],["l88"]],["Bind",["l88"],["blockIdx.x"],[]],["Fuse",["l20","l30","l40","l50","l60"],[1],["l89"]],["Bind",["l89"],["vthread.x"],[]],["Fuse",["l21","l31","l41","l51","l61"],[1],["l90"]],["Bind",["l90"],["threadIdx.x"],[]],["Annotate",["b1",32],["meta_schedule.thread_extent_low_inclusive"],[]],["Annotate",["b1",1024],["meta_schedule.thread_extent_high_inclusive"],[]],["CacheWrite",["b1",[]],[0,"local"],["b91"]],["ReverseComputeAt",["b91","l90"],[1,-1],[]],["CacheRead",["b1",["b1"]],[0,"shared"],["b92"]],["ComputeAt",["b92","l85"],[1,-1],[]],["GetLoops",["b92"],[],["l93","l94","l95","l96","l97","l98","l99","l100","l101","l102","l103","l104"]],["Fuse",["l100","l101","l102","l103","l104"],[1],["l105"]],["SampleCategorical",[],[[1,2,3,4],[0.25,0.25,0.25,0.25]],["v106"]],["Annotate",["b92","v106"],["meta_schedule.cooperative_fetch"],[]],["CacheRead",["b1",["b1"]],[1,"shared"],["b107"]],["ComputeAt",["b107","l85"],[1,-1],[]],["GetLoops",["b107"],[],["l108","l109","l110","l111","l112","l113","l114","l115","l116","l117","l118","l119"]],["Fuse",["l115","l116","l117","l118","l119"],[1],["l120"]],["SampleCategorical",[],[[1,2,3,4],[0.25,0.25,0.25,0.25]],["v121"]],["Annotate",["b107","v121"],["meta_schedule.cooperative_fetch"],[]],["ReverseComputeInline",["b3"],[],[]],["ReverseComputeInline",["b2"],[],[]],["ComputeInline",["b0"],[],[]],["SampleCategorical",[],[[0,16,64,512,1024],[0.2000000000000000111,0.2000000000000000111,0.2000000000000000111,0.2000000000000000111,0.2000000000000000111]],["v122"]],["Annotate",["b4","v122"],["meta_schedule.unroll_explicit"],[]],["EnterPostproc",[],[],[]],["Unannotate",["b92"],["meta_schedule.cooperative_fetch"],[]],["GetLoops",["b92"],[],["l123","l124","l125","l126","l127","l128","l129","l130"]],["Split",["l130","None",128],[1],["l131","l132"]],["Bind",["l132"],["threadIdx.x"],[]],["Unannotate",["b107"],["meta_schedule.cooperative_fetch"],[]],["GetLoops",["b107"],[],["l133","l134","l135","l136","l137","l138","l139","l140"]],["Split",["l140","None",128,2],[1],["l141","l142","l143"]],["Vectorize",["l143"],[],[]],["Bind",["l142"],["threadIdx.x"],[]],["GetBlock",[],["root","main"],["b144"]],["Unannotate",["b144"],["meta_schedule.unroll_explicit"],[]],["GetChildBlocks",["b144"],[],["b145","b146","b147","b148"]],["GetLoops",["b145"],[],["l149","l150","l151","l152","l153","l154","l155","l156","l157"]],["GetLoops",["b146"],[],["l158","l159","l160","l161","l162","l163","l164","l165","l166","l167"]],["GetLoops",["b147"],[],["l168","l169","l170","l171","l172","l173","l174","l175","l176","l177","l178","l179","l180","l181","l182","l183","l184","l185","l186","l187","l188","l189","l190","l191","l192"]],["GetLoops",["b148"],[],["l193","l194","l195","l196","l197","l198","l199","l200"]],["GetBlock",[],["conv3d_ndhwc","main"],["b201"]],["GetLoops",["b201"],[],["l202","l203","l204","l205","l206","l207","l208","l209","l210","l211","l212","l213","l214","l215","l216","l217","l218","l219","l220","l221","l222","l223","l224","l225","l226"]],["DecomposeReduction",["b201","l205"],[],["b227"]]],[[7,[1,2,1,2,1]],[9,[1,1,4,2,2]],[11,[1,1,2,2,2]],[13,[1,1,1,1,1]],[15,[1,1,16,8,4]],[17,[3,1,1]],[19,[3,1,1]],[21,[3,1,1]],[23,[512,1,1]],[40,2],[46,1],[51,0]]],[0],{"arch":"sm_70","keys":["cuda","gpu"],"kind":"cuda","max_num_threads":1024,"max_shared_memory_per_block":49152,"max_threads_per_block":1024,"registers_per_block":65536,"tag":"","thread_warp_size":32},[["TENSOR","float32",[4,16,8,1,512]],["TENSOR","float32",[3,3,3,512,512]],["TENSOR","float32",[1,1,1,1,512]],["TENSOR","float32",[4,16,8,1,512]]]]]
[0,[[[["GetBlock",[],["pad_temp","main"],["b0"]],["GetBlock",[],["conv3d_ndhwc","main"],["b1"]],["GetBlock",[],["T_add","main"],["b2"]],["GetBlock",[],["T_relu","main"],["b3"]],["GetBlock",[],["root","main"],["b4"]],["Annotate",["b1","\"SSSRRSRS\""],["meta_schedule.tiling_structure"],[]],["GetLoops",["b1"],[],["l5","l6","l7","l8","l9","l10","l11","l12","l13"]],["SamplePerfectTile",["l5"],[5,64],["v14","v15","v16","v17","v18"]],["Split",["l5","v14","v15","v16","v17","v18"],[1],["l19","l20","l21","l22","l23"]],["SamplePerfectTile",["l6"],[5,64],["v24","v25","v26","v27","v28"]],["Split",["l6","v24","v25","v26","v27","v28"],[1],["l29","l30","l31","l32","l33"]],["SamplePerfectTile",["l7"],[5,64],["v34","v35","v36","v37","v38"]],["Split",["l7","v34","v35","v36","v37","v38"],[1],["l39","l40","l41","l42","l43"]],["SamplePerfectTile",["l8"],[5,64],["v44","v45","v46","v47","v48"]],["Split",["l8","v44","v45","v46","v47","v48"],[1],["l49","l50","l51","l52","l53"]],["SamplePerfectTile",["l9"],[5,64],["v54","v55","v56","v57","v58"]],["Split",["l9","v54","v55","v56","v57","v58"],[1],["l59","l60","l61","l62","l63"]],["SamplePerfectTile",["l10"],[3,64],["v64","v65","v66"]],["Split",["l10","v64","v65","v66"],[1],["l67","l68","l69"]],["SamplePerfectTile",["l11"],[3,64],["v70","v71","v72"]],["Split",["l11","v70","v71","v72"],[1],["l73","l74","l75"]],["SamplePerfectTile",["l12"],[3,64],["v76","v77","v78"]],["Split",["l12","v76","v77","v78"],[1],["l79","l80","l81"]],["SamplePerfectTile",["l13"],[3,64],["v82","v83","v84"]],["Split",["l13","v82","v83","v84"],[1],["l85","l86","l87"]],["Reorder",["l19","l29","l39","l49","l59","l20","l30","l40","l50","l60","l21","l31","l41","l51","l61","l67","l73","l79","l85","l68","l74","l80","l86","l22","l32","l42","l52","l62","l69","l75","l81","l87","l23","l33","l43","l53","l63"],[],[]],["Fuse",["l19","l29","l39","l49","l59"],[1],["l88"]],["Bind",["l88"],["blockIdx.x"],[]],["Fuse",["l20","l30","l40","l50","l60"],[1],["l89"]],["Bind",["l89"],["vthread.x"],[]],["Fuse",["l21","l31","l41","l51","l61"],[1],["l90"]],["Bind",["l90"],["threadIdx.x"],[]],["Annotate",["b1",32],["meta_schedule.thread_extent_low_inclusive"],[]],["Annotate",["b1",1024],["meta_schedule.thread_extent_high_inclusive"],[]],["CacheWrite",["b1",[]],[0,"local"],["b91"]],["ReverseComputeAt",["b91","l90"],[1,-1],[]],["CacheRead",["b1",["b1"]],[0,"shared"],["b92"]],["ComputeAt",["b92","l85"],[1,-1],[]],["GetLoops",["b92"],[],["l93","l94","l95","l96","l97","l98","l99","l100","l101","l102","l103","l104"]],["Fuse",["l100","l101","l102","l103","l104"],[1],["l105"]],["SampleCategorical",[],[[1,2,3,4],[0.25,0.25,0.25,0.25]],["v106"]],["Annotate",["b92","v106"],["meta_schedule.cooperative_fetch"],[]],["CacheRead",["b1",["b1"]],[1,"shared"],["b107"]],["ComputeAt",["b107","l85"],[1,-1],[]],["GetLoops",["b107"],[],["l108","l109","l110","l111","l112","l113","l114","l115","l116","l117","l118","l119"]],["Fuse",["l115","l116","l117","l118","l119"],[1],["l120"]],["SampleCategorical",[],[[1,2,3,4],[0.25,0.25,0.25,0.25]],["v121"]],["Annotate",["b107","v121"],["meta_schedule.cooperative_fetch"],[]],["ReverseComputeInline",["b3"],[],[]],["ReverseComputeInline",["b2"],[],[]],["ComputeInline",["b0"],[],[]],["SampleCategorical",[],[[0,16,64,512,1024],[0.2000000000000000111,0.2000000000000000111,0.2000000000000000111,0.2000000000000000111,0.2000000000000000111]],["v122"]],["Annotate",["b4","v122"],["meta_schedule.unroll_explicit"],[]],["EnterPostproc",[],[],[]],["Unannotate",["b92"],["meta_schedule.cooperative_fetch"],[]],["GetLoops",["b92"],[],["l123","l124","l125","l126","l127","l128","l129","l130"]],["Split",["l130","None",256],[1],["l131","l132"]],["Bind",["l132"],["threadIdx.x"],[]],["Unannotate",["b107"],["meta_schedule.cooperative_fetch"],[]],["GetLoops",["b107"],[],["l133","l134","l135","l136","l137","l138","l139","l140"]],["Split",["l140","None",256],[1],["l141","l142"]],["Bind",["l142"],["threadIdx.x"],[]],["GetBlock",[],["root","main"],["b143"]],["Unannotate",["b143"],["meta_schedule.unroll_explicit"],[]],["GetChildBlocks",["b143"],[],["b144","b145","b146","b147"]],["GetLoops",["b144"],[],["l148","l149","l150","l151","l152","l153","l154","l155","l156"]],["Annotate",["l148",16],["pragma_auto_unroll_max_step"],[]],["Annotate",["l148",1],["pragma_unroll_explicit"],[]],["GetLoops",["b145"],[],["l157","l158","l159","l160","l161","l162","l163","l164","l165"]],["Annotate",["l157",16],["pragma_auto_unroll_max_step"],[]],["Annotate",["l157",1],["pragma_unroll_explicit"],[]],["GetLoops",["b146"],[],["l166","l167","l168","l169","l170","l171","l172","l173","l174","l175","l176","l177","l178","l179","l180","l181","l182","l183","l184","l185","l186","l187","l188","l189","l190"]],["Annotate",["l166",16],["pragma_auto_unroll_max_step"],[]],["Annotate",["l166",1],["pragma_unroll_explicit"],[]],["GetLoops",["b147"],[],["l191","l192","l193","l194","l195","l196","l197","l198"]],["Annotate",["l191",16],["pragma_auto_unroll_max_step"],[]],["Annotate",["l191",1],["pragma_unroll_explicit"],[]],["GetBlock",[],["conv3d_ndhwc","main"],["b199"]],["GetLoops",["b199"],[],["l200","l201","l202","l203","l204","l205","l206","l207","l208","l209","l210","l211","l212","l213","l214","l215","l216","l217","l218","l219","l220","l221","l222","l223","l224"]],["DecomposeReduction",["b199","l203"],[],["b225"]]],[[7,[1,1,4,1,1]],[9,[1,1,1,4,4]],[11,[2,1,1,4,1]],[13,[1,1,1,1,1]],[15,[2,2,64,1,2]],[17,[3,1,1]],[19,[1,3,1]],[21,[3,1,1]],[23,[64,8,1]],[40,0],[46,0],[51,1]]],[0],{"arch":"sm_70","keys":["cuda","gpu"],"kind":"cuda","max_num_threads":1024,"max_shared_memory_per_block":49152,"max_threads_per_block":1024,"registers_per_block":65536,"tag":"","thread_warp_size":32},[["TENSOR","float32",[4,16,8,1,512]],["TENSOR","float32",[3,3,3,512,512]],["TENSOR","float32",[1,1,1,1,512]],["TENSOR","float32",[4,16,8,1,512]]]]]
