[0,[[[["GetBlock",[],["pad_temp","main"],["b0"]],["GetBlock",[],["pool_sum","main"],["b1"]],["GetBlock",[],["pool_avg","main"],["b2"]],["GetBlock",[],["root","main"],["b3"]],["Unannotate",["b2"],["schedule_rule"],[]],["ComputeInline",["b0"],[],[]],["SampleCategorical",[],[[0,16,64,512,1024],[0.2000000000000000111,0.2000000000000000111,0.2000000000000000111,0.2000000000000000111,0.2000000000000000111]],["v4"]],["Annotate",["b3","v4"],["meta_schedule.unroll_explicit"],[]],["GetLoops",["b2"],[],["l5","l6","l7","l8"]],["Fuse",["l5","l6","l7","l8"],[1],["l9"]],["Split",["l9","None",256,1024],[1],["l10","l11","l12"]],["Reorder",["l11","l12","l10"],[],[]],["Bind",["l11"],["blockIdx.x"],[]],["Bind",["l12"],["threadIdx.x"],[]],["GetLoops",["b1"],[],["l13","l14","l15","l16","l17","l18"]],["Fuse",["l13","l14","l15","l16"],[1],["l19"]],["Split",["l19","None",256,1024],[1],["l20","l21","l22"]],["Reorder",["l21","l22","l20"],[],[]],["Bind",["l21"],["blockIdx.x"],[]],["Bind",["l22"],["threadIdx.x"],[]],["EnterPostproc",[],[],[]],["GetBlock",[],["root","main"],["b23"]],["Unannotate",["b23"],["meta_schedule.unroll_explicit"],[]],["GetChildBlocks",["b23"],[],["b24","b25"]],["GetLoops",["b24"],[],["l26","l27","l28","l29","l30"]],["Annotate",["l26",16],["pragma_auto_unroll_max_step"],[]],["Annotate",["l26",1],["pragma_unroll_explicit"],[]],["GetLoops",["b25"],[],["l31","l32","l33"]],["Annotate",["l31",16],["pragma_auto_unroll_max_step"],[]],["Annotate",["l31",1],["pragma_unroll_explicit"],[]],["GetBlock",[],["pool_sum","main"],["b34"]],["GetLoops",["b34"],[],["l35","l36","l37","l38","l39"]],["DecomposeReduction",["b34","l38"],[],["b40"]]],[[6,1]]],[0],{"arch":"sm_70","keys":["cuda","gpu"],"kind":"cuda","max_num_threads":1024,"max_shared_memory_per_block":49152,"max_threads_per_block":1024,"registers_per_block":65536,"tag":"","thread_warp_size":32},[["TENSOR","float32",[4,8,8,1280]],["TENSOR","float32",[4,8,8,1280]]]]]
[0,[[[["GetBlock",[],["pad_temp","main"],["b0"]],["GetBlock",[],["pool_sum","main"],["b1"]],["GetBlock",[],["pool_avg","main"],["b2"]],["GetBlock",[],["root","main"],["b3"]],["Unannotate",["b2"],["schedule_rule"],[]],["ComputeInline",["b0"],[],[]],["GetConsumers",["b1"],[],["b4"]],["GetLoops",["b4"],[],["l5","l6","l7","l8"]],["SampleCategorical",[],[[4,8,16,32,64,128,256,512],[0.125,0.125,0.125,0.125,0.125,0.125,0.125,0.125]],["v9"]],["Split",["l8","None","v9"],[1],["l10","l11"]],["Bind",["l11"],["threadIdx.x"],[]],["ComputeAt",["b1","l10"],[1,-1],[]],["SetScope",["b1"],[0,"shared"],[]],["GetLoops",["b1"],[],["l12","l13","l14","l15","l16","l17","l18","l19","l20","l21"]],["Fuse",["l20","l21"],[1],["l22"]],["Split",["l22","None","v9"],[1],["l23","l24"]],["Bind",["l24"],["threadIdx.x"],[]],["SampleCategorical",[],[[0,16,64,512,1024],[0.2000000000000000111,0.2000000000000000111,0.2000000000000000111,0.2000000000000000111,0.2000000000000000111]],["v25"]],["Annotate",["b3","v25"],["meta_schedule.unroll_explicit"],[]],["GetLoops",["b2"],[],["l26","l27","l28","l29","l30"]],["Fuse",["l26","l27","l28","l29"],[1],["l31"]],["Bind",["l31"],["blockIdx.x"],[]],["EnterPostproc",[],[],[]],["GetBlock",[],["root","main"],["b32"]],["Unannotate",["b32"],["meta_schedule.unroll_explicit"],[]],["GetChildBlocks",["b32"],[],["b33","b34"]],["GetLoops",["b33"],[],["l35","l36","l37","l38","l39","l40","l41"]],["Annotate",["l35",512],["pragma_auto_unroll_max_step"],[]],["Annotate",["l35",1],["pragma_unroll_explicit"],[]],["GetLoops",["b34"],[],["l42","l43"]],["Annotate",["l42",512],["pragma_auto_unroll_max_step"],[]],["Annotate",["l42",1],["pragma_unroll_explicit"],[]]],[[8,3],[17,3]]],[0],{"arch":"sm_70","keys":["cuda","gpu"],"kind":"cuda","max_num_threads":1024,"max_shared_memory_per_block":49152,"max_threads_per_block":1024,"registers_per_block":65536,"tag":"","thread_warp_size":32},[["TENSOR","float32",[4,8,8,1280]],["TENSOR","float32",[4,8,8,1280]]]]]
[0,[[[["GetBlock",[],["pad_temp","main"],["b0"]],["GetBlock",[],["pool_sum","main"],["b1"]],["GetBlock",[],["pool_avg","main"],["b2"]],["GetBlock",[],["root","main"],["b3"]],["Unannotate",["b2"],["schedule_rule"],[]],["ComputeInline",["b0"],[],[]],["SampleCategorical",[],[[0,16,64,512,1024],[0.2000000000000000111,0.2000000000000000111,0.2000000000000000111,0.2000000000000000111,0.2000000000000000111]],["v4"]],["Annotate",["b3","v4"],["meta_schedule.unroll_explicit"],[]],["GetLoops",["b2"],[],["l5","l6","l7","l8"]],["Fuse",["l5","l6","l7","l8"],[1],["l9"]],["Split",["l9","None",256,1024],[1],["l10","l11","l12"]],["Reorder",["l11","l12","l10"],[],[]],["Bind",["l11"],["blockIdx.x"],[]],["Bind",["l12"],["threadIdx.x"],[]],["GetLoops",["b1"],[],["l13","l14","l15","l16","l17","l18"]],["Fuse",["l13","l14","l15","l16"],[1],["l19"]],["Split",["l19","None",256,1024],[1],["l20","l21","l22"]],["Reorder",["l21","l22","l20"],[],[]],["Bind",["l21"],["blockIdx.x"],[]],["Bind",["l22"],["threadIdx.x"],[]],["EnterPostproc",[],[],[]],["GetBlock",[],["root","main"],["b23"]],["Unannotate",["b23"],["meta_schedule.unroll_explicit"],[]],["GetChildBlocks",["b23"],[],["b24","b25"]],["GetLoops",["b24"],[],["l26","l27","l28","l29","l30"]],["Annotate",["l26",64],["pragma_auto_unroll_max_step"],[]],["Annotate",["l26",1],["pragma_unroll_explicit"],[]],["GetLoops",["b25"],[],["l31","l32","l33"]],["Annotate",["l31",64],["pragma_auto_unroll_max_step"],[]],["Annotate",["l31",1],["pragma_unroll_explicit"],[]],["GetBlock",[],["pool_sum","main"],["b34"]],["GetLoops",["b34"],[],["l35","l36","l37","l38","l39"]],["DecomposeReduction",["b34","l38"],[],["b40"]]],[[6,2]]],[0],{"arch":"sm_70","keys":["cuda","gpu"],"kind":"cuda","max_num_threads":1024,"max_shared_memory_per_block":49152,"max_threads_per_block":1024,"registers_per_block":65536,"tag":"","thread_warp_size":32},[["TENSOR","float32",[4,8,8,1280]],["TENSOR","float32",[4,8,8,1280]]]]]
[0,[[[["GetBlock",[],["pad_temp","main"],["b0"]],["GetBlock",[],["pool_sum","main"],["b1"]],["GetBlock",[],["pool_avg","main"],["b2"]],["GetBlock",[],["root","main"],["b3"]],["Unannotate",["b2"],["schedule_rule"],[]],["ComputeInline",["b0"],[],[]],["GetConsumers",["b1"],[],["b4"]],["GetLoops",["b4"],[],["l5","l6","l7","l8"]],["SampleCategorical",[],[[4,8,16,32,64,128,256,512],[0.125,0.125,0.125,0.125,0.125,0.125,0.125,0.125]],["v9"]],["Split",["l8","None","v9"],[1],["l10","l11"]],["Bind",["l11"],["threadIdx.x"],[]],["ComputeAt",["b1","l10"],[1,-1],[]],["SetScope",["b1"],[0,"shared"],[]],["GetLoops",["b1"],[],["l12","l13","l14","l15","l16","l17","l18","l19","l20","l21"]],["Fuse",["l20","l21"],[1],["l22"]],["Split",["l22","None","v9"],[1],["l23","l24"]],["Bind",["l24"],["threadIdx.x"],[]],["SampleCategorical",[],[[0,16,64,512,1024],[0.2000000000000000111,0.2000000000000000111,0.2000000000000000111,0.2000000000000000111,0.2000000000000000111]],["v25"]],["Annotate",["b3","v25"],["meta_schedule.unroll_explicit"],[]],["GetLoops",["b2"],[],["l26","l27","l28","l29","l30"]],["Fuse",["l26","l27","l28","l29"],[1],["l31"]],["Bind",["l31"],["blockIdx.x"],[]],["EnterPostproc",[],[],[]],["GetBlock",[],["root","main"],["b32"]],["Unannotate",["b32"],["meta_schedule.unroll_explicit"],[]],["GetChildBlocks",["b32"],[],["b33","b34"]],["GetLoops",["b33"],[],["l35","l36","l37","l38","l39","l40","l41"]],["Annotate",["l35",64],["pragma_auto_unroll_max_step"],[]],["Annotate",["l35",1],["pragma_unroll_explicit"],[]],["GetLoops",["b34"],[],["l42","l43"]],["Annotate",["l42",64],["pragma_auto_unroll_max_step"],[]],["Annotate",["l42",1],["pragma_unroll_explicit"],[]]],[[8,0],[17,2]]],[0],{"arch":"sm_70","keys":["cuda","gpu"],"kind":"cuda","max_num_threads":1024,"max_shared_memory_per_block":49152,"max_threads_per_block":1024,"registers_per_block":65536,"tag":"","thread_warp_size":32},[["TENSOR","float32",[4,8,8,1280]],["TENSOR","float32",[4,8,8,1280]]]]]
[0,[[[["GetBlock",[],["pad_temp","main"],["b0"]],["GetBlock",[],["pool_sum","main"],["b1"]],["GetBlock",[],["pool_avg","main"],["b2"]],["GetBlock",[],["root","main"],["b3"]],["Unannotate",["b2"],["schedule_rule"],[]],["ComputeInline",["b0"],[],[]],["GetConsumers",["b1"],[],["b4"]],["GetLoops",["b4"],[],["l5","l6","l7","l8"]],["SampleCategorical",[],[[4,8,16,32,64,128,256,512],[0.125,0.125,0.125,0.125,0.125,0.125,0.125,0.125]],["v9"]],["Split",["l8","None","v9"],[1],["l10","l11"]],["Bind",["l11"],["threadIdx.x"],[]],["ComputeAt",["b1","l10"],[1,-1],[]],["SetScope",["b1"],[0,"shared"],[]],["GetLoops",["b1"],[],["l12","l13","l14","l15","l16","l17","l18","l19","l20","l21"]],["Fuse",["l20","l21"],[1],["l22"]],["Split",["l22","None","v9"],[1],["l23","l24"]],["Bind",["l24"],["threadIdx.x"],[]],["SampleCategorical",[],[[0,16,64,512,1024],[0.2000000000000000111,0.2000000000000000111,0.2000000000000000111,0.2000000000000000111,0.2000000000000000111]],["v25"]],["Annotate",["b3","v25"],["meta_schedule.unroll_explicit"],[]],["GetLoops",["b2"],[],["l26","l27","l28","l29","l30"]],["Fuse",["l26","l27","l28","l29"],[1],["l31"]],["Bind",["l31"],["blockIdx.x"],[]],["EnterPostproc",[],[],[]],["GetBlock",[],["root","main"],["b32"]],["Unannotate",["b32"],["meta_schedule.unroll_explicit"],[]],["GetChildBlocks",["b32"],[],["b33","b34"]],["GetLoops",["b33"],[],["l35","l36","l37","l38","l39","l40","l41"]],["GetLoops",["b34"],[],["l42","l43"]]],[[8,3],[17,0]]],[0],{"arch":"sm_70","keys":["cuda","gpu"],"kind":"cuda","max_num_threads":1024,"max_shared_memory_per_block":49152,"max_threads_per_block":1024,"registers_per_block":65536,"tag":"","thread_warp_size":32},[["TENSOR","float32",[4,8,8,1280]],["TENSOR","float32",[4,8,8,1280]]]]]
[0,[[[["GetBlock",[],["pad_temp","main"],["b0"]],["GetBlock",[],["pool_sum","main"],["b1"]],["GetBlock",[],["pool_avg","main"],["b2"]],["GetBlock",[],["root","main"],["b3"]],["Unannotate",["b2"],["schedule_rule"],[]],["ComputeInline",["b0"],[],[]],["GetConsumers",["b1"],[],["b4"]],["GetLoops",["b4"],[],["l5","l6","l7","l8"]],["SampleCategorical",[],[[4,8,16,32,64,128,256,512],[0.125,0.125,0.125,0.125,0.125,0.125,0.125,0.125]],["v9"]],["Split",["l8","None","v9"],[1],["l10","l11"]],["Bind",["l11"],["threadIdx.x"],[]],["ComputeAt",["b1","l10"],[1,-1],[]],["SetScope",["b1"],[0,"shared"],[]],["GetLoops",["b1"],[],["l12","l13","l14","l15","l16","l17","l18","l19","l20","l21"]],["Fuse",["l20","l21"],[1],["l22"]],["Split",["l22","None","v9"],[1],["l23","l24"]],["Bind",["l24"],["threadIdx.x"],[]],["SampleCategorical",[],[[0,16,64,512,1024],[0.2000000000000000111,0.2000000000000000111,0.2000000000000000111,0.2000000000000000111,0.2000000000000000111]],["v25"]],["Annotate",["b3","v25"],["meta_schedule.unroll_explicit"],[]],["GetLoops",["b2"],[],["l26","l27","l28","l29","l30"]],["Fuse",["l26","l27","l28","l29"],[1],["l31"]],["Bind",["l31"],["blockIdx.x"],[]],["EnterPostproc",[],[],[]],["GetBlock",[],["root","main"],["b32"]],["Unannotate",["b32"],["meta_schedule.unroll_explicit"],[]],["GetChildBlocks",["b32"],[],["b33","b34"]],["GetLoops",["b33"],[],["l35","l36","l37","l38","l39","l40","l41"]],["Annotate",["l35",512],["pragma_auto_unroll_max_step"],[]],["Annotate",["l35",1],["pragma_unroll_explicit"],[]],["GetLoops",["b34"],[],["l42","l43"]],["Annotate",["l42",512],["pragma_auto_unroll_max_step"],[]],["Annotate",["l42",1],["pragma_unroll_explicit"],[]]],[[8,5],[17,3]]],[0],{"arch":"sm_70","keys":["cuda","gpu"],"kind":"cuda","max_num_threads":1024,"max_shared_memory_per_block":49152,"max_threads_per_block":1024,"registers_per_block":65536,"tag":"","thread_warp_size":32},[["TENSOR","float32",[4,8,8,1280]],["TENSOR","float32",[4,8,8,1280]]]]]
[0,[[[["GetBlock",[],["pad_temp","main"],["b0"]],["GetBlock",[],["pool_sum","main"],["b1"]],["GetBlock",[],["pool_avg","main"],["b2"]],["GetBlock",[],["root","main"],["b3"]],["Unannotate",["b2"],["schedule_rule"],[]],["ComputeInline",["b0"],[],[]],["GetConsumers",["b1"],[],["b4"]],["GetLoops",["b4"],[],["l5","l6","l7","l8"]],["SampleCategorical",[],[[4,8,16,32,64,128,256,512],[0.125,0.125,0.125,0.125,0.125,0.125,0.125,0.125]],["v9"]],["Split",["l8","None","v9"],[1],["l10","l11"]],["Bind",["l11"],["threadIdx.x"],[]],["ComputeAt",["b1","l10"],[1,-1],[]],["SetScope",["b1"],[0,"shared"],[]],["GetLoops",["b1"],[],["l12","l13","l14","l15","l16","l17","l18","l19","l20","l21"]],["Fuse",["l20","l21"],[1],["l22"]],["Split",["l22","None","v9"],[1],["l23","l24"]],["Bind",["l24"],["threadIdx.x"],[]],["SampleCategorical",[],[[0,16,64,512,1024],[0.2000000000000000111,0.2000000000000000111,0.2000000000000000111,0.2000000000000000111,0.2000000000000000111]],["v25"]],["Annotate",["b3","v25"],["meta_schedule.unroll_explicit"],[]],["GetLoops",["b2"],[],["l26","l27","l28","l29","l30"]],["Fuse",["l26","l27","l28","l29"],[1],["l31"]],["Bind",["l31"],["blockIdx.x"],[]],["EnterPostproc",[],[],[]],["GetBlock",[],["root","main"],["b32"]],["Unannotate",["b32"],["meta_schedule.unroll_explicit"],[]],["GetChildBlocks",["b32"],[],["b33","b34"]],["GetLoops",["b33"],[],["l35","l36","l37","l38","l39","l40","l41"]],["Annotate",["l35",64],["pragma_auto_unroll_max_step"],[]],["Annotate",["l35",1],["pragma_unroll_explicit"],[]],["GetLoops",["b34"],[],["l42","l43"]],["Annotate",["l42",64],["pragma_auto_unroll_max_step"],[]],["Annotate",["l42",1],["pragma_unroll_explicit"],[]]],[[8,3],[17,2]]],[0],{"arch":"sm_70","keys":["cuda","gpu"],"kind":"cuda","max_num_threads":1024,"max_shared_memory_per_block":49152,"max_threads_per_block":1024,"registers_per_block":65536,"tag":"","thread_warp_size":32},[["TENSOR","float32",[4,8,8,1280]],["TENSOR","float32",[4,8,8,1280]]]]]
[0,[[[["GetBlock",[],["pad_temp","main"],["b0"]],["GetBlock",[],["pool_sum","main"],["b1"]],["GetBlock",[],["pool_avg","main"],["b2"]],["GetBlock",[],["root","main"],["b3"]],["Unannotate",["b2"],["schedule_rule"],[]],["ComputeInline",["b0"],[],[]],["GetConsumers",["b1"],[],["b4"]],["GetLoops",["b4"],[],["l5","l6","l7","l8"]],["SampleCategorical",[],[[4,8,16,32,64,128,256,512],[0.125,0.125,0.125,0.125,0.125,0.125,0.125,0.125]],["v9"]],["Split",["l8","None","v9"],[1],["l10","l11"]],["Bind",["l11"],["threadIdx.x"],[]],["ComputeAt",["b1","l10"],[1,-1],[]],["SetScope",["b1"],[0,"shared"],[]],["GetLoops",["b1"],[],["l12","l13","l14","l15","l16","l17","l18","l19","l20","l21"]],["Fuse",["l20","l21"],[1],["l22"]],["Split",["l22","None","v9"],[1],["l23","l24"]],["Bind",["l24"],["threadIdx.x"],[]],["SampleCategorical",[],[[0,16,64,512,1024],[0.2000000000000000111,0.2000000000000000111,0.2000000000000000111,0.2000000000000000111,0.2000000000000000111]],["v25"]],["Annotate",["b3","v25"],["meta_schedule.unroll_explicit"],[]],["GetLoops",["b2"],[],["l26","l27","l28","l29","l30"]],["Fuse",["l26","l27","l28","l29"],[1],["l31"]],["Bind",["l31"],["blockIdx.x"],[]],["EnterPostproc",[],[],[]],["GetBlock",[],["root","main"],["b32"]],["Unannotate",["b32"],["meta_schedule.unroll_explicit"],[]],["GetChildBlocks",["b32"],[],["b33","b34"]],["GetLoops",["b33"],[],["l35","l36","l37","l38","l39","l40","l41"]],["Annotate",["l35",64],["pragma_auto_unroll_max_step"],[]],["Annotate",["l35",1],["pragma_unroll_explicit"],[]],["GetLoops",["b34"],[],["l42","l43"]],["Annotate",["l42",64],["pragma_auto_unroll_max_step"],[]],["Annotate",["l42",1],["pragma_unroll_explicit"],[]]],[[8,5],[17,2]]],[0],{"arch":"sm_70","keys":["cuda","gpu"],"kind":"cuda","max_num_threads":1024,"max_shared_memory_per_block":49152,"max_threads_per_block":1024,"registers_per_block":65536,"tag":"","thread_warp_size":32},[["TENSOR","float32",[4,8,8,1280]],["TENSOR","float32",[4,8,8,1280]]]]]
[0,[[[["GetBlock",[],["pad_temp","main"],["b0"]],["GetBlock",[],["pool_sum","main"],["b1"]],["GetBlock",[],["pool_avg","main"],["b2"]],["GetBlock",[],["root","main"],["b3"]],["Unannotate",["b2"],["schedule_rule"],[]],["ComputeInline",["b0"],[],[]],["GetConsumers",["b1"],[],["b4"]],["GetLoops",["b4"],[],["l5","l6","l7","l8"]],["SampleCategorical",[],[[4,8,16,32,64,128,256,512],[0.125,0.125,0.125,0.125,0.125,0.125,0.125,0.125]],["v9"]],["Split",["l8","None","v9"],[1],["l10","l11"]],["Bind",["l11"],["threadIdx.x"],[]],["ComputeAt",["b1","l10"],[1,-1],[]],["SetScope",["b1"],[0,"shared"],[]],["GetLoops",["b1"],[],["l12","l13","l14","l15","l16","l17","l18","l19","l20","l21"]],["Fuse",["l20","l21"],[1],["l22"]],["Split",["l22","None","v9"],[1],["l23","l24"]],["Bind",["l24"],["threadIdx.x"],[]],["SampleCategorical",[],[[0,16,64,512,1024],[0.2000000000000000111,0.2000000000000000111,0.2000000000000000111,0.2000000000000000111,0.2000000000000000111]],["v25"]],["Annotate",["b3","v25"],["meta_schedule.unroll_explicit"],[]],["GetLoops",["b2"],[],["l26","l27","l28","l29","l30"]],["Fuse",["l26","l27","l28","l29"],[1],["l31"]],["Bind",["l31"],["blockIdx.x"],[]],["EnterPostproc",[],[],[]],["GetBlock",[],["root","main"],["b32"]],["Unannotate",["b32"],["meta_schedule.unroll_explicit"],[]],["GetChildBlocks",["b32"],[],["b33","b34"]],["GetLoops",["b33"],[],["l35","l36","l37","l38","l39","l40","l41"]],["Annotate",["l35",512],["pragma_auto_unroll_max_step"],[]],["Annotate",["l35",1],["pragma_unroll_explicit"],[]],["GetLoops",["b34"],[],["l42","l43"]],["Annotate",["l42",512],["pragma_auto_unroll_max_step"],[]],["Annotate",["l42",1],["pragma_unroll_explicit"],[]]],[[8,4],[17,3]]],[0],{"arch":"sm_70","keys":["cuda","gpu"],"kind":"cuda","max_num_threads":1024,"max_shared_memory_per_block":49152,"max_threads_per_block":1024,"registers_per_block":65536,"tag":"","thread_warp_size":32},[["TENSOR","float32",[4,8,8,1280]],["TENSOR","float32",[4,8,8,1280]]]]]
[0,[[[["GetBlock",[],["pad_temp","main"],["b0"]],["GetBlock",[],["pool_sum","main"],["b1"]],["GetBlock",[],["pool_avg","main"],["b2"]],["GetBlock",[],["root","main"],["b3"]],["Unannotate",["b2"],["schedule_rule"],[]],["ComputeInline",["b0"],[],[]],["SampleCategorical",[],[[0,16,64,512,1024],[0.2000000000000000111,0.2000000000000000111,0.2000000000000000111,0.2000000000000000111,0.2000000000000000111]],["v4"]],["Annotate",["b3","v4"],["meta_schedule.unroll_explicit"],[]],["GetLoops",["b2"],[],["l5","l6","l7","l8"]],["Fuse",["l5","l6","l7","l8"],[1],["l9"]],["Split",["l9","None",256,1024],[1],["l10","l11","l12"]],["Reorder",["l11","l12","l10"],[],[]],["Bind",["l11"],["blockIdx.x"],[]],["Bind",["l12"],["threadIdx.x"],[]],["GetLoops",["b1"],[],["l13","l14","l15","l16","l17","l18"]],["Fuse",["l13","l14","l15","l16"],[1],["l19"]],["Split",["l19","None",256,1024],[1],["l20","l21","l22"]],["Reorder",["l21","l22","l20"],[],[]],["Bind",["l21"],["blockIdx.x"],[]],["Bind",["l22"],["threadIdx.x"],[]],["EnterPostproc",[],[],[]],["GetBlock",[],["root","main"],["b23"]],["Unannotate",["b23"],["meta_schedule.unroll_explicit"],[]],["GetChildBlocks",["b23"],[],["b24","b25"]],["GetLoops",["b24"],[],["l26","l27","l28","l29","l30"]],["Annotate",["l26",1024],["pragma_auto_unroll_max_step"],[]],["Annotate",["l26",1],["pragma_unroll_explicit"],[]],["GetLoops",["b25"],[],["l31","l32","l33"]],["Annotate",["l31",1024],["pragma_auto_unroll_max_step"],[]],["Annotate",["l31",1],["pragma_unroll_explicit"],[]],["GetBlock",[],["pool_sum","main"],["b34"]],["GetLoops",["b34"],[],["l35","l36","l37","l38","l39"]],["DecomposeReduction",["b34","l38"],[],["b40"]]],[[6,4]]],[0],{"arch":"sm_70","keys":["cuda","gpu"],"kind":"cuda","max_num_threads":1024,"max_shared_memory_per_block":49152,"max_threads_per_block":1024,"registers_per_block":65536,"tag":"","thread_warp_size":32},[["TENSOR","float32",[4,8,8,1280]],["TENSOR","float32",[4,8,8,1280]]]]]
[0,[[[["GetBlock",[],["pad_temp","main"],["b0"]],["GetBlock",[],["pool_sum","main"],["b1"]],["GetBlock",[],["pool_avg","main"],["b2"]],["GetBlock",[],["root","main"],["b3"]],["Unannotate",["b2"],["schedule_rule"],[]],["ComputeInline",["b0"],[],[]],["SampleCategorical",[],[[0,16,64,512,1024],[0.2000000000000000111,0.2000000000000000111,0.2000000000000000111,0.2000000000000000111,0.2000000000000000111]],["v4"]],["Annotate",["b3","v4"],["meta_schedule.unroll_explicit"],[]],["GetLoops",["b2"],[],["l5","l6","l7","l8"]],["Fuse",["l5","l6","l7","l8"],[1],["l9"]],["Split",["l9","None",256,1024],[1],["l10","l11","l12"]],["Reorder",["l11","l12","l10"],[],[]],["Bind",["l11"],["blockIdx.x"],[]],["Bind",["l12"],["threadIdx.x"],[]],["GetLoops",["b1"],[],["l13","l14","l15","l16","l17","l18"]],["Fuse",["l13","l14","l15","l16"],[1],["l19"]],["Split",["l19","None",256,1024],[1],["l20","l21","l22"]],["Reorder",["l21","l22","l20"],[],[]],["Bind",["l21"],["blockIdx.x"],[]],["Bind",["l22"],["threadIdx.x"],[]],["EnterPostproc",[],[],[]],["GetBlock",[],["root","main"],["b23"]],["Unannotate",["b23"],["meta_schedule.unroll_explicit"],[]],["GetChildBlocks",["b23"],[],["b24","b25"]],["GetLoops",["b24"],[],["l26","l27","l28","l29","l30"]],["Annotate",["l26",512],["pragma_auto_unroll_max_step"],[]],["Annotate",["l26",1],["pragma_unroll_explicit"],[]],["GetLoops",["b25"],[],["l31","l32","l33"]],["Annotate",["l31",512],["pragma_auto_unroll_max_step"],[]],["Annotate",["l31",1],["pragma_unroll_explicit"],[]],["GetBlock",[],["pool_sum","main"],["b34"]],["GetLoops",["b34"],[],["l35","l36","l37","l38","l39"]],["DecomposeReduction",["b34","l38"],[],["b40"]]],[[6,3]]],[0],{"arch":"sm_70","keys":["cuda","gpu"],"kind":"cuda","max_num_threads":1024,"max_shared_memory_per_block":49152,"max_threads_per_block":1024,"registers_per_block":65536,"tag":"","thread_warp_size":32},[["TENSOR","float32",[4,8,8,1280]],["TENSOR","float32",[4,8,8,1280]]]]]
[0,[[[["GetBlock",[],["pad_temp","main"],["b0"]],["GetBlock",[],["pool_sum","main"],["b1"]],["GetBlock",[],["pool_avg","main"],["b2"]],["GetBlock",[],["root","main"],["b3"]],["Unannotate",["b2"],["schedule_rule"],[]],["ComputeInline",["b0"],[],[]],["GetConsumers",["b1"],[],["b4"]],["GetLoops",["b4"],[],["l5","l6","l7","l8"]],["SampleCategorical",[],[[4,8,16,32,64,128,256,512],[0.125,0.125,0.125,0.125,0.125,0.125,0.125,0.125]],["v9"]],["Split",["l8","None","v9"],[1],["l10","l11"]],["Bind",["l11"],["threadIdx.x"],[]],["ComputeAt",["b1","l10"],[1,-1],[]],["SetScope",["b1"],[0,"shared"],[]],["GetLoops",["b1"],[],["l12","l13","l14","l15","l16","l17","l18","l19","l20","l21"]],["Fuse",["l20","l21"],[1],["l22"]],["Split",["l22","None","v9"],[1],["l23","l24"]],["Bind",["l24"],["threadIdx.x"],[]],["SampleCategorical",[],[[0,16,64,512,1024],[0.2000000000000000111,0.2000000000000000111,0.2000000000000000111,0.2000000000000000111,0.2000000000000000111]],["v25"]],["Annotate",["b3","v25"],["meta_schedule.unroll_explicit"],[]],["GetLoops",["b2"],[],["l26","l27","l28","l29","l30"]],["Fuse",["l26","l27","l28","l29"],[1],["l31"]],["Bind",["l31"],["blockIdx.x"],[]],["EnterPostproc",[],[],[]],["GetBlock",[],["root","main"],["b32"]],["Unannotate",["b32"],["meta_schedule.unroll_explicit"],[]],["GetChildBlocks",["b32"],[],["b33","b34"]],["GetLoops",["b33"],[],["l35","l36","l37","l38","l39","l40","l41"]],["Annotate",["l35",1024],["pragma_auto_unroll_max_step"],[]],["Annotate",["l35",1],["pragma_unroll_explicit"],[]],["GetLoops",["b34"],[],["l42","l43"]],["Annotate",["l42",1024],["pragma_auto_unroll_max_step"],[]],["Annotate",["l42",1],["pragma_unroll_explicit"],[]]],[[8,7],[17,4]]],[0],{"arch":"sm_70","keys":["cuda","gpu"],"kind":"cuda","max_num_threads":1024,"max_shared_memory_per_block":49152,"max_threads_per_block":1024,"registers_per_block":65536,"tag":"","thread_warp_size":32},[["TENSOR","float32",[4,8,8,1280]],["TENSOR","float32",[4,8,8,1280]]]]]
[0,[[[["GetBlock",[],["pad_temp","main"],["b0"]],["GetBlock",[],["pool_sum","main"],["b1"]],["GetBlock",[],["pool_avg","main"],["b2"]],["GetBlock",[],["root","main"],["b3"]],["Unannotate",["b2"],["schedule_rule"],[]],["ComputeInline",["b0"],[],[]],["GetConsumers",["b1"],[],["b4"]],["GetLoops",["b4"],[],["l5","l6","l7","l8"]],["SampleCategorical",[],[[4,8,16,32,64,128,256,512],[0.125,0.125,0.125,0.125,0.125,0.125,0.125,0.125]],["v9"]],["Split",["l8","None","v9"],[1],["l10","l11"]],["Bind",["l11"],["threadIdx.x"],[]],["ComputeAt",["b1","l10"],[1,-1],[]],["SetScope",["b1"],[0,"shared"],[]],["GetLoops",["b1"],[],["l12","l13","l14","l15","l16","l17","l18","l19","l20","l21"]],["Fuse",["l20","l21"],[1],["l22"]],["Split",["l22","None","v9"],[1],["l23","l24"]],["Bind",["l24"],["threadIdx.x"],[]],["SampleCategorical",[],[[0,16,64,512,1024],[0.2000000000000000111,0.2000000000000000111,0.2000000000000000111,0.2000000000000000111,0.2000000000000000111]],["v25"]],["Annotate",["b3","v25"],["meta_schedule.unroll_explicit"],[]],["GetLoops",["b2"],[],["l26","l27","l28","l29","l30"]],["Fuse",["l26","l27","l28","l29"],[1],["l31"]],["Bind",["l31"],["blockIdx.x"],[]],["EnterPostproc",[],[],[]],["GetBlock",[],["root","main"],["b32"]],["Unannotate",["b32"],["meta_schedule.unroll_explicit"],[]],["GetChildBlocks",["b32"],[],["b33","b34"]],["GetLoops",["b33"],[],["l35","l36","l37","l38","l39","l40","l41"]],["Annotate",["l35",1024],["pragma_auto_unroll_max_step"],[]],["Annotate",["l35",1],["pragma_unroll_explicit"],[]],["GetLoops",["b34"],[],["l42","l43"]],["Annotate",["l42",1024],["pragma_auto_unroll_max_step"],[]],["Annotate",["l42",1],["pragma_unroll_explicit"],[]]],[[8,1],[17,4]]],[0],{"arch":"sm_70","keys":["cuda","gpu"],"kind":"cuda","max_num_threads":1024,"max_shared_memory_per_block":49152,"max_threads_per_block":1024,"registers_per_block":65536,"tag":"","thread_warp_size":32},[["TENSOR","float32",[4,8,8,1280]],["TENSOR","float32",[4,8,8,1280]]]]]
[0,[[[["GetBlock",[],["pad_temp","main"],["b0"]],["GetBlock",[],["pool_sum","main"],["b1"]],["GetBlock",[],["pool_avg","main"],["b2"]],["GetBlock",[],["root","main"],["b3"]],["Unannotate",["b2"],["schedule_rule"],[]],["ComputeInline",["b0"],[],[]],["GetConsumers",["b1"],[],["b4"]],["GetLoops",["b4"],[],["l5","l6","l7","l8"]],["SampleCategorical",[],[[4,8,16,32,64,128,256,512],[0.125,0.125,0.125,0.125,0.125,0.125,0.125,0.125]],["v9"]],["Split",["l8","None","v9"],[1],["l10","l11"]],["Bind",["l11"],["threadIdx.x"],[]],["ComputeAt",["b1","l10"],[1,-1],[]],["SetScope",["b1"],[0,"shared"],[]],["GetLoops",["b1"],[],["l12","l13","l14","l15","l16","l17","l18","l19","l20","l21"]],["Fuse",["l20","l21"],[1],["l22"]],["Split",["l22","None","v9"],[1],["l23","l24"]],["Bind",["l24"],["threadIdx.x"],[]],["SampleCategorical",[],[[0,16,64,512,1024],[0.2000000000000000111,0.2000000000000000111,0.2000000000000000111,0.2000000000000000111,0.2000000000000000111]],["v25"]],["Annotate",["b3","v25"],["meta_schedule.unroll_explicit"],[]],["GetLoops",["b2"],[],["l26","l27","l28","l29","l30"]],["Fuse",["l26","l27","l28","l29"],[1],["l31"]],["Bind",["l31"],["blockIdx.x"],[]],["EnterPostproc",[],[],[]],["GetBlock",[],["root","main"],["b32"]],["Unannotate",["b32"],["meta_schedule.unroll_explicit"],[]],["GetChildBlocks",["b32"],[],["b33","b34"]],["GetLoops",["b33"],[],["l35","l36","l37","l38","l39","l40","l41"]],["Annotate",["l35",64],["pragma_auto_unroll_max_step"],[]],["Annotate",["l35",1],["pragma_unroll_explicit"],[]],["GetLoops",["b34"],[],["l42","l43"]],["Annotate",["l42",64],["pragma_auto_unroll_max_step"],[]],["Annotate",["l42",1],["pragma_unroll_explicit"],[]]],[[8,2],[17,2]]],[0],{"arch":"sm_70","keys":["cuda","gpu"],"kind":"cuda","max_num_threads":1024,"max_shared_memory_per_block":49152,"max_threads_per_block":1024,"registers_per_block":65536,"tag":"","thread_warp_size":32},[["TENSOR","float32",[4,8,8,1280]],["TENSOR","float32",[4,8,8,1280]]]]]
[0,[[[["GetBlock",[],["pad_temp","main"],["b0"]],["GetBlock",[],["pool_sum","main"],["b1"]],["GetBlock",[],["pool_avg","main"],["b2"]],["GetBlock",[],["root","main"],["b3"]],["Unannotate",["b2"],["schedule_rule"],[]],["ComputeInline",["b0"],[],[]],["GetConsumers",["b1"],[],["b4"]],["GetLoops",["b4"],[],["l5","l6","l7","l8"]],["SampleCategorical",[],[[4,8,16,32,64,128,256,512],[0.125,0.125,0.125,0.125,0.125,0.125,0.125,0.125]],["v9"]],["Split",["l8","None","v9"],[1],["l10","l11"]],["Bind",["l11"],["threadIdx.x"],[]],["ComputeAt",["b1","l10"],[1,-1],[]],["SetScope",["b1"],[0,"shared"],[]],["GetLoops",["b1"],[],["l12","l13","l14","l15","l16","l17","l18","l19","l20","l21"]],["Fuse",["l20","l21"],[1],["l22"]],["Split",["l22","None","v9"],[1],["l23","l24"]],["Bind",["l24"],["threadIdx.x"],[]],["SampleCategorical",[],[[0,16,64,512,1024],[0.2000000000000000111,0.2000000000000000111,0.2000000000000000111,0.2000000000000000111,0.2000000000000000111]],["v25"]],["Annotate",["b3","v25"],["meta_schedule.unroll_explicit"],[]],["GetLoops",["b2"],[],["l26","l27","l28","l29","l30"]],["Fuse",["l26","l27","l28","l29"],[1],["l31"]],["Bind",["l31"],["blockIdx.x"],[]],["EnterPostproc",[],[],[]],["GetBlock",[],["root","main"],["b32"]],["Unannotate",["b32"],["meta_schedule.unroll_explicit"],[]],["GetChildBlocks",["b32"],[],["b33","b34"]],["GetLoops",["b33"],[],["l35","l36","l37","l38","l39","l40","l41"]],["Annotate",["l35",64],["pragma_auto_unroll_max_step"],[]],["Annotate",["l35",1],["pragma_unroll_explicit"],[]],["GetLoops",["b34"],[],["l42","l43"]],["Annotate",["l42",64],["pragma_auto_unroll_max_step"],[]],["Annotate",["l42",1],["pragma_unroll_explicit"],[]]],[[8,7],[17,2]]],[0],{"arch":"sm_70","keys":["cuda","gpu"],"kind":"cuda","max_num_threads":1024,"max_shared_memory_per_block":49152,"max_threads_per_block":1024,"registers_per_block":65536,"tag":"","thread_warp_size":32},[["TENSOR","float32",[4,8,8,1280]],["TENSOR","float32",[4,8,8,1280]]]]]
[0,[[[["GetBlock",[],["pad_temp","main"],["b0"]],["GetBlock",[],["pool_sum","main"],["b1"]],["GetBlock",[],["pool_avg","main"],["b2"]],["GetBlock",[],["root","main"],["b3"]],["Unannotate",["b2"],["schedule_rule"],[]],["ComputeInline",["b0"],[],[]],["GetConsumers",["b1"],[],["b4"]],["GetLoops",["b4"],[],["l5","l6","l7","l8"]],["SampleCategorical",[],[[4,8,16,32,64,128,256,512],[0.125,0.125,0.125,0.125,0.125,0.125,0.125,0.125]],["v9"]],["Split",["l8","None","v9"],[1],["l10","l11"]],["Bind",["l11"],["threadIdx.x"],[]],["ComputeAt",["b1","l10"],[1,-1],[]],["SetScope",["b1"],[0,"shared"],[]],["GetLoops",["b1"],[],["l12","l13","l14","l15","l16","l17","l18","l19","l20","l21"]],["Fuse",["l20","l21"],[1],["l22"]],["Split",["l22","None","v9"],[1],["l23","l24"]],["Bind",["l24"],["threadIdx.x"],[]],["SampleCategorical",[],[[0,16,64,512,1024],[0.2000000000000000111,0.2000000000000000111,0.2000000000000000111,0.2000000000000000111,0.2000000000000000111]],["v25"]],["Annotate",["b3","v25"],["meta_schedule.unroll_explicit"],[]],["GetLoops",["b2"],[],["l26","l27","l28","l29","l30"]],["Fuse",["l26","l27","l28","l29"],[1],["l31"]],["Bind",["l31"],["blockIdx.x"],[]],["EnterPostproc",[],[],[]],["GetBlock",[],["root","main"],["b32"]],["Unannotate",["b32"],["meta_schedule.unroll_explicit"],[]],["GetChildBlocks",["b32"],[],["b33","b34"]],["GetLoops",["b33"],[],["l35","l36","l37","l38","l39","l40","l41"]],["Annotate",["l35",1024],["pragma_auto_unroll_max_step"],[]],["Annotate",["l35",1],["pragma_unroll_explicit"],[]],["GetLoops",["b34"],[],["l42","l43"]],["Annotate",["l42",1024],["pragma_auto_unroll_max_step"],[]],["Annotate",["l42",1],["pragma_unroll_explicit"],[]]],[[8,6],[17,4]]],[0],{"arch":"sm_70","keys":["cuda","gpu"],"kind":"cuda","max_num_threads":1024,"max_shared_memory_per_block":49152,"max_threads_per_block":1024,"registers_per_block":65536,"tag":"","thread_warp_size":32},[["TENSOR","float32",[4,8,8,1280]],["TENSOR","float32",[4,8,8,1280]]]]]
