[0,[[[["GetBlock",[],["T_concat","main"],["b0"]],["GetBlock",[],["T_add","main"],["b1"]],["GetBlock",[],["T_relu","main"],["b2"]],["ReverseComputeInline",["b2"],[],[]],["ReverseComputeInline",["b1"],[],[]],["GetLoops",["b0"],[],["l3","l4","l5","l6"]],["Fuse",["l3","l4","l5","l6"],[1],["l7"]],["Split",["l7","None",256,1024],[1],["l8","l9","l10"]],["Reorder",["l9","l10","l8"],[],[]],["Bind",["l9"],["blockIdx.x"],[]],["Bind",["l10"],["threadIdx.x"],[]],["EnterPostproc",[],[],[]]],[]],[0],{"arch":"sm_70","keys":["cuda","gpu"],"kind":"cuda","max_num_threads":1024,"max_shared_memory_per_block":49152,"max_threads_per_block":1024,"registers_per_block":65536,"tag":"","thread_warp_size":32},[["TENSOR","float32",[1,56,56,64]],["TENSOR","float32",[1,56,56,32]],["TENSOR","float32",[1,56,56,32]],["TENSOR","float32",[1,56,56,32]],["TENSOR","float32",[1,1,1,160]],["TENSOR","float32",[1,56,56,160]]]]]
