[0,[[[["GetBlock",[],["T_reshape","main"],["b0"]],["GetBlock",[],["T_squeeze","main"],["b1"]],["GetBlock",[],["T_add","main"],["b2"]],["GetBlock",[],["T_reshape_1","main"],["b3"]],["GetBlock",[],["T_transpose","main"],["b4"]],["GetBlock",[],["T_broadcast_to","main"],["b5"]],["GetBlock",[],["T_reshape_2","main"],["b6"]],["ReverseComputeInline",["b6"],[],[]],["ReverseComputeInline",["b5"],[],[]],["ReverseComputeInline",["b4"],[],[]],["ReverseComputeInline",["b3"],[],[]],["ReverseComputeInline",["b2"],[],[]],["ReverseComputeInline",["b1"],[],[]],["GetLoops",["b0"],[],["l7","l8","l9"]],["Fuse",["l7","l8","l9"],[1],["l10"]],["SampleCategorical",[],[[32,64,128,256,512,1024],[0.16666666666666665741,0.16666666666666665741,0.16666666666666665741,0.16666666666666665741,0.16666666666666665741,0.16666666666666665741]],["v11"]],["Split",["l10","None","v11"],[1],["l12","l13"]],["Bind",["l12"],["blockIdx.x"],[]],["Bind",["l13"],["threadIdx.x"],[]],["EnterPostproc",[],[],[]]],[[15,4]]],[0],{"arch":"sm_70","keys":["cuda","gpu"],"kind":"cuda","max_num_threads":1024,"max_shared_memory_per_block":49152,"max_threads_per_block":1024,"registers_per_block":65536,"tag":"","thread_warp_size":32},[["TENSOR","float32",[2,128,512]],["TENSOR","float32",[512]],["TENSOR","float32",[16,64,128]]]]]
[0,[[[["GetBlock",[],["T_reshape","main"],["b0"]],["GetBlock",[],["T_squeeze","main"],["b1"]],["GetBlock",[],["T_add","main"],["b2"]],["GetBlock",[],["T_reshape_1","main"],["b3"]],["GetBlock",[],["T_transpose","main"],["b4"]],["GetBlock",[],["T_broadcast_to","main"],["b5"]],["GetBlock",[],["T_reshape_2","main"],["b6"]],["ReverseComputeInline",["b6"],[],[]],["ReverseComputeInline",["b5"],[],[]],["ReverseComputeInline",["b4"],[],[]],["ReverseComputeInline",["b3"],[],[]],["ReverseComputeInline",["b2"],[],[]],["ReverseComputeInline",["b1"],[],[]],["GetLoops",["b0"],[],["l7","l8","l9"]],["Fuse",["l7","l8","l9"],[1],["l10"]],["SampleCategorical",[],[[32,64,128,256,512,1024],[0.16666666666666665741,0.16666666666666665741,0.16666666666666665741,0.16666666666666665741,0.16666666666666665741,0.16666666666666665741]],["v11"]],["Split",["l10","None","v11"],[1],["l12","l13"]],["Bind",["l12"],["blockIdx.x"],[]],["Bind",["l13"],["threadIdx.x"],[]],["EnterPostproc",[],[],[]]],[[15,2]]],[0],{"arch":"sm_70","keys":["cuda","gpu"],"kind":"cuda","max_num_threads":1024,"max_shared_memory_per_block":49152,"max_threads_per_block":1024,"registers_per_block":65536,"tag":"","thread_warp_size":32},[["TENSOR","float32",[2,128,512]],["TENSOR","float32",[512]],["TENSOR","float32",[16,64,128]]]]]
[0,[[[["GetBlock",[],["T_reshape","main"],["b0"]],["GetBlock",[],["T_squeeze","main"],["b1"]],["GetBlock",[],["T_add","main"],["b2"]],["GetBlock",[],["T_reshape_1","main"],["b3"]],["GetBlock",[],["T_transpose","main"],["b4"]],["GetBlock",[],["T_broadcast_to","main"],["b5"]],["GetBlock",[],["T_reshape_2","main"],["b6"]],["ReverseComputeInline",["b6"],[],[]],["ReverseComputeInline",["b5"],[],[]],["ReverseComputeInline",["b4"],[],[]],["ReverseComputeInline",["b3"],[],[]],["ReverseComputeInline",["b2"],[],[]],["ReverseComputeInline",["b1"],[],[]],["GetLoops",["b0"],[],["l7","l8","l9"]],["Fuse",["l7","l8","l9"],[1],["l10"]],["SampleCategorical",[],[[32,64,128,256,512,1024],[0.16666666666666665741,0.16666666666666665741,0.16666666666666665741,0.16666666666666665741,0.16666666666666665741,0.16666666666666665741]],["v11"]],["Split",["l10","None","v11"],[1],["l12","l13"]],["Bind",["l12"],["blockIdx.x"],[]],["Bind",["l13"],["threadIdx.x"],[]],["EnterPostproc",[],[],[]]],[[15,1]]],[0],{"arch":"sm_70","keys":["cuda","gpu"],"kind":"cuda","max_num_threads":1024,"max_shared_memory_per_block":49152,"max_threads_per_block":1024,"registers_per_block":65536,"tag":"","thread_warp_size":32},[["TENSOR","float32",[2,128,512]],["TENSOR","float32",[512]],["TENSOR","float32",[16,64,128]]]]]
[0,[[[["GetBlock",[],["T_reshape","main"],["b0"]],["GetBlock",[],["T_squeeze","main"],["b1"]],["GetBlock",[],["T_add","main"],["b2"]],["GetBlock",[],["T_reshape_1","main"],["b3"]],["GetBlock",[],["T_transpose","main"],["b4"]],["GetBlock",[],["T_broadcast_to","main"],["b5"]],["GetBlock",[],["T_reshape_2","main"],["b6"]],["ReverseComputeInline",["b6"],[],[]],["ReverseComputeInline",["b5"],[],[]],["ReverseComputeInline",["b4"],[],[]],["ReverseComputeInline",["b3"],[],[]],["ReverseComputeInline",["b2"],[],[]],["ReverseComputeInline",["b1"],[],[]],["GetLoops",["b0"],[],["l7","l8","l9"]],["Fuse",["l7","l8","l9"],[1],["l10"]],["SampleCategorical",[],[[32,64,128,256,512,1024],[0.16666666666666665741,0.16666666666666665741,0.16666666666666665741,0.16666666666666665741,0.16666666666666665741,0.16666666666666665741]],["v11"]],["Split",["l10","None","v11"],[1],["l12","l13"]],["Bind",["l12"],["blockIdx.x"],[]],["Bind",["l13"],["threadIdx.x"],[]],["EnterPostproc",[],[],[]]],[[15,3]]],[0],{"arch":"sm_70","keys":["cuda","gpu"],"kind":"cuda","max_num_threads":1024,"max_shared_memory_per_block":49152,"max_threads_per_block":1024,"registers_per_block":65536,"tag":"","thread_warp_size":32},[["TENSOR","float32",[2,128,512]],["TENSOR","float32",[512]],["TENSOR","float32",[16,64,128]]]]]
[0,[[[["GetBlock",[],["T_reshape","main"],["b0"]],["GetBlock",[],["T_squeeze","main"],["b1"]],["GetBlock",[],["T_add","main"],["b2"]],["GetBlock",[],["T_reshape_1","main"],["b3"]],["GetBlock",[],["T_transpose","main"],["b4"]],["GetBlock",[],["T_broadcast_to","main"],["b5"]],["GetBlock",[],["T_reshape_2","main"],["b6"]],["ReverseComputeInline",["b6"],[],[]],["ReverseComputeInline",["b5"],[],[]],["ReverseComputeInline",["b4"],[],[]],["ReverseComputeInline",["b3"],[],[]],["ReverseComputeInline",["b2"],[],[]],["ReverseComputeInline",["b1"],[],[]],["GetLoops",["b0"],[],["l7","l8","l9"]],["Fuse",["l7","l8","l9"],[1],["l10"]],["SampleCategorical",[],[[32,64,128,256,512,1024],[0.16666666666666665741,0.16666666666666665741,0.16666666666666665741,0.16666666666666665741,0.16666666666666665741,0.16666666666666665741]],["v11"]],["Split",["l10","None","v11"],[1],["l12","l13"]],["Bind",["l12"],["blockIdx.x"],[]],["Bind",["l13"],["threadIdx.x"],[]],["EnterPostproc",[],[],[]]],[[15,0]]],[0],{"arch":"sm_70","keys":["cuda","gpu"],"kind":"cuda","max_num_threads":1024,"max_shared_memory_per_block":49152,"max_threads_per_block":1024,"registers_per_block":65536,"tag":"","thread_warp_size":32},[["TENSOR","float32",[2,128,512]],["TENSOR","float32",[512]],["TENSOR","float32",[16,64,128]]]]]
[0,[[[["GetBlock",[],["T_reshape","main"],["b0"]],["GetBlock",[],["T_squeeze","main"],["b1"]],["GetBlock",[],["T_add","main"],["b2"]],["GetBlock",[],["T_reshape_1","main"],["b3"]],["GetBlock",[],["T_transpose","main"],["b4"]],["GetBlock",[],["T_broadcast_to","main"],["b5"]],["GetBlock",[],["T_reshape_2","main"],["b6"]],["ReverseComputeInline",["b6"],[],[]],["ReverseComputeInline",["b5"],[],[]],["ReverseComputeInline",["b4"],[],[]],["ReverseComputeInline",["b3"],[],[]],["ReverseComputeInline",["b2"],[],[]],["ReverseComputeInline",["b1"],[],[]],["GetLoops",["b0"],[],["l7","l8","l9"]],["Fuse",["l7","l8","l9"],[1],["l10"]],["SampleCategorical",[],[[32,64,128,256,512,1024],[0.16666666666666665741,0.16666666666666665741,0.16666666666666665741,0.16666666666666665741,0.16666666666666665741,0.16666666666666665741]],["v11"]],["Split",["l10","None","v11"],[1],["l12","l13"]],["Bind",["l12"],["blockIdx.x"],[]],["Bind",["l13"],["threadIdx.x"],[]],["EnterPostproc",[],[],[]]],[[15,5]]],[0],{"arch":"sm_70","keys":["cuda","gpu"],"kind":"cuda","max_num_threads":1024,"max_shared_memory_per_block":49152,"max_threads_per_block":1024,"registers_per_block":65536,"tag":"","thread_warp_size":32},[["TENSOR","float32",[2,128,512]],["TENSOR","float32",[512]],["TENSOR","float32",[16,64,128]]]]]
