[0,[[[["GetBlock",[],["pad_temp","main"],["b0"]],["GetBlock",[],["conv2d_nhwc","main"],["b1"]],["GetBlock",[],["T_add","main"],["b2"]],["GetBlock",[],["T_add_1","main"],["b3"]],["GetBlock",[],["T_relu","main"],["b4"]],["GetBlock",[],["root","main"],["b5"]],["Annotate",["b1","\"SSSRRSRS\""],["meta_schedule.tiling_structure"],[]],["GetLoops",["b1"],[],["l6","l7","l8","l9","l10","l11","l12"]],["SamplePerfectTile",["l6"],[5,64],["v13","v14","v15","v16","v17"]],["Split",["l6","v13","v14","v15","v16","v17"],[1],["l18","l19","l20","l21","l22"]],["SamplePerfectTile",["l7"],[5,64],["v23","v24","v25","v26","v27"]],["Split",["l7","v23","v24","v25","v26","v27"],[1],["l28","l29","l30","l31","l32"]],["SamplePerfectTile",["l8"],[5,64],["v33","v34","v35","v36","v37"]],["Split",["l8","v33","v34","v35","v36","v37"],[1],["l38","l39","l40","l41","l42"]],["SamplePerfectTile",["l9"],[5,64],["v43","v44","v45","v46","v47"]],["Split",["l9","v43","v44","v45","v46","v47"],[1],["l48","l49","l50","l51","l52"]],["SamplePerfectTile",["l10"],[3,64],["v53","v54","v55"]],["Split",["l10","v53","v54","v55"],[1],["l56","l57","l58"]],["SamplePerfectTile",["l11"],[3,64],["v59","v60","v61"]],["Split",["l11","v59","v60","v61"],[1],["l62","l63","l64"]],["SamplePerfectTile",["l12"],[3,64],["v65","v66","v67"]],["Split",["l12","v65","v66","v67"],[1],["l68","l69","l70"]],["Reorder",["l18","l28","l38","l48","l19","l29","l39","l49","l20","l30","l40","l50","l56","l62","l68","l57","l63","l69","l21","l31","l41","l51","l58","l64","l70","l22","l32","l42","l52"],[],[]],["Fuse",["l18","l28","l38","l48"],[1],["l71"]],["Bind",["l71"],["blockIdx.x"],[]],["Fuse",["l19","l29","l39","l49"],[1],["l72"]],["Bind",["l72"],["vthread.x"],[]],["Fuse",["l20","l30","l40","l50"],[1],["l73"]],["Bind",["l73"],["threadIdx.x"],[]],["Annotate",["b1",32],["meta_schedule.thread_extent_low_inclusive"],[]],["Annotate",["b1",1024],["meta_schedule.thread_extent_high_inclusive"],[]],["CacheWrite",["b1",[]],[0,"local"],["b74"]],["ReverseComputeAt",["b74","l73"],[1,-1],[]],["CacheRead",["b1",["b1"]],[0,"shared"],["b75"]],["ComputeAt",["b75","l68"],[1,-1],[]],["GetLoops",["b75"],[],["l76","l77","l78","l79","l80","l81","l82","l83","l84","l85"]],["Fuse",["l82","l83","l84","l85"],[1],["l86"]],["SampleCategorical",[],[[1,2,3,4],[0.25,0.25,0.25,0.25]],["v87"]],["Annotate",["b75","v87"],["meta_schedule.cooperative_fetch"],[]],["CacheRead",["b1",["b1"]],[1,"shared"],["b88"]],["ComputeAt",["b88","l68"],[1,-1],[]],["GetLoops",["b88"],[],["l89","l90","l91","l92","l93","l94","l95","l96","l97","l98"]],["Fuse",["l95","l96","l97","l98"],[1],["l99"]],["SampleCategorical",[],[[1,2,3,4],[0.25,0.25,0.25,0.25]],["v100"]],["Annotate",["b88","v100"],["meta_schedule.cooperative_fetch"],[]],["ReverseComputeInline",["b4"],[],[]],["ReverseComputeInline",["b3"],[],[]],["ReverseComputeInline",["b2"],[],[]],["ComputeInline",["b0"],[],[]],["SampleCategorical",[],[[0,16,64,512,1024],[0.2000000000000000111,0.2000000000000000111,0.2000000000000000111,0.2000000000000000111,0.2000000000000000111]],["v101"]],["Annotate",["b5","v101"],["meta_schedule.unroll_explicit"],[]],["EnterPostproc",[],[],[]],["Unannotate",["b75"],["meta_schedule.cooperative_fetch"],[]],["GetLoops",["b75"],[],["l102","l103","l104","l105","l106","l107","l108"]],["Split",["l108","None",64],[1],["l109","l110"]],["Bind",["l110"],["threadIdx.x"],[]],["Unannotate",["b88"],["meta_schedule.cooperative_fetch"],[]],["GetLoops",["b88"],[],["l111","l112","l113","l114","l115","l116","l117"]],["Split",["l117","None",64,2],[1],["l118","l119","l120"]],["Vectorize",["l120"],[],[]],["Bind",["l119"],["threadIdx.x"],[]],["GetBlock",[],["root","main"],["b121"]],["Unannotate",["b121"],["meta_schedule.unroll_explicit"],[]],["GetChildBlocks",["b121"],[],["b122","b123","b124","b125"]],["GetLoops",["b122"],[],["l126","l127","l128","l129","l130","l131","l132","l133"]],["GetLoops",["b123"],[],["l134","l135","l136","l137","l138","l139","l140","l141","l142"]],["GetLoops",["b124"],[],["l143","l144","l145","l146","l147","l148","l149","l150","l151","l152","l153","l154","l155","l156","l157","l158","l159","l160","l161","l162"]],["GetLoops",["b125"],[],["l163","l164","l165","l166","l167","l168","l169"]],["GetBlock",[],["conv2d_nhwc","main"],["b170"]],["GetLoops",["b170"],[],["l171","l172","l173","l174","l175","l176","l177","l178","l179","l180","l181","l182","l183","l184","l185","l186","l187","l188","l189","l190"]],["DecomposeReduction",["b170","l174"],[],["b191"]]],[[8,[1,1,2,1,2]],[10,[14,2,2,1,1]],[12,[1,1,2,7,4]],[14,[1,1,8,16,2]],[16,[1,1,1]],[18,[1,1,1]],[20,[16,2,4]],[37,0],[43,1],[49,0]]],[0],{"arch":"sm_70","keys":["cuda","gpu"],"kind":"cuda","max_num_threads":1024,"max_shared_memory_per_block":49152,"max_threads_per_block":1024,"registers_per_block":65536,"tag":"","thread_warp_size":32},[["TENSOR","float32",[4,56,56,128]],["TENSOR","float32",[1,1,128,256]],["TENSOR","float32",[1,1,1,256]],["TENSOR","float32",[4,56,56,256]],["TENSOR","float32",[4,56,56,256]]]]]
[0,[[[["GetBlock",[],["pad_temp","main"],["b0"]],["GetBlock",[],["conv2d_nhwc","main"],["b1"]],["GetBlock",[],["T_add","main"],["b2"]],["GetBlock",[],["T_add_1","main"],["b3"]],["GetBlock",[],["T_relu","main"],["b4"]],["GetBlock",[],["root","main"],["b5"]],["Annotate",["b1","\"SSSRRSRS\""],["meta_schedule.tiling_structure"],[]],["GetLoops",["b1"],[],["l6","l7","l8","l9","l10","l11","l12"]],["SamplePerfectTile",["l6"],[5,64],["v13","v14","v15","v16","v17"]],["Split",["l6","v13","v14","v15","v16","v17"],[1],["l18","l19","l20","l21","l22"]],["SamplePerfectTile",["l7"],[5,64],["v23","v24","v25","v26","v27"]],["Split",["l7","v23","v24","v25","v26","v27"],[1],["l28","l29","l30","l31","l32"]],["SamplePerfectTile",["l8"],[5,64],["v33","v34","v35","v36","v37"]],["Split",["l8","v33","v34","v35","v36","v37"],[1],["l38","l39","l40","l41","l42"]],["SamplePerfectTile",["l9"],[5,64],["v43","v44","v45","v46","v47"]],["Split",["l9","v43","v44","v45","v46","v47"],[1],["l48","l49","l50","l51","l52"]],["SamplePerfectTile",["l10"],[3,64],["v53","v54","v55"]],["Split",["l10","v53","v54","v55"],[1],["l56","l57","l58"]],["SamplePerfectTile",["l11"],[3,64],["v59","v60","v61"]],["Split",["l11","v59","v60","v61"],[1],["l62","l63","l64"]],["SamplePerfectTile",["l12"],[3,64],["v65","v66","v67"]],["Split",["l12","v65","v66","v67"],[1],["l68","l69","l70"]],["Reorder",["l18","l28","l38","l48","l19","l29","l39","l49","l20","l30","l40","l50","l56","l62","l68","l57","l63","l69","l21","l31","l41","l51","l58","l64","l70","l22","l32","l42","l52"],[],[]],["Fuse",["l18","l28","l38","l48"],[1],["l71"]],["Bind",["l71"],["blockIdx.x"],[]],["Fuse",["l19","l29","l39","l49"],[1],["l72"]],["Bind",["l72"],["vthread.x"],[]],["Fuse",["l20","l30","l40","l50"],[1],["l73"]],["Bind",["l73"],["threadIdx.x"],[]],["Annotate",["b1",32],["meta_schedule.thread_extent_low_inclusive"],[]],["Annotate",["b1",1024],["meta_schedule.thread_extent_high_inclusive"],[]],["CacheWrite",["b1",[]],[0,"local"],["b74"]],["ReverseComputeAt",["b74","l73"],[1,-1],[]],["CacheRead",["b1",["b1"]],[0,"shared"],["b75"]],["ComputeAt",["b75","l68"],[1,-1],[]],["GetLoops",["b75"],[],["l76","l77","l78","l79","l80","l81","l82","l83","l84","l85"]],["Fuse",["l82","l83","l84","l85"],[1],["l86"]],["SampleCategorical",[],[[1,2,3,4],[0.25,0.25,0.25,0.25]],["v87"]],["Annotate",["b75","v87"],["meta_schedule.cooperative_fetch"],[]],["CacheRead",["b1",["b1"]],[1,"shared"],["b88"]],["ComputeAt",["b88","l68"],[1,-1],[]],["GetLoops",["b88"],[],["l89","l90","l91","l92","l93","l94","l95","l96","l97","l98"]],["Fuse",["l95","l96","l97","l98"],[1],["l99"]],["SampleCategorical",[],[[1,2,3,4],[0.25,0.25,0.25,0.25]],["v100"]],["Annotate",["b88","v100"],["meta_schedule.cooperative_fetch"],[]],["ReverseComputeInline",["b4"],[],[]],["ReverseComputeInline",["b3"],[],[]],["ReverseComputeInline",["b2"],[],[]],["ComputeInline",["b0"],[],[]],["SampleCategorical",[],[[0,16,64,512,1024],[0.2000000000000000111,0.2000000000000000111,0.2000000000000000111,0.2000000000000000111,0.2000000000000000111]],["v101"]],["Annotate",["b5","v101"],["meta_schedule.unroll_explicit"],[]],["EnterPostproc",[],[],[]],["Unannotate",["b75"],["meta_schedule.cooperative_fetch"],[]],["GetLoops",["b75"],[],["l102","l103","l104","l105","l106","l107","l108"]],["Split",["l108","None",112,4],[1],["l109","l110","l111"]],["Vectorize",["l111"],[],[]],["Bind",["l110"],["threadIdx.x"],[]],["Unannotate",["b88"],["meta_schedule.cooperative_fetch"],[]],["GetLoops",["b88"],[],["l112","l113","l114","l115","l116","l117","l118"]],["Split",["l118","None",112,2],[1],["l119","l120","l121"]],["Vectorize",["l121"],[],[]],["Bind",["l120"],["threadIdx.x"],[]],["GetBlock",[],["root","main"],["b122"]],["Unannotate",["b122"],["meta_schedule.unroll_explicit"],[]],["GetChildBlocks",["b122"],[],["b123","b124","b125","b126"]],["GetLoops",["b123"],[],["l127","l128","l129","l130","l131","l132","l133","l134","l135"]],["Annotate",["l127",64],["pragma_auto_unroll_max_step"],[]],["Annotate",["l127",1],["pragma_unroll_explicit"],[]],["GetLoops",["b124"],[],["l136","l137","l138","l139","l140","l141","l142","l143","l144"]],["Annotate",["l136",64],["pragma_auto_unroll_max_step"],[]],["Annotate",["l136",1],["pragma_unroll_explicit"],[]],["GetLoops",["b125"],[],["l145","l146","l147","l148","l149","l150","l151","l152","l153","l154","l155","l156","l157","l158","l159","l160","l161","l162","l163","l164"]],["Annotate",["l145",64],["pragma_auto_unroll_max_step"],[]],["Annotate",["l145",1],["pragma_unroll_explicit"],[]],["GetLoops",["b126"],[],["l165","l166","l167","l168","l169","l170","l171"]],["Annotate",["l165",64],["pragma_auto_unroll_max_step"],[]],["Annotate",["l165",1],["pragma_unroll_explicit"],[]],["GetBlock",[],["conv2d_nhwc","main"],["b172"]],["GetLoops",["b172"],[],["l173","l174","l175","l176","l177","l178","l179","l180","l181","l182","l183","l184","l185","l186","l187","l188","l189","l190","l191","l192"]],["DecomposeReduction",["b172","l176"],[],["b193"]]],[[8,[1,1,1,2,2]],[10,[14,2,1,2,1]],[12,[4,2,7,1,1]],[14,[8,2,16,1,1]],[16,[1,1,1]],[18,[1,1,1]],[20,[128,1,1]],[37,3],[43,1],[49,2]]],[0],{"arch":"sm_70","keys":["cuda","gpu"],"kind":"cuda","max_num_threads":1024,"max_shared_memory_per_block":49152,"max_threads_per_block":1024,"registers_per_block":65536,"tag":"","thread_warp_size":32},[["TENSOR","float32",[4,56,56,128]],["TENSOR","float32",[1,1,128,256]],["TENSOR","float32",[1,1,1,256]],["TENSOR","float32",[4,56,56,256]],["TENSOR","float32",[4,56,56,256]]]]]
[0,[[[["GetBlock",[],["pad_temp","main"],["b0"]],["GetBlock",[],["conv2d_nhwc","main"],["b1"]],["GetBlock",[],["T_add","main"],["b2"]],["GetBlock",[],["T_add_1","main"],["b3"]],["GetBlock",[],["T_relu","main"],["b4"]],["GetBlock",[],["root","main"],["b5"]],["Annotate",["b1","\"SSSRRSRS\""],["meta_schedule.tiling_structure"],[]],["GetLoops",["b1"],[],["l6","l7","l8","l9","l10","l11","l12"]],["SamplePerfectTile",["l6"],[5,64],["v13","v14","v15","v16","v17"]],["Split",["l6","v13","v14","v15","v16","v17"],[1],["l18","l19","l20","l21","l22"]],["SamplePerfectTile",["l7"],[5,64],["v23","v24","v25","v26","v27"]],["Split",["l7","v23","v24","v25","v26","v27"],[1],["l28","l29","l30","l31","l32"]],["SamplePerfectTile",["l8"],[5,64],["v33","v34","v35","v36","v37"]],["Split",["l8","v33","v34","v35","v36","v37"],[1],["l38","l39","l40","l41","l42"]],["SamplePerfectTile",["l9"],[5,64],["v43","v44","v45","v46","v47"]],["Split",["l9","v43","v44","v45","v46","v47"],[1],["l48","l49","l50","l51","l52"]],["SamplePerfectTile",["l10"],[3,64],["v53","v54","v55"]],["Split",["l10","v53","v54","v55"],[1],["l56","l57","l58"]],["SamplePerfectTile",["l11"],[3,64],["v59","v60","v61"]],["Split",["l11","v59","v60","v61"],[1],["l62","l63","l64"]],["SamplePerfectTile",["l12"],[3,64],["v65","v66","v67"]],["Split",["l12","v65","v66","v67"],[1],["l68","l69","l70"]],["Reorder",["l18","l28","l38","l48","l19","l29","l39","l49","l20","l30","l40","l50","l56","l62","l68","l57","l63","l69","l21","l31","l41","l51","l58","l64","l70","l22","l32","l42","l52"],[],[]],["Fuse",["l18","l28","l38","l48"],[1],["l71"]],["Bind",["l71"],["blockIdx.x"],[]],["Fuse",["l19","l29","l39","l49"],[1],["l72"]],["Bind",["l72"],["vthread.x"],[]],["Fuse",["l20","l30","l40","l50"],[1],["l73"]],["Bind",["l73"],["threadIdx.x"],[]],["Annotate",["b1",32],["meta_schedule.thread_extent_low_inclusive"],[]],["Annotate",["b1",1024],["meta_schedule.thread_extent_high_inclusive"],[]],["CacheWrite",["b1",[]],[0,"local"],["b74"]],["ReverseComputeAt",["b74","l73"],[1,-1],[]],["CacheRead",["b1",["b1"]],[0,"shared"],["b75"]],["ComputeAt",["b75","l68"],[1,-1],[]],["GetLoops",["b75"],[],["l76","l77","l78","l79","l80","l81","l82","l83","l84","l85"]],["Fuse",["l82","l83","l84","l85"],[1],["l86"]],["SampleCategorical",[],[[1,2,3,4],[0.25,0.25,0.25,0.25]],["v87"]],["Annotate",["b75","v87"],["meta_schedule.cooperative_fetch"],[]],["CacheRead",["b1",["b1"]],[1,"shared"],["b88"]],["ComputeAt",["b88","l68"],[1,-1],[]],["GetLoops",["b88"],[],["l89","l90","l91","l92","l93","l94","l95","l96","l97","l98"]],["Fuse",["l95","l96","l97","l98"],[1],["l99"]],["SampleCategorical",[],[[1,2,3,4],[0.25,0.25,0.25,0.25]],["v100"]],["Annotate",["b88","v100"],["meta_schedule.cooperative_fetch"],[]],["ReverseComputeInline",["b4"],[],[]],["ReverseComputeInline",["b3"],[],[]],["ReverseComputeInline",["b2"],[],[]],["ComputeInline",["b0"],[],[]],["SampleCategorical",[],[[0,16,64,512,1024],[0.2000000000000000111,0.2000000000000000111,0.2000000000000000111,0.2000000000000000111,0.2000000000000000111]],["v101"]],["Annotate",["b5","v101"],["meta_schedule.unroll_explicit"],[]],["EnterPostproc",[],[],[]],["Unannotate",["b75"],["meta_schedule.cooperative_fetch"],[]],["GetLoops",["b75"],[],["l102","l103","l104","l105","l106","l107","l108"]],["Split",["l108","None",224],[1],["l109","l110"]],["Bind",["l110"],["threadIdx.x"],[]],["Unannotate",["b88"],["meta_schedule.cooperative_fetch"],[]],["GetLoops",["b88"],[],["l111","l112","l113","l114","l115","l116","l117"]],["Split",["l117","None",224],[1],["l118","l119"]],["Bind",["l119"],["threadIdx.x"],[]],["GetBlock",[],["root","main"],["b120"]],["Unannotate",["b120"],["meta_schedule.unroll_explicit"],[]],["GetChildBlocks",["b120"],[],["b121","b122","b123","b124"]],["GetLoops",["b121"],[],["l125","l126","l127","l128","l129","l130","l131","l132"]],["Annotate",["l125",512],["pragma_auto_unroll_max_step"],[]],["Annotate",["l125",1],["pragma_unroll_explicit"],[]],["GetLoops",["b122"],[],["l133","l134","l135","l136","l137","l138","l139","l140"]],["Annotate",["l133",512],["pragma_auto_unroll_max_step"],[]],["Annotate",["l133",1],["pragma_unroll_explicit"],[]],["GetLoops",["b123"],[],["l141","l142","l143","l144","l145","l146","l147","l148","l149","l150","l151","l152","l153","l154","l155","l156","l157","l158","l159","l160"]],["Annotate",["l141",512],["pragma_auto_unroll_max_step"],[]],["Annotate",["l141",1],["pragma_unroll_explicit"],[]],["GetLoops",["b124"],[],["l161","l162","l163","l164","l165","l166","l167"]],["Annotate",["l161",512],["pragma_auto_unroll_max_step"],[]],["Annotate",["l161",1],["pragma_unroll_explicit"],[]],["GetBlock",[],["conv2d_nhwc","main"],["b168"]],["GetLoops",["b168"],[],["l169","l170","l171","l172","l173","l174","l175","l176","l177","l178","l179","l180","l181","l182","l183","l184","l185","l186","l187","l188"]],["DecomposeReduction",["b168","l172"],[],["b189"]]],[[8,[1,1,2,2,1]],[10,[1,1,14,2,2]],[12,[14,1,4,1,1]],[14,[4,16,2,2,1]],[16,[1,1,1]],[18,[1,1,1]],[20,[16,2,4]],[37,2],[43,2],[49,3]]],[0],{"arch":"sm_70","keys":["cuda","gpu"],"kind":"cuda","max_num_threads":1024,"max_shared_memory_per_block":49152,"max_threads_per_block":1024,"registers_per_block":65536,"tag":"","thread_warp_size":32},[["TENSOR","float32",[4,56,56,128]],["TENSOR","float32",[1,1,128,256]],["TENSOR","float32",[1,1,1,256]],["TENSOR","float32",[4,56,56,256]],["TENSOR","float32",[4,56,56,256]]]]]
[0,[[[["GetBlock",[],["pad_temp","main"],["b0"]],["GetBlock",[],["conv2d_nhwc","main"],["b1"]],["GetBlock",[],["T_add","main"],["b2"]],["GetBlock",[],["T_add_1","main"],["b3"]],["GetBlock",[],["T_relu","main"],["b4"]],["GetBlock",[],["root","main"],["b5"]],["Annotate",["b1","\"SSSRRSRS\""],["meta_schedule.tiling_structure"],[]],["GetLoops",["b1"],[],["l6","l7","l8","l9","l10","l11","l12"]],["SamplePerfectTile",["l6"],[5,64],["v13","v14","v15","v16","v17"]],["Split",["l6","v13","v14","v15","v16","v17"],[1],["l18","l19","l20","l21","l22"]],["SamplePerfectTile",["l7"],[5,64],["v23","v24","v25","v26","v27"]],["Split",["l7","v23","v24","v25","v26","v27"],[1],["l28","l29","l30","l31","l32"]],["SamplePerfectTile",["l8"],[5,64],["v33","v34","v35","v36","v37"]],["Split",["l8","v33","v34","v35","v36","v37"],[1],["l38","l39","l40","l41","l42"]],["SamplePerfectTile",["l9"],[5,64],["v43","v44","v45","v46","v47"]],["Split",["l9","v43","v44","v45","v46","v47"],[1],["l48","l49","l50","l51","l52"]],["SamplePerfectTile",["l10"],[3,64],["v53","v54","v55"]],["Split",["l10","v53","v54","v55"],[1],["l56","l57","l58"]],["SamplePerfectTile",["l11"],[3,64],["v59","v60","v61"]],["Split",["l11","v59","v60","v61"],[1],["l62","l63","l64"]],["SamplePerfectTile",["l12"],[3,64],["v65","v66","v67"]],["Split",["l12","v65","v66","v67"],[1],["l68","l69","l70"]],["Reorder",["l18","l28","l38","l48","l19","l29","l39","l49","l20","l30","l40","l50","l56","l62","l68","l57","l63","l69","l21","l31","l41","l51","l58","l64","l70","l22","l32","l42","l52"],[],[]],["Fuse",["l18","l28","l38","l48"],[1],["l71"]],["Bind",["l71"],["blockIdx.x"],[]],["Fuse",["l19","l29","l39","l49"],[1],["l72"]],["Bind",["l72"],["vthread.x"],[]],["Fuse",["l20","l30","l40","l50"],[1],["l73"]],["Bind",["l73"],["threadIdx.x"],[]],["Annotate",["b1",32],["meta_schedule.thread_extent_low_inclusive"],[]],["Annotate",["b1",1024],["meta_schedule.thread_extent_high_inclusive"],[]],["CacheWrite",["b1",[]],[0,"local"],["b74"]],["ReverseComputeAt",["b74","l73"],[1,-1],[]],["CacheRead",["b1",["b1"]],[0,"shared"],["b75"]],["ComputeAt",["b75","l68"],[1,-1],[]],["GetLoops",["b75"],[],["l76","l77","l78","l79","l80","l81","l82","l83","l84","l85"]],["Fuse",["l82","l83","l84","l85"],[1],["l86"]],["SampleCategorical",[],[[1,2,3,4],[0.25,0.25,0.25,0.25]],["v87"]],["Annotate",["b75","v87"],["meta_schedule.cooperative_fetch"],[]],["CacheRead",["b1",["b1"]],[1,"shared"],["b88"]],["ComputeAt",["b88","l68"],[1,-1],[]],["GetLoops",["b88"],[],["l89","l90","l91","l92","l93","l94","l95","l96","l97","l98"]],["Fuse",["l95","l96","l97","l98"],[1],["l99"]],["SampleCategorical",[],[[1,2,3,4],[0.25,0.25,0.25,0.25]],["v100"]],["Annotate",["b88","v100"],["meta_schedule.cooperative_fetch"],[]],["ReverseComputeInline",["b4"],[],[]],["ReverseComputeInline",["b3"],[],[]],["ReverseComputeInline",["b2"],[],[]],["ComputeInline",["b0"],[],[]],["SampleCategorical",[],[[0,16,64,512,1024],[0.2000000000000000111,0.2000000000000000111,0.2000000000000000111,0.2000000000000000111,0.2000000000000000111]],["v101"]],["Annotate",["b5","v101"],["meta_schedule.unroll_explicit"],[]],["EnterPostproc",[],[],[]],["Unannotate",["b75"],["meta_schedule.cooperative_fetch"],[]],["GetLoops",["b75"],[],["l102","l103","l104","l105","l106","l107","l108"]],["Split",["l108","None",64],[1],["l109","l110"]],["Bind",["l110"],["threadIdx.x"],[]],["Unannotate",["b88"],["meta_schedule.cooperative_fetch"],[]],["GetLoops",["b88"],[],["l111","l112","l113","l114","l115","l116","l117"]],["Split",["l117","None",64],[1],["l118","l119"]],["Bind",["l119"],["threadIdx.x"],[]],["GetBlock",[],["root","main"],["b120"]],["Unannotate",["b120"],["meta_schedule.unroll_explicit"],[]],["GetChildBlocks",["b120"],[],["b121","b122","b123","b124"]],["GetLoops",["b121"],[],["l125","l126","l127","l128","l129","l130","l131","l132"]],["GetLoops",["b122"],[],["l133","l134","l135","l136","l137","l138","l139","l140"]],["GetLoops",["b123"],[],["l141","l142","l143","l144","l145","l146","l147","l148","l149","l150","l151","l152","l153","l154","l155","l156","l157","l158","l159","l160"]],["GetLoops",["b124"],[],["l161","l162","l163","l164","l165","l166","l167"]],["GetBlock",[],["conv2d_nhwc","main"],["b168"]],["GetLoops",["b168"],[],["l169","l170","l171","l172","l173","l174","l175","l176","l177","l178","l179","l180","l181","l182","l183","l184","l185","l186","l187","l188"]],["DecomposeReduction",["b168","l172"],[],["b189"]]],[[8,[1,1,4,1,1]],[10,[2,14,1,2,1]],[12,[7,2,2,1,2]],[14,[2,2,8,1,8]],[16,[1,1,1]],[18,[1,1,1]],[20,[32,2,2]],[37,0],[43,2],[49,0]]],[0],{"arch":"sm_70","keys":["cuda","gpu"],"kind":"cuda","max_num_threads":1024,"max_shared_memory_per_block":49152,"max_threads_per_block":1024,"registers_per_block":65536,"tag":"","thread_warp_size":32},[["TENSOR","float32",[4,56,56,128]],["TENSOR","float32",[1,1,128,256]],["TENSOR","float32",[1,1,1,256]],["TENSOR","float32",[4,56,56,256]],["TENSOR","float32",[4,56,56,256]]]]]
[0,[[[["GetBlock",[],["pad_temp","main"],["b0"]],["GetBlock",[],["conv2d_nhwc","main"],["b1"]],["GetBlock",[],["T_add","main"],["b2"]],["GetBlock",[],["T_add_1","main"],["b3"]],["GetBlock",[],["T_relu","main"],["b4"]],["GetBlock",[],["root","main"],["b5"]],["Annotate",["b1","\"SSSRRSRS\""],["meta_schedule.tiling_structure"],[]],["GetLoops",["b1"],[],["l6","l7","l8","l9","l10","l11","l12"]],["SamplePerfectTile",["l6"],[5,64],["v13","v14","v15","v16","v17"]],["Split",["l6","v13","v14","v15","v16","v17"],[1],["l18","l19","l20","l21","l22"]],["SamplePerfectTile",["l7"],[5,64],["v23","v24","v25","v26","v27"]],["Split",["l7","v23","v24","v25","v26","v27"],[1],["l28","l29","l30","l31","l32"]],["SamplePerfectTile",["l8"],[5,64],["v33","v34","v35","v36","v37"]],["Split",["l8","v33","v34","v35","v36","v37"],[1],["l38","l39","l40","l41","l42"]],["SamplePerfectTile",["l9"],[5,64],["v43","v44","v45","v46","v47"]],["Split",["l9","v43","v44","v45","v46","v47"],[1],["l48","l49","l50","l51","l52"]],["SamplePerfectTile",["l10"],[3,64],["v53","v54","v55"]],["Split",["l10","v53","v54","v55"],[1],["l56","l57","l58"]],["SamplePerfectTile",["l11"],[3,64],["v59","v60","v61"]],["Split",["l11","v59","v60","v61"],[1],["l62","l63","l64"]],["SamplePerfectTile",["l12"],[3,64],["v65","v66","v67"]],["Split",["l12","v65","v66","v67"],[1],["l68","l69","l70"]],["Reorder",["l18","l28","l38","l48","l19","l29","l39","l49","l20","l30","l40","l50","l56","l62","l68","l57","l63","l69","l21","l31","l41","l51","l58","l64","l70","l22","l32","l42","l52"],[],[]],["Fuse",["l18","l28","l38","l48"],[1],["l71"]],["Bind",["l71"],["blockIdx.x"],[]],["Fuse",["l19","l29","l39","l49"],[1],["l72"]],["Bind",["l72"],["vthread.x"],[]],["Fuse",["l20","l30","l40","l50"],[1],["l73"]],["Bind",["l73"],["threadIdx.x"],[]],["Annotate",["b1",32],["meta_schedule.thread_extent_low_inclusive"],[]],["Annotate",["b1",1024],["meta_schedule.thread_extent_high_inclusive"],[]],["CacheWrite",["b1",[]],[0,"local"],["b74"]],["ReverseComputeAt",["b74","l73"],[1,-1],[]],["CacheRead",["b1",["b1"]],[0,"shared"],["b75"]],["ComputeAt",["b75","l68"],[1,-1],[]],["GetLoops",["b75"],[],["l76","l77","l78","l79","l80","l81","l82","l83","l84","l85"]],["Fuse",["l82","l83","l84","l85"],[1],["l86"]],["SampleCategorical",[],[[1,2,3,4],[0.25,0.25,0.25,0.25]],["v87"]],["Annotate",["b75","v87"],["meta_schedule.cooperative_fetch"],[]],["CacheRead",["b1",["b1"]],[1,"shared"],["b88"]],["ComputeAt",["b88","l68"],[1,-1],[]],["GetLoops",["b88"],[],["l89","l90","l91","l92","l93","l94","l95","l96","l97","l98"]],["Fuse",["l95","l96","l97","l98"],[1],["l99"]],["SampleCategorical",[],[[1,2,3,4],[0.25,0.25,0.25,0.25]],["v100"]],["Annotate",["b88","v100"],["meta_schedule.cooperative_fetch"],[]],["ReverseComputeInline",["b4"],[],[]],["ReverseComputeInline",["b3"],[],[]],["ReverseComputeInline",["b2"],[],[]],["ComputeInline",["b0"],[],[]],["SampleCategorical",[],[[0,16,64,512,1024],[0.2000000000000000111,0.2000000000000000111,0.2000000000000000111,0.2000000000000000111,0.2000000000000000111]],["v101"]],["Annotate",["b5","v101"],["meta_schedule.unroll_explicit"],[]],["EnterPostproc",[],[],[]],["Unannotate",["b75"],["meta_schedule.cooperative_fetch"],[]],["GetLoops",["b75"],[],["l102","l103","l104","l105","l106","l107","l108"]],["Split",["l108","None",224,2],[1],["l109","l110","l111"]],["Vectorize",["l111"],[],[]],["Bind",["l110"],["threadIdx.x"],[]],["Unannotate",["b88"],["meta_schedule.cooperative_fetch"],[]],["GetLoops",["b88"],[],["l112","l113","l114","l115","l116","l117","l118"]],["Split",["l118","None",224,2],[1],["l119","l120","l121"]],["Vectorize",["l121"],[],[]],["Bind",["l120"],["threadIdx.x"],[]],["GetBlock",[],["root","main"],["b122"]],["Unannotate",["b122"],["meta_schedule.unroll_explicit"],[]],["GetChildBlocks",["b122"],[],["b123","b124","b125","b126"]],["GetLoops",["b123"],[],["l127","l128","l129","l130","l131","l132","l133","l134","l135"]],["Annotate",["l127",64],["pragma_auto_unroll_max_step"],[]],["Annotate",["l127",1],["pragma_unroll_explicit"],[]],["GetLoops",["b124"],[],["l136","l137","l138","l139","l140","l141","l142","l143","l144"]],["Annotate",["l136",64],["pragma_auto_unroll_max_step"],[]],["Annotate",["l136",1],["pragma_unroll_explicit"],[]],["GetLoops",["b125"],[],["l145","l146","l147","l148","l149","l150","l151","l152","l153","l154","l155","l156","l157","l158","l159","l160","l161","l162","l163","l164"]],["Annotate",["l145",64],["pragma_auto_unroll_max_step"],[]],["Annotate",["l145",1],["pragma_unroll_explicit"],[]],["GetLoops",["b126"],[],["l165","l166","l167","l168","l169","l170","l171"]],["Annotate",["l165",64],["pragma_auto_unroll_max_step"],[]],["Annotate",["l165",1],["pragma_unroll_explicit"],[]],["GetBlock",[],["conv2d_nhwc","main"],["b172"]],["GetLoops",["b172"],[],["l173","l174","l175","l176","l177","l178","l179","l180","l181","l182","l183","l184","l185","l186","l187","l188","l189","l190","l191","l192"]],["DecomposeReduction",["b172","l176"],[],["b193"]]],[[8,[1,4,1,1,1]],[10,[1,1,7,2,4]],[12,[8,1,1,1,7]],[14,[1,1,32,8,1]],[16,[1,1,1]],[18,[1,1,1]],[20,[64,2,1]],[37,1],[43,1],[49,2]]],[0],{"arch":"sm_70","keys":["cuda","gpu"],"kind":"cuda","max_num_threads":1024,"max_shared_memory_per_block":49152,"max_threads_per_block":1024,"registers_per_block":65536,"tag":"","thread_warp_size":32},[["TENSOR","float32",[4,56,56,128]],["TENSOR","float32",[1,1,128,256]],["TENSOR","float32",[1,1,1,256]],["TENSOR","float32",[4,56,56,256]],["TENSOR","float32",[4,56,56,256]]]]]
[0,[[[["GetBlock",[],["pad_temp","main"],["b0"]],["GetBlock",[],["conv2d_nhwc","main"],["b1"]],["GetBlock",[],["T_add","main"],["b2"]],["GetBlock",[],["T_add_1","main"],["b3"]],["GetBlock",[],["T_relu","main"],["b4"]],["GetBlock",[],["root","main"],["b5"]],["Annotate",["b1","\"SSSRRSRS\""],["meta_schedule.tiling_structure"],[]],["GetLoops",["b1"],[],["l6","l7","l8","l9","l10","l11","l12"]],["SamplePerfectTile",["l6"],[5,64],["v13","v14","v15","v16","v17"]],["Split",["l6","v13","v14","v15","v16","v17"],[1],["l18","l19","l20","l21","l22"]],["SamplePerfectTile",["l7"],[5,64],["v23","v24","v25","v26","v27"]],["Split",["l7","v23","v24","v25","v26","v27"],[1],["l28","l29","l30","l31","l32"]],["SamplePerfectTile",["l8"],[5,64],["v33","v34","v35","v36","v37"]],["Split",["l8","v33","v34","v35","v36","v37"],[1],["l38","l39","l40","l41","l42"]],["SamplePerfectTile",["l9"],[5,64],["v43","v44","v45","v46","v47"]],["Split",["l9","v43","v44","v45","v46","v47"],[1],["l48","l49","l50","l51","l52"]],["SamplePerfectTile",["l10"],[3,64],["v53","v54","v55"]],["Split",["l10","v53","v54","v55"],[1],["l56","l57","l58"]],["SamplePerfectTile",["l11"],[3,64],["v59","v60","v61"]],["Split",["l11","v59","v60","v61"],[1],["l62","l63","l64"]],["SamplePerfectTile",["l12"],[3,64],["v65","v66","v67"]],["Split",["l12","v65","v66","v67"],[1],["l68","l69","l70"]],["Reorder",["l18","l28","l38","l48","l19","l29","l39","l49","l20","l30","l40","l50","l56","l62","l68","l57","l63","l69","l21","l31","l41","l51","l58","l64","l70","l22","l32","l42","l52"],[],[]],["Fuse",["l18","l28","l38","l48"],[1],["l71"]],["Bind",["l71"],["blockIdx.x"],[]],["Fuse",["l19","l29","l39","l49"],[1],["l72"]],["Bind",["l72"],["vthread.x"],[]],["Fuse",["l20","l30","l40","l50"],[1],["l73"]],["Bind",["l73"],["threadIdx.x"],[]],["Annotate",["b1",32],["meta_schedule.thread_extent_low_inclusive"],[]],["Annotate",["b1",1024],["meta_schedule.thread_extent_high_inclusive"],[]],["CacheWrite",["b1",[]],[0,"local"],["b74"]],["ReverseComputeAt",["b74","l73"],[1,-1],[]],["CacheRead",["b1",["b1"]],[0,"shared"],["b75"]],["ComputeAt",["b75","l68"],[1,-1],[]],["GetLoops",["b75"],[],["l76","l77","l78","l79","l80","l81","l82","l83","l84","l85"]],["Fuse",["l82","l83","l84","l85"],[1],["l86"]],["SampleCategorical",[],[[1,2,3,4],[0.25,0.25,0.25,0.25]],["v87"]],["Annotate",["b75","v87"],["meta_schedule.cooperative_fetch"],[]],["CacheRead",["b1",["b1"]],[1,"shared"],["b88"]],["ComputeAt",["b88","l68"],[1,-1],[]],["GetLoops",["b88"],[],["l89","l90","l91","l92","l93","l94","l95","l96","l97","l98"]],["Fuse",["l95","l96","l97","l98"],[1],["l99"]],["SampleCategorical",[],[[1,2,3,4],[0.25,0.25,0.25,0.25]],["v100"]],["Annotate",["b88","v100"],["meta_schedule.cooperative_fetch"],[]],["ReverseComputeInline",["b4"],[],[]],["ReverseComputeInline",["b3"],[],[]],["ReverseComputeInline",["b2"],[],[]],["ComputeInline",["b0"],[],[]],["SampleCategorical",[],[[0,16,64,512,1024],[0.2000000000000000111,0.2000000000000000111,0.2000000000000000111,0.2000000000000000111,0.2000000000000000111]],["v101"]],["Annotate",["b5","v101"],["meta_schedule.unroll_explicit"],[]],["EnterPostproc",[],[],[]],["Unannotate",["b75"],["meta_schedule.cooperative_fetch"],[]],["GetLoops",["b75"],[],["l102","l103","l104","l105","l106","l107","l108"]],["Split",["l108","None",32,2],[1],["l109","l110","l111"]],["Vectorize",["l111"],[],[]],["Bind",["l110"],["threadIdx.x"],[]],["Unannotate",["b88"],["meta_schedule.cooperative_fetch"],[]],["GetLoops",["b88"],[],["l112","l113","l114","l115","l116","l117","l118"]],["Split",["l118","None",32],[1],["l119","l120"]],["Bind",["l120"],["threadIdx.x"],[]],["GetBlock",[],["root","main"],["b121"]],["Unannotate",["b121"],["meta_schedule.unroll_explicit"],[]],["GetChildBlocks",["b121"],[],["b122","b123","b124","b125"]],["GetLoops",["b122"],[],["l126","l127","l128","l129","l130","l131","l132","l133","l134"]],["Annotate",["l126",1024],["pragma_auto_unroll_max_step"],[]],["Annotate",["l126",1],["pragma_unroll_explicit"],[]],["GetLoops",["b123"],[],["l135","l136","l137","l138","l139","l140","l141","l142"]],["Annotate",["l135",1024],["pragma_auto_unroll_max_step"],[]],["Annotate",["l135",1],["pragma_unroll_explicit"],[]],["GetLoops",["b124"],[],["l143","l144","l145","l146","l147","l148","l149","l150","l151","l152","l153","l154","l155","l156","l157","l158","l159","l160","l161","l162"]],["Annotate",["l143",1024],["pragma_auto_unroll_max_step"],[]],["Annotate",["l143",1],["pragma_unroll_explicit"],[]],["GetLoops",["b125"],[],["l163","l164","l165","l166","l167","l168","l169"]],["Annotate",["l163",1024],["pragma_auto_unroll_max_step"],[]],["Annotate",["l163",1],["pragma_unroll_explicit"],[]],["GetBlock",[],["conv2d_nhwc","main"],["b170"]],["GetLoops",["b170"],[],["l171","l172","l173","l174","l175","l176","l177","l178","l179","l180","l181","l182","l183","l184","l185","l186","l187","l188","l189","l190"]],["DecomposeReduction",["b170","l174"],[],["b191"]]],[[8,[2,1,1,2,1]],[10,[2,4,1,1,7]],[12,[1,7,4,1,2]],[14,[1,8,8,4,1]],[16,[1,1,1]],[18,[1,1,1]],[20,[64,1,2]],[37,1],[43,0],[49,4]]],[0],{"arch":"sm_70","keys":["cuda","gpu"],"kind":"cuda","max_num_threads":1024,"max_shared_memory_per_block":49152,"max_threads_per_block":1024,"registers_per_block":65536,"tag":"","thread_warp_size":32},[["TENSOR","float32",[4,56,56,128]],["TENSOR","float32",[1,1,128,256]],["TENSOR","float32",[1,1,1,256]],["TENSOR","float32",[4,56,56,256]],["TENSOR","float32",[4,56,56,256]]]]]
[0,[[[["GetBlock",[],["pad_temp","main"],["b0"]],["GetBlock",[],["conv2d_nhwc","main"],["b1"]],["GetBlock",[],["T_add","main"],["b2"]],["GetBlock",[],["T_add_1","main"],["b3"]],["GetBlock",[],["T_relu","main"],["b4"]],["GetBlock",[],["root","main"],["b5"]],["Annotate",["b1","\"SSSRRSRS\""],["meta_schedule.tiling_structure"],[]],["GetLoops",["b1"],[],["l6","l7","l8","l9","l10","l11","l12"]],["SamplePerfectTile",["l6"],[5,64],["v13","v14","v15","v16","v17"]],["Split",["l6","v13","v14","v15","v16","v17"],[1],["l18","l19","l20","l21","l22"]],["SamplePerfectTile",["l7"],[5,64],["v23","v24","v25","v26","v27"]],["Split",["l7","v23","v24","v25","v26","v27"],[1],["l28","l29","l30","l31","l32"]],["SamplePerfectTile",["l8"],[5,64],["v33","v34","v35","v36","v37"]],["Split",["l8","v33","v34","v35","v36","v37"],[1],["l38","l39","l40","l41","l42"]],["SamplePerfectTile",["l9"],[5,64],["v43","v44","v45","v46","v47"]],["Split",["l9","v43","v44","v45","v46","v47"],[1],["l48","l49","l50","l51","l52"]],["SamplePerfectTile",["l10"],[3,64],["v53","v54","v55"]],["Split",["l10","v53","v54","v55"],[1],["l56","l57","l58"]],["SamplePerfectTile",["l11"],[3,64],["v59","v60","v61"]],["Split",["l11","v59","v60","v61"],[1],["l62","l63","l64"]],["SamplePerfectTile",["l12"],[3,64],["v65","v66","v67"]],["Split",["l12","v65","v66","v67"],[1],["l68","l69","l70"]],["Reorder",["l18","l28","l38","l48","l19","l29","l39","l49","l20","l30","l40","l50","l56","l62","l68","l57","l63","l69","l21","l31","l41","l51","l58","l64","l70","l22","l32","l42","l52"],[],[]],["Fuse",["l18","l28","l38","l48"],[1],["l71"]],["Bind",["l71"],["blockIdx.x"],[]],["Fuse",["l19","l29","l39","l49"],[1],["l72"]],["Bind",["l72"],["vthread.x"],[]],["Fuse",["l20","l30","l40","l50"],[1],["l73"]],["Bind",["l73"],["threadIdx.x"],[]],["Annotate",["b1",32],["meta_schedule.thread_extent_low_inclusive"],[]],["Annotate",["b1",1024],["meta_schedule.thread_extent_high_inclusive"],[]],["CacheWrite",["b1",[]],[0,"local"],["b74"]],["ReverseComputeAt",["b74","l73"],[1,-1],[]],["CacheRead",["b1",["b1"]],[0,"shared"],["b75"]],["ComputeAt",["b75","l68"],[1,-1],[]],["GetLoops",["b75"],[],["l76","l77","l78","l79","l80","l81","l82","l83","l84","l85"]],["Fuse",["l82","l83","l84","l85"],[1],["l86"]],["SampleCategorical",[],[[1,2,3,4],[0.25,0.25,0.25,0.25]],["v87"]],["Annotate",["b75","v87"],["meta_schedule.cooperative_fetch"],[]],["CacheRead",["b1",["b1"]],[1,"shared"],["b88"]],["ComputeAt",["b88","l68"],[1,-1],[]],["GetLoops",["b88"],[],["l89","l90","l91","l92","l93","l94","l95","l96","l97","l98"]],["Fuse",["l95","l96","l97","l98"],[1],["l99"]],["SampleCategorical",[],[[1,2,3,4],[0.25,0.25,0.25,0.25]],["v100"]],["Annotate",["b88","v100"],["meta_schedule.cooperative_fetch"],[]],["ReverseComputeInline",["b4"],[],[]],["ReverseComputeInline",["b3"],[],[]],["ReverseComputeInline",["b2"],[],[]],["ComputeInline",["b0"],[],[]],["SampleCategorical",[],[[0,16,64,512,1024],[0.2000000000000000111,0.2000000000000000111,0.2000000000000000111,0.2000000000000000111,0.2000000000000000111]],["v101"]],["Annotate",["b5","v101"],["meta_schedule.unroll_explicit"],[]],["EnterPostproc",[],[],[]],["Unannotate",["b75"],["meta_schedule.cooperative_fetch"],[]],["GetLoops",["b75"],[],["l102","l103","l104","l105","l106","l107","l108"]],["Split",["l108","None",448],[1],["l109","l110"]],["Bind",["l110"],["threadIdx.x"],[]],["Unannotate",["b88"],["meta_schedule.cooperative_fetch"],[]],["GetLoops",["b88"],[],["l111","l112","l113","l114","l115","l116","l117"]],["Split",["l117","None",448,2],[1],["l118","l119","l120"]],["Vectorize",["l120"],[],[]],["Bind",["l119"],["threadIdx.x"],[]],["GetBlock",[],["root","main"],["b121"]],["Unannotate",["b121"],["meta_schedule.unroll_explicit"],[]],["GetChildBlocks",["b121"],[],["b122","b123","b124","b125"]],["GetLoops",["b122"],[],["l126","l127","l128","l129","l130","l131","l132","l133"]],["Annotate",["l126",16],["pragma_auto_unroll_max_step"],[]],["Annotate",["l126",1],["pragma_unroll_explicit"],[]],["GetLoops",["b123"],[],["l134","l135","l136","l137","l138","l139","l140","l141","l142"]],["Annotate",["l134",16],["pragma_auto_unroll_max_step"],[]],["Annotate",["l134",1],["pragma_unroll_explicit"],[]],["GetLoops",["b124"],[],["l143","l144","l145","l146","l147","l148","l149","l150","l151","l152","l153","l154","l155","l156","l157","l158","l159","l160","l161","l162"]],["Annotate",["l143",16],["pragma_auto_unroll_max_step"],[]],["Annotate",["l143",1],["pragma_unroll_explicit"],[]],["GetLoops",["b125"],[],["l163","l164","l165","l166","l167","l168","l169"]],["Annotate",["l163",16],["pragma_auto_unroll_max_step"],[]],["Annotate",["l163",1],["pragma_unroll_explicit"],[]],["GetBlock",[],["conv2d_nhwc","main"],["b170"]],["GetLoops",["b170"],[],["l171","l172","l173","l174","l175","l176","l177","l178","l179","l180","l181","l182","l183","l184","l185","l186","l187","l188","l189","l190"]],["DecomposeReduction",["b170","l174"],[],["b191"]]],[[8,[1,2,1,1,2]],[10,[1,2,4,7,1]],[12,[2,1,28,1,1]],[14,[1,2,4,2,16]],[16,[1,1,1]],[18,[1,1,1]],[20,[128,1,1]],[37,2],[43,1],[49,1]]],[0],{"arch":"sm_70","keys":["cuda","gpu"],"kind":"cuda","max_num_threads":1024,"max_shared_memory_per_block":49152,"max_threads_per_block":1024,"registers_per_block":65536,"tag":"","thread_warp_size":32},[["TENSOR","float32",[4,56,56,128]],["TENSOR","float32",[1,1,128,256]],["TENSOR","float32",[1,1,1,256]],["TENSOR","float32",[4,56,56,256]],["TENSOR","float32",[4,56,56,256]]]]]
[0,[[[["GetBlock",[],["pad_temp","main"],["b0"]],["GetBlock",[],["conv2d_nhwc","main"],["b1"]],["GetBlock",[],["T_add","main"],["b2"]],["GetBlock",[],["T_add_1","main"],["b3"]],["GetBlock",[],["T_relu","main"],["b4"]],["GetBlock",[],["root","main"],["b5"]],["Annotate",["b1","\"SSSRRSRS\""],["meta_schedule.tiling_structure"],[]],["GetLoops",["b1"],[],["l6","l7","l8","l9","l10","l11","l12"]],["SamplePerfectTile",["l6"],[5,64],["v13","v14","v15","v16","v17"]],["Split",["l6","v13","v14","v15","v16","v17"],[1],["l18","l19","l20","l21","l22"]],["SamplePerfectTile",["l7"],[5,64],["v23","v24","v25","v26","v27"]],["Split",["l7","v23","v24","v25","v26","v27"],[1],["l28","l29","l30","l31","l32"]],["SamplePerfectTile",["l8"],[5,64],["v33","v34","v35","v36","v37"]],["Split",["l8","v33","v34","v35","v36","v37"],[1],["l38","l39","l40","l41","l42"]],["SamplePerfectTile",["l9"],[5,64],["v43","v44","v45","v46","v47"]],["Split",["l9","v43","v44","v45","v46","v47"],[1],["l48","l49","l50","l51","l52"]],["SamplePerfectTile",["l10"],[3,64],["v53","v54","v55"]],["Split",["l10","v53","v54","v55"],[1],["l56","l57","l58"]],["SamplePerfectTile",["l11"],[3,64],["v59","v60","v61"]],["Split",["l11","v59","v60","v61"],[1],["l62","l63","l64"]],["SamplePerfectTile",["l12"],[3,64],["v65","v66","v67"]],["Split",["l12","v65","v66","v67"],[1],["l68","l69","l70"]],["Reorder",["l18","l28","l38","l48","l19","l29","l39","l49","l20","l30","l40","l50","l56","l62","l68","l57","l63","l69","l21","l31","l41","l51","l58","l64","l70","l22","l32","l42","l52"],[],[]],["Fuse",["l18","l28","l38","l48"],[1],["l71"]],["Bind",["l71"],["blockIdx.x"],[]],["Fuse",["l19","l29","l39","l49"],[1],["l72"]],["Bind",["l72"],["vthread.x"],[]],["Fuse",["l20","l30","l40","l50"],[1],["l73"]],["Bind",["l73"],["threadIdx.x"],[]],["Annotate",["b1",32],["meta_schedule.thread_extent_low_inclusive"],[]],["Annotate",["b1",1024],["meta_schedule.thread_extent_high_inclusive"],[]],["CacheWrite",["b1",[]],[0,"local"],["b74"]],["ReverseComputeAt",["b74","l73"],[1,-1],[]],["CacheRead",["b1",["b1"]],[0,"shared"],["b75"]],["ComputeAt",["b75","l68"],[1,-1],[]],["GetLoops",["b75"],[],["l76","l77","l78","l79","l80","l81","l82","l83","l84","l85"]],["Fuse",["l82","l83","l84","l85"],[1],["l86"]],["SampleCategorical",[],[[1,2,3,4],[0.25,0.25,0.25,0.25]],["v87"]],["Annotate",["b75","v87"],["meta_schedule.cooperative_fetch"],[]],["CacheRead",["b1",["b1"]],[1,"shared"],["b88"]],["ComputeAt",["b88","l68"],[1,-1],[]],["GetLoops",["b88"],[],["l89","l90","l91","l92","l93","l94","l95","l96","l97","l98"]],["Fuse",["l95","l96","l97","l98"],[1],["l99"]],["SampleCategorical",[],[[1,2,3,4],[0.25,0.25,0.25,0.25]],["v100"]],["Annotate",["b88","v100"],["meta_schedule.cooperative_fetch"],[]],["ReverseComputeInline",["b4"],[],[]],["ReverseComputeInline",["b3"],[],[]],["ReverseComputeInline",["b2"],[],[]],["ComputeInline",["b0"],[],[]],["SampleCategorical",[],[[0,16,64,512,1024],[0.2000000000000000111,0.2000000000000000111,0.2000000000000000111,0.2000000000000000111,0.2000000000000000111]],["v101"]],["Annotate",["b5","v101"],["meta_schedule.unroll_explicit"],[]],["EnterPostproc",[],[],[]],["Unannotate",["b75"],["meta_schedule.cooperative_fetch"],[]],["GetLoops",["b75"],[],["l102","l103","l104","l105","l106","l107","l108"]],["Split",["l108","None",56,4],[1],["l109","l110","l111"]],["Vectorize",["l111"],[],[]],["Bind",["l110"],["threadIdx.x"],[]],["Unannotate",["b88"],["meta_schedule.cooperative_fetch"],[]],["GetLoops",["b88"],[],["l112","l113","l114","l115","l116","l117","l118"]],["Split",["l118","None",56],[1],["l119","l120"]],["Bind",["l120"],["threadIdx.x"],[]],["GetBlock",[],["root","main"],["b121"]],["Unannotate",["b121"],["meta_schedule.unroll_explicit"],[]],["GetChildBlocks",["b121"],[],["b122","b123","b124","b125"]],["GetLoops",["b122"],[],["l126","l127","l128","l129","l130","l131","l132","l133","l134"]],["Annotate",["l126",16],["pragma_auto_unroll_max_step"],[]],["Annotate",["l126",1],["pragma_unroll_explicit"],[]],["GetLoops",["b123"],[],["l135","l136","l137","l138","l139","l140","l141","l142"]],["Annotate",["l135",16],["pragma_auto_unroll_max_step"],[]],["Annotate",["l135",1],["pragma_unroll_explicit"],[]],["GetLoops",["b124"],[],["l143","l144","l145","l146","l147","l148","l149","l150","l151","l152","l153","l154","l155","l156","l157","l158","l159","l160","l161","l162"]],["Annotate",["l143",16],["pragma_auto_unroll_max_step"],[]],["Annotate",["l143",1],["pragma_unroll_explicit"],[]],["GetLoops",["b125"],[],["l163","l164","l165","l166","l167","l168","l169"]],["Annotate",["l163",16],["pragma_auto_unroll_max_step"],[]],["Annotate",["l163",1],["pragma_unroll_explicit"],[]],["GetBlock",[],["conv2d_nhwc","main"],["b170"]],["GetLoops",["b170"],[],["l171","l172","l173","l174","l175","l176","l177","l178","l179","l180","l181","l182","l183","l184","l185","l186","l187","l188","l189","l190"]],["DecomposeReduction",["b170","l174"],[],["b191"]]],[[8,[1,1,2,2,1]],[10,[1,1,4,14,1]],[12,[4,1,7,2,1]],[14,[32,4,1,2,1]],[16,[1,1,1]],[18,[1,1,1]],[20,[64,2,1]],[37,3],[43,2],[49,1]]],[0],{"arch":"sm_70","keys":["cuda","gpu"],"kind":"cuda","max_num_threads":1024,"max_shared_memory_per_block":49152,"max_threads_per_block":1024,"registers_per_block":65536,"tag":"","thread_warp_size":32},[["TENSOR","float32",[4,56,56,128]],["TENSOR","float32",[1,1,128,256]],["TENSOR","float32",[1,1,1,256]],["TENSOR","float32",[4,56,56,256]],["TENSOR","float32",[4,56,56,256]]]]]
[0,[[[["GetBlock",[],["pad_temp","main"],["b0"]],["GetBlock",[],["conv2d_nhwc","main"],["b1"]],["GetBlock",[],["T_add","main"],["b2"]],["GetBlock",[],["T_add_1","main"],["b3"]],["GetBlock",[],["T_relu","main"],["b4"]],["GetBlock",[],["root","main"],["b5"]],["Annotate",["b1","\"SSSRRSRS\""],["meta_schedule.tiling_structure"],[]],["GetLoops",["b1"],[],["l6","l7","l8","l9","l10","l11","l12"]],["SamplePerfectTile",["l6"],[5,64],["v13","v14","v15","v16","v17"]],["Split",["l6","v13","v14","v15","v16","v17"],[1],["l18","l19","l20","l21","l22"]],["SamplePerfectTile",["l7"],[5,64],["v23","v24","v25","v26","v27"]],["Split",["l7","v23","v24","v25","v26","v27"],[1],["l28","l29","l30","l31","l32"]],["SamplePerfectTile",["l8"],[5,64],["v33","v34","v35","v36","v37"]],["Split",["l8","v33","v34","v35","v36","v37"],[1],["l38","l39","l40","l41","l42"]],["SamplePerfectTile",["l9"],[5,64],["v43","v44","v45","v46","v47"]],["Split",["l9","v43","v44","v45","v46","v47"],[1],["l48","l49","l50","l51","l52"]],["SamplePerfectTile",["l10"],[3,64],["v53","v54","v55"]],["Split",["l10","v53","v54","v55"],[1],["l56","l57","l58"]],["SamplePerfectTile",["l11"],[3,64],["v59","v60","v61"]],["Split",["l11","v59","v60","v61"],[1],["l62","l63","l64"]],["SamplePerfectTile",["l12"],[3,64],["v65","v66","v67"]],["Split",["l12","v65","v66","v67"],[1],["l68","l69","l70"]],["Reorder",["l18","l28","l38","l48","l19","l29","l39","l49","l20","l30","l40","l50","l56","l62","l68","l57","l63","l69","l21","l31","l41","l51","l58","l64","l70","l22","l32","l42","l52"],[],[]],["Fuse",["l18","l28","l38","l48"],[1],["l71"]],["Bind",["l71"],["blockIdx.x"],[]],["Fuse",["l19","l29","l39","l49"],[1],["l72"]],["Bind",["l72"],["vthread.x"],[]],["Fuse",["l20","l30","l40","l50"],[1],["l73"]],["Bind",["l73"],["threadIdx.x"],[]],["Annotate",["b1",32],["meta_schedule.thread_extent_low_inclusive"],[]],["Annotate",["b1",1024],["meta_schedule.thread_extent_high_inclusive"],[]],["CacheWrite",["b1",[]],[0,"local"],["b74"]],["ReverseComputeAt",["b74","l73"],[1,-1],[]],["CacheRead",["b1",["b1"]],[0,"shared"],["b75"]],["ComputeAt",["b75","l68"],[1,-1],[]],["GetLoops",["b75"],[],["l76","l77","l78","l79","l80","l81","l82","l83","l84","l85"]],["Fuse",["l82","l83","l84","l85"],[1],["l86"]],["SampleCategorical",[],[[1,2,3,4],[0.25,0.25,0.25,0.25]],["v87"]],["Annotate",["b75","v87"],["meta_schedule.cooperative_fetch"],[]],["CacheRead",["b1",["b1"]],[1,"shared"],["b88"]],["ComputeAt",["b88","l68"],[1,-1],[]],["GetLoops",["b88"],[],["l89","l90","l91","l92","l93","l94","l95","l96","l97","l98"]],["Fuse",["l95","l96","l97","l98"],[1],["l99"]],["SampleCategorical",[],[[1,2,3,4],[0.25,0.25,0.25,0.25]],["v100"]],["Annotate",["b88","v100"],["meta_schedule.cooperative_fetch"],[]],["ReverseComputeInline",["b4"],[],[]],["ReverseComputeInline",["b3"],[],[]],["ReverseComputeInline",["b2"],[],[]],["ComputeInline",["b0"],[],[]],["SampleCategorical",[],[[0,16,64,512,1024],[0.2000000000000000111,0.2000000000000000111,0.2000000000000000111,0.2000000000000000111,0.2000000000000000111]],["v101"]],["Annotate",["b5","v101"],["meta_schedule.unroll_explicit"],[]],["EnterPostproc",[],[],[]],["Unannotate",["b75"],["meta_schedule.cooperative_fetch"],[]],["GetLoops",["b75"],[],["l102","l103","l104","l105","l106","l107","l108"]],["Split",["l108","None",64],[1],["l109","l110"]],["Bind",["l110"],["threadIdx.x"],[]],["Unannotate",["b88"],["meta_schedule.cooperative_fetch"],[]],["GetLoops",["b88"],[],["l111","l112","l113","l114","l115","l116","l117"]],["Split",["l117","None",64,2],[1],["l118","l119","l120"]],["Vectorize",["l120"],[],[]],["Bind",["l119"],["threadIdx.x"],[]],["GetBlock",[],["root","main"],["b121"]],["Unannotate",["b121"],["meta_schedule.unroll_explicit"],[]],["GetChildBlocks",["b121"],[],["b122","b123","b124","b125"]],["GetLoops",["b122"],[],["l126","l127","l128","l129","l130","l131","l132","l133"]],["GetLoops",["b123"],[],["l134","l135","l136","l137","l138","l139","l140","l141","l142"]],["GetLoops",["b124"],[],["l143","l144","l145","l146","l147","l148","l149","l150","l151","l152","l153","l154","l155","l156","l157","l158","l159","l160","l161","l162"]],["GetLoops",["b125"],[],["l163","l164","l165","l166","l167","l168","l169"]],["GetBlock",[],["conv2d_nhwc","main"],["b170"]],["GetLoops",["b170"],[],["l171","l172","l173","l174","l175","l176","l177","l178","l179","l180","l181","l182","l183","l184","l185","l186","l187","l188","l189","l190"]],["DecomposeReduction",["b170","l174"],[],["b191"]]],[[8,[1,2,2,1,1]],[10,[4,1,2,7,1]],[12,[2,2,1,14,1]],[14,[4,2,16,1,2]],[16,[1,1,1]],[18,[1,1,1]],[20,[32,1,4]],[37,0],[43,1],[49,0]]],[0],{"arch":"sm_70","keys":["cuda","gpu"],"kind":"cuda","max_num_threads":1024,"max_shared_memory_per_block":49152,"max_threads_per_block":1024,"registers_per_block":65536,"tag":"","thread_warp_size":32},[["TENSOR","float32",[4,56,56,128]],["TENSOR","float32",[1,1,128,256]],["TENSOR","float32",[1,1,1,256]],["TENSOR","float32",[4,56,56,256]],["TENSOR","float32",[4,56,56,256]]]]]
[0,[[[["GetBlock",[],["pad_temp","main"],["b0"]],["GetBlock",[],["conv2d_nhwc","main"],["b1"]],["GetBlock",[],["T_add","main"],["b2"]],["GetBlock",[],["T_add_1","main"],["b3"]],["GetBlock",[],["T_relu","main"],["b4"]],["GetBlock",[],["root","main"],["b5"]],["Annotate",["b1","\"SSSRRSRS\""],["meta_schedule.tiling_structure"],[]],["GetLoops",["b1"],[],["l6","l7","l8","l9","l10","l11","l12"]],["SamplePerfectTile",["l6"],[5,64],["v13","v14","v15","v16","v17"]],["Split",["l6","v13","v14","v15","v16","v17"],[1],["l18","l19","l20","l21","l22"]],["SamplePerfectTile",["l7"],[5,64],["v23","v24","v25","v26","v27"]],["Split",["l7","v23","v24","v25","v26","v27"],[1],["l28","l29","l30","l31","l32"]],["SamplePerfectTile",["l8"],[5,64],["v33","v34","v35","v36","v37"]],["Split",["l8","v33","v34","v35","v36","v37"],[1],["l38","l39","l40","l41","l42"]],["SamplePerfectTile",["l9"],[5,64],["v43","v44","v45","v46","v47"]],["Split",["l9","v43","v44","v45","v46","v47"],[1],["l48","l49","l50","l51","l52"]],["SamplePerfectTile",["l10"],[3,64],["v53","v54","v55"]],["Split",["l10","v53","v54","v55"],[1],["l56","l57","l58"]],["SamplePerfectTile",["l11"],[3,64],["v59","v60","v61"]],["Split",["l11","v59","v60","v61"],[1],["l62","l63","l64"]],["SamplePerfectTile",["l12"],[3,64],["v65","v66","v67"]],["Split",["l12","v65","v66","v67"],[1],["l68","l69","l70"]],["Reorder",["l18","l28","l38","l48","l19","l29","l39","l49","l20","l30","l40","l50","l56","l62","l68","l57","l63","l69","l21","l31","l41","l51","l58","l64","l70","l22","l32","l42","l52"],[],[]],["Fuse",["l18","l28","l38","l48"],[1],["l71"]],["Bind",["l71"],["blockIdx.x"],[]],["Fuse",["l19","l29","l39","l49"],[1],["l72"]],["Bind",["l72"],["vthread.x"],[]],["Fuse",["l20","l30","l40","l50"],[1],["l73"]],["Bind",["l73"],["threadIdx.x"],[]],["Annotate",["b1",32],["meta_schedule.thread_extent_low_inclusive"],[]],["Annotate",["b1",1024],["meta_schedule.thread_extent_high_inclusive"],[]],["CacheWrite",["b1",[]],[0,"local"],["b74"]],["ReverseComputeAt",["b74","l73"],[1,-1],[]],["CacheRead",["b1",["b1"]],[0,"shared"],["b75"]],["ComputeAt",["b75","l68"],[1,-1],[]],["GetLoops",["b75"],[],["l76","l77","l78","l79","l80","l81","l82","l83","l84","l85"]],["Fuse",["l82","l83","l84","l85"],[1],["l86"]],["SampleCategorical",[],[[1,2,3,4],[0.25,0.25,0.25,0.25]],["v87"]],["Annotate",["b75","v87"],["meta_schedule.cooperative_fetch"],[]],["CacheRead",["b1",["b1"]],[1,"shared"],["b88"]],["ComputeAt",["b88","l68"],[1,-1],[]],["GetLoops",["b88"],[],["l89","l90","l91","l92","l93","l94","l95","l96","l97","l98"]],["Fuse",["l95","l96","l97","l98"],[1],["l99"]],["SampleCategorical",[],[[1,2,3,4],[0.25,0.25,0.25,0.25]],["v100"]],["Annotate",["b88","v100"],["meta_schedule.cooperative_fetch"],[]],["ReverseComputeInline",["b4"],[],[]],["ReverseComputeInline",["b3"],[],[]],["ReverseComputeInline",["b2"],[],[]],["ComputeInline",["b0"],[],[]],["SampleCategorical",[],[[0,16,64,512,1024],[0.2000000000000000111,0.2000000000000000111,0.2000000000000000111,0.2000000000000000111,0.2000000000000000111]],["v101"]],["Annotate",["b5","v101"],["meta_schedule.unroll_explicit"],[]],["EnterPostproc",[],[],[]],["Unannotate",["b75"],["meta_schedule.cooperative_fetch"],[]],["GetLoops",["b75"],[],["l102","l103","l104","l105","l106","l107","l108"]],["Split",["l108","None",64],[1],["l109","l110"]],["Bind",["l110"],["threadIdx.x"],[]],["Unannotate",["b88"],["meta_schedule.cooperative_fetch"],[]],["GetLoops",["b88"],[],["l111","l112","l113","l114","l115","l116","l117"]],["Split",["l117","None",64,4],[1],["l118","l119","l120"]],["Vectorize",["l120"],[],[]],["Bind",["l119"],["threadIdx.x"],[]],["GetBlock",[],["root","main"],["b121"]],["Unannotate",["b121"],["meta_schedule.unroll_explicit"],[]],["GetChildBlocks",["b121"],[],["b122","b123","b124","b125"]],["GetLoops",["b122"],[],["l126","l127","l128","l129","l130","l131","l132","l133"]],["Annotate",["l126",16],["pragma_auto_unroll_max_step"],[]],["Annotate",["l126",1],["pragma_unroll_explicit"],[]],["GetLoops",["b123"],[],["l134","l135","l136","l137","l138","l139","l140","l141","l142"]],["Annotate",["l134",16],["pragma_auto_unroll_max_step"],[]],["Annotate",["l134",1],["pragma_unroll_explicit"],[]],["GetLoops",["b124"],[],["l143","l144","l145","l146","l147","l148","l149","l150","l151","l152","l153","l154","l155","l156","l157","l158","l159","l160","l161","l162"]],["Annotate",["l143",16],["pragma_auto_unroll_max_step"],[]],["Annotate",["l143",1],["pragma_unroll_explicit"],[]],["GetLoops",["b125"],[],["l163","l164","l165","l166","l167","l168","l169"]],["Annotate",["l163",16],["pragma_auto_unroll_max_step"],[]],["Annotate",["l163",1],["pragma_unroll_explicit"],[]],["GetBlock",[],["conv2d_nhwc","main"],["b170"]],["GetLoops",["b170"],[],["l171","l172","l173","l174","l175","l176","l177","l178","l179","l180","l181","l182","l183","l184","l185","l186","l187","l188","l189","l190"]],["DecomposeReduction",["b170","l174"],[],["b191"]]],[[8,[1,2,1,1,2]],[10,[7,8,1,1,1]],[12,[7,4,1,1,2]],[14,[2,1,64,2,1]],[16,[1,1,1]],[18,[1,1,1]],[20,[64,1,2]],[37,0],[43,3],[49,1]]],[0],{"arch":"sm_70","keys":["cuda","gpu"],"kind":"cuda","max_num_threads":1024,"max_shared_memory_per_block":49152,"max_threads_per_block":1024,"registers_per_block":65536,"tag":"","thread_warp_size":32},[["TENSOR","float32",[4,56,56,128]],["TENSOR","float32",[1,1,128,256]],["TENSOR","float32",[1,1,1,256]],["TENSOR","float32",[4,56,56,256]],["TENSOR","float32",[4,56,56,256]]]]]
[0,[[[["GetBlock",[],["pad_temp","main"],["b0"]],["GetBlock",[],["conv2d_nhwc","main"],["b1"]],["GetBlock",[],["T_add","main"],["b2"]],["GetBlock",[],["T_add_1","main"],["b3"]],["GetBlock",[],["T_relu","main"],["b4"]],["GetBlock",[],["root","main"],["b5"]],["Annotate",["b1","\"SSSRRSRS\""],["meta_schedule.tiling_structure"],[]],["GetLoops",["b1"],[],["l6","l7","l8","l9","l10","l11","l12"]],["SamplePerfectTile",["l6"],[5,64],["v13","v14","v15","v16","v17"]],["Split",["l6","v13","v14","v15","v16","v17"],[1],["l18","l19","l20","l21","l22"]],["SamplePerfectTile",["l7"],[5,64],["v23","v24","v25","v26","v27"]],["Split",["l7","v23","v24","v25","v26","v27"],[1],["l28","l29","l30","l31","l32"]],["SamplePerfectTile",["l8"],[5,64],["v33","v34","v35","v36","v37"]],["Split",["l8","v33","v34","v35","v36","v37"],[1],["l38","l39","l40","l41","l42"]],["SamplePerfectTile",["l9"],[5,64],["v43","v44","v45","v46","v47"]],["Split",["l9","v43","v44","v45","v46","v47"],[1],["l48","l49","l50","l51","l52"]],["SamplePerfectTile",["l10"],[3,64],["v53","v54","v55"]],["Split",["l10","v53","v54","v55"],[1],["l56","l57","l58"]],["SamplePerfectTile",["l11"],[3,64],["v59","v60","v61"]],["Split",["l11","v59","v60","v61"],[1],["l62","l63","l64"]],["SamplePerfectTile",["l12"],[3,64],["v65","v66","v67"]],["Split",["l12","v65","v66","v67"],[1],["l68","l69","l70"]],["Reorder",["l18","l28","l38","l48","l19","l29","l39","l49","l20","l30","l40","l50","l56","l62","l68","l57","l63","l69","l21","l31","l41","l51","l58","l64","l70","l22","l32","l42","l52"],[],[]],["Fuse",["l18","l28","l38","l48"],[1],["l71"]],["Bind",["l71"],["blockIdx.x"],[]],["Fuse",["l19","l29","l39","l49"],[1],["l72"]],["Bind",["l72"],["vthread.x"],[]],["Fuse",["l20","l30","l40","l50"],[1],["l73"]],["Bind",["l73"],["threadIdx.x"],[]],["Annotate",["b1",32],["meta_schedule.thread_extent_low_inclusive"],[]],["Annotate",["b1",1024],["meta_schedule.thread_extent_high_inclusive"],[]],["CacheWrite",["b1",[]],[0,"local"],["b74"]],["ReverseComputeAt",["b74","l73"],[1,-1],[]],["CacheRead",["b1",["b1"]],[0,"shared"],["b75"]],["ComputeAt",["b75","l68"],[1,-1],[]],["GetLoops",["b75"],[],["l76","l77","l78","l79","l80","l81","l82","l83","l84","l85"]],["Fuse",["l82","l83","l84","l85"],[1],["l86"]],["SampleCategorical",[],[[1,2,3,4],[0.25,0.25,0.25,0.25]],["v87"]],["Annotate",["b75","v87"],["meta_schedule.cooperative_fetch"],[]],["CacheRead",["b1",["b1"]],[1,"shared"],["b88"]],["ComputeAt",["b88","l68"],[1,-1],[]],["GetLoops",["b88"],[],["l89","l90","l91","l92","l93","l94","l95","l96","l97","l98"]],["Fuse",["l95","l96","l97","l98"],[1],["l99"]],["SampleCategorical",[],[[1,2,3,4],[0.25,0.25,0.25,0.25]],["v100"]],["Annotate",["b88","v100"],["meta_schedule.cooperative_fetch"],[]],["ReverseComputeInline",["b4"],[],[]],["ReverseComputeInline",["b3"],[],[]],["ReverseComputeInline",["b2"],[],[]],["ComputeInline",["b0"],[],[]],["SampleCategorical",[],[[0,16,64,512,1024],[0.2000000000000000111,0.2000000000000000111,0.2000000000000000111,0.2000000000000000111,0.2000000000000000111]],["v101"]],["Annotate",["b5","v101"],["meta_schedule.unroll_explicit"],[]],["EnterPostproc",[],[],[]],["Unannotate",["b75"],["meta_schedule.cooperative_fetch"],[]],["GetLoops",["b75"],[],["l102","l103","l104","l105","l106","l107","l108"]],["Split",["l108","None",1024],[1],["l109","l110"]],["Bind",["l110"],["threadIdx.x"],[]],["Unannotate",["b88"],["meta_schedule.cooperative_fetch"],[]],["GetLoops",["b88"],[],["l111","l112","l113","l114","l115","l116","l117"]],["Split",["l117","None",1024],[1],["l118","l119"]],["Bind",["l119"],["threadIdx.x"],[]],["GetBlock",[],["root","main"],["b120"]],["Unannotate",["b120"],["meta_schedule.unroll_explicit"],[]],["GetChildBlocks",["b120"],[],["b121","b122","b123","b124"]],["GetLoops",["b121"],[],["l125","l126","l127","l128","l129","l130","l131","l132"]],["Annotate",["l125",1024],["pragma_auto_unroll_max_step"],[]],["Annotate",["l125",1],["pragma_unroll_explicit"],[]],["GetLoops",["b122"],[],["l133","l134","l135","l136","l137","l138","l139","l140"]],["Annotate",["l133",1024],["pragma_auto_unroll_max_step"],[]],["Annotate",["l133",1],["pragma_unroll_explicit"],[]],["GetLoops",["b123"],[],["l141","l142","l143","l144","l145","l146","l147","l148","l149","l150","l151","l152","l153","l154","l155","l156","l157","l158","l159","l160"]],["Annotate",["l141",1024],["pragma_auto_unroll_max_step"],[]],["Annotate",["l141",1],["pragma_unroll_explicit"],[]],["GetLoops",["b124"],[],["l161","l162","l163","l164","l165","l166","l167"]],["Annotate",["l161",1024],["pragma_auto_unroll_max_step"],[]],["Annotate",["l161",1],["pragma_unroll_explicit"],[]],["GetBlock",[],["conv2d_nhwc","main"],["b168"]],["GetLoops",["b168"],[],["l169","l170","l171","l172","l173","l174","l175","l176","l177","l178","l179","l180","l181","l182","l183","l184","l185","l186","l187","l188"]],["DecomposeReduction",["b168","l172"],[],["b189"]]],[[8,[2,1,2,1,1]],[10,[1,4,1,1,14]],[12,[1,1,8,7,1]],[14,[1,2,64,1,2]],[16,[1,1,1]],[18,[1,1,1]],[20,[128,1,1]],[37,0],[43,0],[49,4]]],[0],{"arch":"sm_70","keys":["cuda","gpu"],"kind":"cuda","max_num_threads":1024,"max_shared_memory_per_block":49152,"max_threads_per_block":1024,"registers_per_block":65536,"tag":"","thread_warp_size":32},[["TENSOR","float32",[4,56,56,128]],["TENSOR","float32",[1,1,128,256]],["TENSOR","float32",[1,1,1,256]],["TENSOR","float32",[4,56,56,256]],["TENSOR","float32",[4,56,56,256]]]]]
[0,[[[["GetBlock",[],["pad_temp","main"],["b0"]],["GetBlock",[],["conv2d_nhwc","main"],["b1"]],["GetBlock",[],["T_add","main"],["b2"]],["GetBlock",[],["T_add_1","main"],["b3"]],["GetBlock",[],["T_relu","main"],["b4"]],["GetBlock",[],["root","main"],["b5"]],["Annotate",["b1","\"SSSRRSRS\""],["meta_schedule.tiling_structure"],[]],["GetLoops",["b1"],[],["l6","l7","l8","l9","l10","l11","l12"]],["SamplePerfectTile",["l6"],[5,64],["v13","v14","v15","v16","v17"]],["Split",["l6","v13","v14","v15","v16","v17"],[1],["l18","l19","l20","l21","l22"]],["SamplePerfectTile",["l7"],[5,64],["v23","v24","v25","v26","v27"]],["Split",["l7","v23","v24","v25","v26","v27"],[1],["l28","l29","l30","l31","l32"]],["SamplePerfectTile",["l8"],[5,64],["v33","v34","v35","v36","v37"]],["Split",["l8","v33","v34","v35","v36","v37"],[1],["l38","l39","l40","l41","l42"]],["SamplePerfectTile",["l9"],[5,64],["v43","v44","v45","v46","v47"]],["Split",["l9","v43","v44","v45","v46","v47"],[1],["l48","l49","l50","l51","l52"]],["SamplePerfectTile",["l10"],[3,64],["v53","v54","v55"]],["Split",["l10","v53","v54","v55"],[1],["l56","l57","l58"]],["SamplePerfectTile",["l11"],[3,64],["v59","v60","v61"]],["Split",["l11","v59","v60","v61"],[1],["l62","l63","l64"]],["SamplePerfectTile",["l12"],[3,64],["v65","v66","v67"]],["Split",["l12","v65","v66","v67"],[1],["l68","l69","l70"]],["Reorder",["l18","l28","l38","l48","l19","l29","l39","l49","l20","l30","l40","l50","l56","l62","l68","l57","l63","l69","l21","l31","l41","l51","l58","l64","l70","l22","l32","l42","l52"],[],[]],["Fuse",["l18","l28","l38","l48"],[1],["l71"]],["Bind",["l71"],["blockIdx.x"],[]],["Fuse",["l19","l29","l39","l49"],[1],["l72"]],["Bind",["l72"],["vthread.x"],[]],["Fuse",["l20","l30","l40","l50"],[1],["l73"]],["Bind",["l73"],["threadIdx.x"],[]],["Annotate",["b1",32],["meta_schedule.thread_extent_low_inclusive"],[]],["Annotate",["b1",1024],["meta_schedule.thread_extent_high_inclusive"],[]],["CacheWrite",["b1",[]],[0,"local"],["b74"]],["ReverseComputeAt",["b74","l73"],[1,-1],[]],["CacheRead",["b1",["b1"]],[0,"shared"],["b75"]],["ComputeAt",["b75","l68"],[1,-1],[]],["GetLoops",["b75"],[],["l76","l77","l78","l79","l80","l81","l82","l83","l84","l85"]],["Fuse",["l82","l83","l84","l85"],[1],["l86"]],["SampleCategorical",[],[[1,2,3,4],[0.25,0.25,0.25,0.25]],["v87"]],["Annotate",["b75","v87"],["meta_schedule.cooperative_fetch"],[]],["CacheRead",["b1",["b1"]],[1,"shared"],["b88"]],["ComputeAt",["b88","l68"],[1,-1],[]],["GetLoops",["b88"],[],["l89","l90","l91","l92","l93","l94","l95","l96","l97","l98"]],["Fuse",["l95","l96","l97","l98"],[1],["l99"]],["SampleCategorical",[],[[1,2,3,4],[0.25,0.25,0.25,0.25]],["v100"]],["Annotate",["b88","v100"],["meta_schedule.cooperative_fetch"],[]],["ReverseComputeInline",["b4"],[],[]],["ReverseComputeInline",["b3"],[],[]],["ReverseComputeInline",["b2"],[],[]],["ComputeInline",["b0"],[],[]],["SampleCategorical",[],[[0,16,64,512,1024],[0.2000000000000000111,0.2000000000000000111,0.2000000000000000111,0.2000000000000000111,0.2000000000000000111]],["v101"]],["Annotate",["b5","v101"],["meta_schedule.unroll_explicit"],[]],["EnterPostproc",[],[],[]],["Unannotate",["b75"],["meta_schedule.cooperative_fetch"],[]],["GetLoops",["b75"],[],["l102","l103","l104","l105","l106","l107","l108"]],["Split",["l108","None",128,4],[1],["l109","l110","l111"]],["Vectorize",["l111"],[],[]],["Bind",["l110"],["threadIdx.x"],[]],["Unannotate",["b88"],["meta_schedule.cooperative_fetch"],[]],["GetLoops",["b88"],[],["l112","l113","l114","l115","l116","l117","l118"]],["Split",["l118","None",128,2],[1],["l119","l120","l121"]],["Vectorize",["l121"],[],[]],["Bind",["l120"],["threadIdx.x"],[]],["GetBlock",[],["root","main"],["b122"]],["Unannotate",["b122"],["meta_schedule.unroll_explicit"],[]],["GetChildBlocks",["b122"],[],["b123","b124","b125","b126"]],["GetLoops",["b123"],[],["l127","l128","l129","l130","l131","l132","l133","l134","l135"]],["Annotate",["l127",512],["pragma_auto_unroll_max_step"],[]],["Annotate",["l127",1],["pragma_unroll_explicit"],[]],["GetLoops",["b124"],[],["l136","l137","l138","l139","l140","l141","l142","l143","l144"]],["Annotate",["l136",512],["pragma_auto_unroll_max_step"],[]],["Annotate",["l136",1],["pragma_unroll_explicit"],[]],["GetLoops",["b125"],[],["l145","l146","l147","l148","l149","l150","l151","l152","l153","l154","l155","l156","l157","l158","l159","l160","l161","l162","l163","l164"]],["Annotate",["l145",512],["pragma_auto_unroll_max_step"],[]],["Annotate",["l145",1],["pragma_unroll_explicit"],[]],["GetLoops",["b126"],[],["l165","l166","l167","l168","l169","l170","l171"]],["Annotate",["l165",512],["pragma_auto_unroll_max_step"],[]],["Annotate",["l165",1],["pragma_unroll_explicit"],[]],["GetBlock",[],["conv2d_nhwc","main"],["b172"]],["GetLoops",["b172"],[],["l173","l174","l175","l176","l177","l178","l179","l180","l181","l182","l183","l184","l185","l186","l187","l188","l189","l190","l191","l192"]],["DecomposeReduction",["b172","l176"],[],["b193"]]],[[8,[1,2,2,1,1]],[10,[2,1,2,2,7]],[12,[7,1,1,8,1]],[14,[1,1,32,1,8]],[16,[1,1,1]],[18,[1,1,1]],[20,[16,8,1]],[37,3],[43,1],[49,3]]],[0],{"arch":"sm_70","keys":["cuda","gpu"],"kind":"cuda","max_num_threads":1024,"max_shared_memory_per_block":49152,"max_threads_per_block":1024,"registers_per_block":65536,"tag":"","thread_warp_size":32},[["TENSOR","float32",[4,56,56,128]],["TENSOR","float32",[1,1,128,256]],["TENSOR","float32",[1,1,1,256]],["TENSOR","float32",[4,56,56,256]],["TENSOR","float32",[4,56,56,256]]]]]
[0,[[[["GetBlock",[],["pad_temp","main"],["b0"]],["GetBlock",[],["conv2d_nhwc","main"],["b1"]],["GetBlock",[],["T_add","main"],["b2"]],["GetBlock",[],["T_add_1","main"],["b3"]],["GetBlock",[],["T_relu","main"],["b4"]],["GetBlock",[],["root","main"],["b5"]],["Annotate",["b1","\"SSSRRSRS\""],["meta_schedule.tiling_structure"],[]],["GetLoops",["b1"],[],["l6","l7","l8","l9","l10","l11","l12"]],["SamplePerfectTile",["l6"],[5,64],["v13","v14","v15","v16","v17"]],["Split",["l6","v13","v14","v15","v16","v17"],[1],["l18","l19","l20","l21","l22"]],["SamplePerfectTile",["l7"],[5,64],["v23","v24","v25","v26","v27"]],["Split",["l7","v23","v24","v25","v26","v27"],[1],["l28","l29","l30","l31","l32"]],["SamplePerfectTile",["l8"],[5,64],["v33","v34","v35","v36","v37"]],["Split",["l8","v33","v34","v35","v36","v37"],[1],["l38","l39","l40","l41","l42"]],["SamplePerfectTile",["l9"],[5,64],["v43","v44","v45","v46","v47"]],["Split",["l9","v43","v44","v45","v46","v47"],[1],["l48","l49","l50","l51","l52"]],["SamplePerfectTile",["l10"],[3,64],["v53","v54","v55"]],["Split",["l10","v53","v54","v55"],[1],["l56","l57","l58"]],["SamplePerfectTile",["l11"],[3,64],["v59","v60","v61"]],["Split",["l11","v59","v60","v61"],[1],["l62","l63","l64"]],["SamplePerfectTile",["l12"],[3,64],["v65","v66","v67"]],["Split",["l12","v65","v66","v67"],[1],["l68","l69","l70"]],["Reorder",["l18","l28","l38","l48","l19","l29","l39","l49","l20","l30","l40","l50","l56","l62","l68","l57","l63","l69","l21","l31","l41","l51","l58","l64","l70","l22","l32","l42","l52"],[],[]],["Fuse",["l18","l28","l38","l48"],[1],["l71"]],["Bind",["l71"],["blockIdx.x"],[]],["Fuse",["l19","l29","l39","l49"],[1],["l72"]],["Bind",["l72"],["vthread.x"],[]],["Fuse",["l20","l30","l40","l50"],[1],["l73"]],["Bind",["l73"],["threadIdx.x"],[]],["Annotate",["b1",32],["meta_schedule.thread_extent_low_inclusive"],[]],["Annotate",["b1",1024],["meta_schedule.thread_extent_high_inclusive"],[]],["CacheWrite",["b1",[]],[0,"local"],["b74"]],["ReverseComputeAt",["b74","l73"],[1,-1],[]],["CacheRead",["b1",["b1"]],[0,"shared"],["b75"]],["ComputeAt",["b75","l68"],[1,-1],[]],["GetLoops",["b75"],[],["l76","l77","l78","l79","l80","l81","l82","l83","l84","l85"]],["Fuse",["l82","l83","l84","l85"],[1],["l86"]],["SampleCategorical",[],[[1,2,3,4],[0.25,0.25,0.25,0.25]],["v87"]],["Annotate",["b75","v87"],["meta_schedule.cooperative_fetch"],[]],["CacheRead",["b1",["b1"]],[1,"shared"],["b88"]],["ComputeAt",["b88","l68"],[1,-1],[]],["GetLoops",["b88"],[],["l89","l90","l91","l92","l93","l94","l95","l96","l97","l98"]],["Fuse",["l95","l96","l97","l98"],[1],["l99"]],["SampleCategorical",[],[[1,2,3,4],[0.25,0.25,0.25,0.25]],["v100"]],["Annotate",["b88","v100"],["meta_schedule.cooperative_fetch"],[]],["ReverseComputeInline",["b4"],[],[]],["ReverseComputeInline",["b3"],[],[]],["ReverseComputeInline",["b2"],[],[]],["ComputeInline",["b0"],[],[]],["SampleCategorical",[],[[0,16,64,512,1024],[0.2000000000000000111,0.2000000000000000111,0.2000000000000000111,0.2000000000000000111,0.2000000000000000111]],["v101"]],["Annotate",["b5","v101"],["meta_schedule.unroll_explicit"],[]],["EnterPostproc",[],[],[]],["Unannotate",["b75"],["meta_schedule.cooperative_fetch"],[]],["GetLoops",["b75"],[],["l102","l103","l104","l105","l106","l107","l108"]],["Split",["l108","None",56],[1],["l109","l110"]],["Bind",["l110"],["threadIdx.x"],[]],["Unannotate",["b88"],["meta_schedule.cooperative_fetch"],[]],["GetLoops",["b88"],[],["l111","l112","l113","l114","l115","l116","l117"]],["Split",["l117","None",56],[1],["l118","l119"]],["Bind",["l119"],["threadIdx.x"],[]],["GetBlock",[],["root","main"],["b120"]],["Unannotate",["b120"],["meta_schedule.unroll_explicit"],[]],["GetChildBlocks",["b120"],[],["b121","b122","b123","b124"]],["GetLoops",["b121"],[],["l125","l126","l127","l128","l129","l130","l131","l132"]],["Annotate",["l125",64],["pragma_auto_unroll_max_step"],[]],["Annotate",["l125",1],["pragma_unroll_explicit"],[]],["GetLoops",["b122"],[],["l133","l134","l135","l136","l137","l138","l139","l140"]],["Annotate",["l133",64],["pragma_auto_unroll_max_step"],[]],["Annotate",["l133",1],["pragma_unroll_explicit"],[]],["GetLoops",["b123"],[],["l141","l142","l143","l144","l145","l146","l147","l148","l149","l150","l151","l152","l153","l154","l155","l156","l157","l158","l159","l160"]],["Annotate",["l141",64],["pragma_auto_unroll_max_step"],[]],["Annotate",["l141",1],["pragma_unroll_explicit"],[]],["GetLoops",["b124"],[],["l161","l162","l163","l164","l165","l166","l167"]],["Annotate",["l161",64],["pragma_auto_unroll_max_step"],[]],["Annotate",["l161",1],["pragma_unroll_explicit"],[]],["GetBlock",[],["conv2d_nhwc","main"],["b168"]],["GetLoops",["b168"],[],["l169","l170","l171","l172","l173","l174","l175","l176","l177","l178","l179","l180","l181","l182","l183","l184","l185","l186","l187","l188"]],["DecomposeReduction",["b168","l172"],[],["b189"]]],[[8,[2,1,1,1,2]],[10,[2,1,4,1,7]],[12,[1,1,14,2,2]],[14,[1,4,1,8,8]],[16,[1,1,1]],[18,[1,1,1]],[20,[64,1,2]],[37,0],[43,0],[49,2]]],[0],{"arch":"sm_70","keys":["cuda","gpu"],"kind":"cuda","max_num_threads":1024,"max_shared_memory_per_block":49152,"max_threads_per_block":1024,"registers_per_block":65536,"tag":"","thread_warp_size":32},[["TENSOR","float32",[4,56,56,128]],["TENSOR","float32",[1,1,128,256]],["TENSOR","float32",[1,1,1,256]],["TENSOR","float32",[4,56,56,256]],["TENSOR","float32",[4,56,56,256]]]]]
[0,[[[["GetBlock",[],["pad_temp","main"],["b0"]],["GetBlock",[],["conv2d_nhwc","main"],["b1"]],["GetBlock",[],["T_add","main"],["b2"]],["GetBlock",[],["T_add_1","main"],["b3"]],["GetBlock",[],["T_relu","main"],["b4"]],["GetBlock",[],["root","main"],["b5"]],["Annotate",["b1","\"SSSRRSRS\""],["meta_schedule.tiling_structure"],[]],["GetLoops",["b1"],[],["l6","l7","l8","l9","l10","l11","l12"]],["SamplePerfectTile",["l6"],[5,64],["v13","v14","v15","v16","v17"]],["Split",["l6","v13","v14","v15","v16","v17"],[1],["l18","l19","l20","l21","l22"]],["SamplePerfectTile",["l7"],[5,64],["v23","v24","v25","v26","v27"]],["Split",["l7","v23","v24","v25","v26","v27"],[1],["l28","l29","l30","l31","l32"]],["SamplePerfectTile",["l8"],[5,64],["v33","v34","v35","v36","v37"]],["Split",["l8","v33","v34","v35","v36","v37"],[1],["l38","l39","l40","l41","l42"]],["SamplePerfectTile",["l9"],[5,64],["v43","v44","v45","v46","v47"]],["Split",["l9","v43","v44","v45","v46","v47"],[1],["l48","l49","l50","l51","l52"]],["SamplePerfectTile",["l10"],[3,64],["v53","v54","v55"]],["Split",["l10","v53","v54","v55"],[1],["l56","l57","l58"]],["SamplePerfectTile",["l11"],[3,64],["v59","v60","v61"]],["Split",["l11","v59","v60","v61"],[1],["l62","l63","l64"]],["SamplePerfectTile",["l12"],[3,64],["v65","v66","v67"]],["Split",["l12","v65","v66","v67"],[1],["l68","l69","l70"]],["Reorder",["l18","l28","l38","l48","l19","l29","l39","l49","l20","l30","l40","l50","l56","l62","l68","l57","l63","l69","l21","l31","l41","l51","l58","l64","l70","l22","l32","l42","l52"],[],[]],["Fuse",["l18","l28","l38","l48"],[1],["l71"]],["Bind",["l71"],["blockIdx.x"],[]],["Fuse",["l19","l29","l39","l49"],[1],["l72"]],["Bind",["l72"],["vthread.x"],[]],["Fuse",["l20","l30","l40","l50"],[1],["l73"]],["Bind",["l73"],["threadIdx.x"],[]],["Annotate",["b1",32],["meta_schedule.thread_extent_low_inclusive"],[]],["Annotate",["b1",1024],["meta_schedule.thread_extent_high_inclusive"],[]],["CacheWrite",["b1",[]],[0,"local"],["b74"]],["ReverseComputeAt",["b74","l73"],[1,-1],[]],["CacheRead",["b1",["b1"]],[0,"shared"],["b75"]],["ComputeAt",["b75","l68"],[1,-1],[]],["GetLoops",["b75"],[],["l76","l77","l78","l79","l80","l81","l82","l83","l84","l85"]],["Fuse",["l82","l83","l84","l85"],[1],["l86"]],["SampleCategorical",[],[[1,2,3,4],[0.25,0.25,0.25,0.25]],["v87"]],["Annotate",["b75","v87"],["meta_schedule.cooperative_fetch"],[]],["CacheRead",["b1",["b1"]],[1,"shared"],["b88"]],["ComputeAt",["b88","l68"],[1,-1],[]],["GetLoops",["b88"],[],["l89","l90","l91","l92","l93","l94","l95","l96","l97","l98"]],["Fuse",["l95","l96","l97","l98"],[1],["l99"]],["SampleCategorical",[],[[1,2,3,4],[0.25,0.25,0.25,0.25]],["v100"]],["Annotate",["b88","v100"],["meta_schedule.cooperative_fetch"],[]],["ReverseComputeInline",["b4"],[],[]],["ReverseComputeInline",["b3"],[],[]],["ReverseComputeInline",["b2"],[],[]],["ComputeInline",["b0"],[],[]],["SampleCategorical",[],[[0,16,64,512,1024],[0.2000000000000000111,0.2000000000000000111,0.2000000000000000111,0.2000000000000000111,0.2000000000000000111]],["v101"]],["Annotate",["b5","v101"],["meta_schedule.unroll_explicit"],[]],["EnterPostproc",[],[],[]],["Unannotate",["b75"],["meta_schedule.cooperative_fetch"],[]],["GetLoops",["b75"],[],["l102","l103","l104","l105","l106","l107","l108"]],["Split",["l108","None",32],[1],["l109","l110"]],["Bind",["l110"],["threadIdx.x"],[]],["Unannotate",["b88"],["meta_schedule.cooperative_fetch"],[]],["GetLoops",["b88"],[],["l111","l112","l113","l114","l115","l116","l117"]],["Split",["l117","None",32,2],[1],["l118","l119","l120"]],["Vectorize",["l120"],[],[]],["Bind",["l119"],["threadIdx.x"],[]],["GetBlock",[],["root","main"],["b121"]],["Unannotate",["b121"],["meta_schedule.unroll_explicit"],[]],["GetChildBlocks",["b121"],[],["b122","b123","b124","b125"]],["GetLoops",["b122"],[],["l126","l127","l128","l129","l130","l131","l132","l133"]],["Annotate",["l126",16],["pragma_auto_unroll_max_step"],[]],["Annotate",["l126",1],["pragma_unroll_explicit"],[]],["GetLoops",["b123"],[],["l134","l135","l136","l137","l138","l139","l140","l141","l142"]],["Annotate",["l134",16],["pragma_auto_unroll_max_step"],[]],["Annotate",["l134",1],["pragma_unroll_explicit"],[]],["GetLoops",["b124"],[],["l143","l144","l145","l146","l147","l148","l149","l150","l151","l152","l153","l154","l155","l156","l157","l158","l159","l160","l161","l162"]],["Annotate",["l143",16],["pragma_auto_unroll_max_step"],[]],["Annotate",["l143",1],["pragma_unroll_explicit"],[]],["GetLoops",["b125"],[],["l163","l164","l165","l166","l167","l168","l169"]],["Annotate",["l163",16],["pragma_auto_unroll_max_step"],[]],["Annotate",["l163",1],["pragma_unroll_explicit"],[]],["GetBlock",[],["conv2d_nhwc","main"],["b170"]],["GetLoops",["b170"],[],["l171","l172","l173","l174","l175","l176","l177","l178","l179","l180","l181","l182","l183","l184","l185","l186","l187","l188","l189","l190"]],["DecomposeReduction",["b170","l174"],[],["b191"]]],[[8,[2,1,2,1,1]],[10,[7,2,2,1,2]],[12,[1,7,4,1,2]],[14,[1,16,2,8,1]],[16,[1,1,1]],[18,[1,1,1]],[20,[16,1,8]],[37,0],[43,1],[49,1]]],[0],{"arch":"sm_70","keys":["cuda","gpu"],"kind":"cuda","max_num_threads":1024,"max_shared_memory_per_block":49152,"max_threads_per_block":1024,"registers_per_block":65536,"tag":"","thread_warp_size":32},[["TENSOR","float32",[4,56,56,128]],["TENSOR","float32",[1,1,128,256]],["TENSOR","float32",[1,1,1,256]],["TENSOR","float32",[4,56,56,256]],["TENSOR","float32",[4,56,56,256]]]]]
[0,[[[["GetBlock",[],["pad_temp","main"],["b0"]],["GetBlock",[],["conv2d_nhwc","main"],["b1"]],["GetBlock",[],["T_add","main"],["b2"]],["GetBlock",[],["T_add_1","main"],["b3"]],["GetBlock",[],["T_relu","main"],["b4"]],["GetBlock",[],["root","main"],["b5"]],["Annotate",["b1","\"SSSRRSRS\""],["meta_schedule.tiling_structure"],[]],["GetLoops",["b1"],[],["l6","l7","l8","l9","l10","l11","l12"]],["SamplePerfectTile",["l6"],[5,64],["v13","v14","v15","v16","v17"]],["Split",["l6","v13","v14","v15","v16","v17"],[1],["l18","l19","l20","l21","l22"]],["SamplePerfectTile",["l7"],[5,64],["v23","v24","v25","v26","v27"]],["Split",["l7","v23","v24","v25","v26","v27"],[1],["l28","l29","l30","l31","l32"]],["SamplePerfectTile",["l8"],[5,64],["v33","v34","v35","v36","v37"]],["Split",["l8","v33","v34","v35","v36","v37"],[1],["l38","l39","l40","l41","l42"]],["SamplePerfectTile",["l9"],[5,64],["v43","v44","v45","v46","v47"]],["Split",["l9","v43","v44","v45","v46","v47"],[1],["l48","l49","l50","l51","l52"]],["SamplePerfectTile",["l10"],[3,64],["v53","v54","v55"]],["Split",["l10","v53","v54","v55"],[1],["l56","l57","l58"]],["SamplePerfectTile",["l11"],[3,64],["v59","v60","v61"]],["Split",["l11","v59","v60","v61"],[1],["l62","l63","l64"]],["SamplePerfectTile",["l12"],[3,64],["v65","v66","v67"]],["Split",["l12","v65","v66","v67"],[1],["l68","l69","l70"]],["Reorder",["l18","l28","l38","l48","l19","l29","l39","l49","l20","l30","l40","l50","l56","l62","l68","l57","l63","l69","l21","l31","l41","l51","l58","l64","l70","l22","l32","l42","l52"],[],[]],["Fuse",["l18","l28","l38","l48"],[1],["l71"]],["Bind",["l71"],["blockIdx.x"],[]],["Fuse",["l19","l29","l39","l49"],[1],["l72"]],["Bind",["l72"],["vthread.x"],[]],["Fuse",["l20","l30","l40","l50"],[1],["l73"]],["Bind",["l73"],["threadIdx.x"],[]],["Annotate",["b1",32],["meta_schedule.thread_extent_low_inclusive"],[]],["Annotate",["b1",1024],["meta_schedule.thread_extent_high_inclusive"],[]],["CacheWrite",["b1",[]],[0,"local"],["b74"]],["ReverseComputeAt",["b74","l73"],[1,-1],[]],["CacheRead",["b1",["b1"]],[0,"shared"],["b75"]],["ComputeAt",["b75","l68"],[1,-1],[]],["GetLoops",["b75"],[],["l76","l77","l78","l79","l80","l81","l82","l83","l84","l85"]],["Fuse",["l82","l83","l84","l85"],[1],["l86"]],["SampleCategorical",[],[[1,2,3,4],[0.25,0.25,0.25,0.25]],["v87"]],["Annotate",["b75","v87"],["meta_schedule.cooperative_fetch"],[]],["CacheRead",["b1",["b1"]],[1,"shared"],["b88"]],["ComputeAt",["b88","l68"],[1,-1],[]],["GetLoops",["b88"],[],["l89","l90","l91","l92","l93","l94","l95","l96","l97","l98"]],["Fuse",["l95","l96","l97","l98"],[1],["l99"]],["SampleCategorical",[],[[1,2,3,4],[0.25,0.25,0.25,0.25]],["v100"]],["Annotate",["b88","v100"],["meta_schedule.cooperative_fetch"],[]],["ReverseComputeInline",["b4"],[],[]],["ReverseComputeInline",["b3"],[],[]],["ReverseComputeInline",["b2"],[],[]],["ComputeInline",["b0"],[],[]],["SampleCategorical",[],[[0,16,64,512,1024],[0.2000000000000000111,0.2000000000000000111,0.2000000000000000111,0.2000000000000000111,0.2000000000000000111]],["v101"]],["Annotate",["b5","v101"],["meta_schedule.unroll_explicit"],[]],["EnterPostproc",[],[],[]],["Unannotate",["b75"],["meta_schedule.cooperative_fetch"],[]],["GetLoops",["b75"],[],["l102","l103","l104","l105","l106","l107","l108"]],["Split",["l108","None",56],[1],["l109","l110"]],["Bind",["l110"],["threadIdx.x"],[]],["Unannotate",["b88"],["meta_schedule.cooperative_fetch"],[]],["GetLoops",["b88"],[],["l111","l112","l113","l114","l115","l116","l117"]],["Split",["l117","None",56],[1],["l118","l119"]],["Bind",["l119"],["threadIdx.x"],[]],["GetBlock",[],["root","main"],["b120"]],["Unannotate",["b120"],["meta_schedule.unroll_explicit"],[]],["GetChildBlocks",["b120"],[],["b121","b122","b123","b124"]],["GetLoops",["b121"],[],["l125","l126","l127","l128","l129","l130","l131","l132"]],["Annotate",["l125",1024],["pragma_auto_unroll_max_step"],[]],["Annotate",["l125",1],["pragma_unroll_explicit"],[]],["GetLoops",["b122"],[],["l133","l134","l135","l136","l137","l138","l139","l140"]],["Annotate",["l133",1024],["pragma_auto_unroll_max_step"],[]],["Annotate",["l133",1],["pragma_unroll_explicit"],[]],["GetLoops",["b123"],[],["l141","l142","l143","l144","l145","l146","l147","l148","l149","l150","l151","l152","l153","l154","l155","l156","l157","l158","l159","l160"]],["Annotate",["l141",1024],["pragma_auto_unroll_max_step"],[]],["Annotate",["l141",1],["pragma_unroll_explicit"],[]],["GetLoops",["b124"],[],["l161","l162","l163","l164","l165","l166","l167"]],["Annotate",["l161",1024],["pragma_auto_unroll_max_step"],[]],["Annotate",["l161",1],["pragma_unroll_explicit"],[]],["GetBlock",[],["conv2d_nhwc","main"],["b168"]],["GetLoops",["b168"],[],["l169","l170","l171","l172","l173","l174","l175","l176","l177","l178","l179","l180","l181","l182","l183","l184","l185","l186","l187","l188"]],["DecomposeReduction",["b168","l172"],[],["b189"]]],[[8,[2,1,1,2,1]],[10,[1,1,4,7,2]],[12,[8,1,7,1,1]],[14,[1,8,2,1,16]],[16,[1,1,1]],[18,[1,1,1]],[20,[16,1,8]],[37,2],[43,2],[49,4]]],[0],{"arch":"sm_70","keys":["cuda","gpu"],"kind":"cuda","max_num_threads":1024,"max_shared_memory_per_block":49152,"max_threads_per_block":1024,"registers_per_block":65536,"tag":"","thread_warp_size":32},[["TENSOR","float32",[4,56,56,128]],["TENSOR","float32",[1,1,128,256]],["TENSOR","float32",[1,1,1,256]],["TENSOR","float32",[4,56,56,256]],["TENSOR","float32",[4,56,56,256]]]]]
[0,[[[["GetBlock",[],["pad_temp","main"],["b0"]],["GetBlock",[],["conv2d_nhwc","main"],["b1"]],["GetBlock",[],["T_add","main"],["b2"]],["GetBlock",[],["T_add_1","main"],["b3"]],["GetBlock",[],["T_relu","main"],["b4"]],["GetBlock",[],["root","main"],["b5"]],["Annotate",["b1","\"SSSRRSRS\""],["meta_schedule.tiling_structure"],[]],["GetLoops",["b1"],[],["l6","l7","l8","l9","l10","l11","l12"]],["SamplePerfectTile",["l6"],[5,64],["v13","v14","v15","v16","v17"]],["Split",["l6","v13","v14","v15","v16","v17"],[1],["l18","l19","l20","l21","l22"]],["SamplePerfectTile",["l7"],[5,64],["v23","v24","v25","v26","v27"]],["Split",["l7","v23","v24","v25","v26","v27"],[1],["l28","l29","l30","l31","l32"]],["SamplePerfectTile",["l8"],[5,64],["v33","v34","v35","v36","v37"]],["Split",["l8","v33","v34","v35","v36","v37"],[1],["l38","l39","l40","l41","l42"]],["SamplePerfectTile",["l9"],[5,64],["v43","v44","v45","v46","v47"]],["Split",["l9","v43","v44","v45","v46","v47"],[1],["l48","l49","l50","l51","l52"]],["SamplePerfectTile",["l10"],[3,64],["v53","v54","v55"]],["Split",["l10","v53","v54","v55"],[1],["l56","l57","l58"]],["SamplePerfectTile",["l11"],[3,64],["v59","v60","v61"]],["Split",["l11","v59","v60","v61"],[1],["l62","l63","l64"]],["SamplePerfectTile",["l12"],[3,64],["v65","v66","v67"]],["Split",["l12","v65","v66","v67"],[1],["l68","l69","l70"]],["Reorder",["l18","l28","l38","l48","l19","l29","l39","l49","l20","l30","l40","l50","l56","l62","l68","l57","l63","l69","l21","l31","l41","l51","l58","l64","l70","l22","l32","l42","l52"],[],[]],["Fuse",["l18","l28","l38","l48"],[1],["l71"]],["Bind",["l71"],["blockIdx.x"],[]],["Fuse",["l19","l29","l39","l49"],[1],["l72"]],["Bind",["l72"],["vthread.x"],[]],["Fuse",["l20","l30","l40","l50"],[1],["l73"]],["Bind",["l73"],["threadIdx.x"],[]],["Annotate",["b1",32],["meta_schedule.thread_extent_low_inclusive"],[]],["Annotate",["b1",1024],["meta_schedule.thread_extent_high_inclusive"],[]],["CacheWrite",["b1",[]],[0,"local"],["b74"]],["ReverseComputeAt",["b74","l73"],[1,-1],[]],["CacheRead",["b1",["b1"]],[0,"shared"],["b75"]],["ComputeAt",["b75","l68"],[1,-1],[]],["GetLoops",["b75"],[],["l76","l77","l78","l79","l80","l81","l82","l83","l84","l85"]],["Fuse",["l82","l83","l84","l85"],[1],["l86"]],["SampleCategorical",[],[[1,2,3,4],[0.25,0.25,0.25,0.25]],["v87"]],["Annotate",["b75","v87"],["meta_schedule.cooperative_fetch"],[]],["CacheRead",["b1",["b1"]],[1,"shared"],["b88"]],["ComputeAt",["b88","l68"],[1,-1],[]],["GetLoops",["b88"],[],["l89","l90","l91","l92","l93","l94","l95","l96","l97","l98"]],["Fuse",["l95","l96","l97","l98"],[1],["l99"]],["SampleCategorical",[],[[1,2,3,4],[0.25,0.25,0.25,0.25]],["v100"]],["Annotate",["b88","v100"],["meta_schedule.cooperative_fetch"],[]],["ReverseComputeInline",["b4"],[],[]],["ReverseComputeInline",["b3"],[],[]],["ReverseComputeInline",["b2"],[],[]],["ComputeInline",["b0"],[],[]],["SampleCategorical",[],[[0,16,64,512,1024],[0.2000000000000000111,0.2000000000000000111,0.2000000000000000111,0.2000000000000000111,0.2000000000000000111]],["v101"]],["Annotate",["b5","v101"],["meta_schedule.unroll_explicit"],[]],["EnterPostproc",[],[],[]],["Unannotate",["b75"],["meta_schedule.cooperative_fetch"],[]],["GetLoops",["b75"],[],["l102","l103","l104","l105","l106","l107","l108"]],["Split",["l108","None",32,2],[1],["l109","l110","l111"]],["Vectorize",["l111"],[],[]],["Bind",["l110"],["threadIdx.x"],[]],["Unannotate",["b88"],["meta_schedule.cooperative_fetch"],[]],["GetLoops",["b88"],[],["l112","l113","l114","l115","l116","l117","l118"]],["Split",["l118","None",32,4],[1],["l119","l120","l121"]],["Vectorize",["l121"],[],[]],["Bind",["l120"],["threadIdx.x"],[]],["GetBlock",[],["root","main"],["b122"]],["Unannotate",["b122"],["meta_schedule.unroll_explicit"],[]],["GetChildBlocks",["b122"],[],["b123","b124","b125","b126"]],["GetLoops",["b123"],[],["l127","l128","l129","l130","l131","l132","l133","l134","l135"]],["Annotate",["l127",512],["pragma_auto_unroll_max_step"],[]],["Annotate",["l127",1],["pragma_unroll_explicit"],[]],["GetLoops",["b124"],[],["l136","l137","l138","l139","l140","l141","l142","l143","l144"]],["Annotate",["l136",512],["pragma_auto_unroll_max_step"],[]],["Annotate",["l136",1],["pragma_unroll_explicit"],[]],["GetLoops",["b125"],[],["l145","l146","l147","l148","l149","l150","l151","l152","l153","l154","l155","l156","l157","l158","l159","l160","l161","l162","l163","l164"]],["Annotate",["l145",512],["pragma_auto_unroll_max_step"],[]],["Annotate",["l145",1],["pragma_unroll_explicit"],[]],["GetLoops",["b126"],[],["l165","l166","l167","l168","l169","l170","l171"]],["Annotate",["l165",512],["pragma_auto_unroll_max_step"],[]],["Annotate",["l165",1],["pragma_unroll_explicit"],[]],["GetBlock",[],["conv2d_nhwc","main"],["b172"]],["GetLoops",["b172"],[],["l173","l174","l175","l176","l177","l178","l179","l180","l181","l182","l183","l184","l185","l186","l187","l188","l189","l190","l191","l192"]],["DecomposeReduction",["b172","l176"],[],["b193"]]],[[8,[1,2,2,1,1]],[10,[28,1,2,1,1]],[12,[2,7,1,4,1]],[14,[4,1,8,2,4]],[16,[1,1,1]],[18,[1,1,1]],[20,[4,4,8]],[37,1],[43,3],[49,3]]],[0],{"arch":"sm_70","keys":["cuda","gpu"],"kind":"cuda","max_num_threads":1024,"max_shared_memory_per_block":49152,"max_threads_per_block":1024,"registers_per_block":65536,"tag":"","thread_warp_size":32},[["TENSOR","float32",[4,56,56,128]],["TENSOR","float32",[1,1,128,256]],["TENSOR","float32",[1,1,1,256]],["TENSOR","float32",[4,56,56,256]],["TENSOR","float32",[4,56,56,256]]]]]
