[0,[[[["GetBlock",[],["T_reshape","main"],["b0"]],["GetLoops",["b0"],[],["l1","l2","l3"]],["Fuse",["l1","l2","l3"],[1],["l4"]],["Split",["l4","None",256,1024],[1],["l5","l6","l7"]],["Reorder",["l6","l7","l5"],[],[]],["Bind",["l6"],["blockIdx.x"],[]],["Bind",["l7"],["threadIdx.x"],[]],["EnterPostproc",[],[],[]]],[]],[0],{"arch":"sm_70","keys":["cuda","gpu"],"kind":"cuda","max_num_threads":1024,"max_shared_memory_per_block":49152,"max_threads_per_block":1024,"registers_per_block":65536,"tag":"","thread_warp_size":32},[["TENSOR","float32",[1,8,256,256]],["TENSOR","float32",[8,256,256]]]]]
