[0,[[[["GetBlock",[],["pool_max","main"],["b0"]],["GetBlock",[],["root","main"],["b1"]],["Unannotate",["b0"],["schedule_rule"],[]],["SampleCategorical",[],[[4,8,16,32,64,128,256,512],[0.125,0.125,0.125,0.125,0.125,0.125,0.125,0.125]],["v2"]],["GetLoops",["b0"],[],["l3","l4","l5","l6","l7","l8"]],["Fuse",["l7","l8"],[1],["l9"]],["Split",["l9","None","v2"],[1],["l10","l11"]],["Bind",["l11"],["threadIdx.x"],[]],["SampleCategorical",[],[[0,16,64,512,1024],[0.2000000000000000111,0.2000000000000000111,0.2000000000000000111,0.2000000000000000111,0.2000000000000000111]],["v12"]],["Annotate",["b1","v12"],["meta_schedule.unroll_explicit"],[]],["GetLoops",["b0"],[],["l13","l14","l15","l16","l17","l18"]],["Fuse",["l13","l14","l15","l16"],[1],["l19"]],["Bind",["l19"],["blockIdx.x"],[]],["EnterPostproc",[],[],[]],["GetBlock",[],["root","main"],["b20"]],["Unannotate",["b20"],["meta_schedule.unroll_explicit"],[]],["GetChildBlocks",["b20"],[],["b21"]],["GetLoops",["b21"],[],["l22","l23","l24"]],["Annotate",["l22",1024],["pragma_auto_unroll_max_step"],[]],["Annotate",["l22",1],["pragma_unroll_explicit"],[]]],[[3,0],[8,4]]],[0],{"arch":"sm_70","keys":["cuda","gpu"],"kind":"cuda","max_num_threads":1024,"max_shared_memory_per_block":49152,"max_threads_per_block":1024,"registers_per_block":65536,"tag":"","thread_warp_size":32},[["TENSOR","float32",[4,28,28,512]],["TENSOR","float32",[4,14,14,512]]]]]
[0,[[[["GetBlock",[],["pool_max","main"],["b0"]],["GetBlock",[],["root","main"],["b1"]],["Unannotate",["b0"],["schedule_rule"],[]],["SampleCategorical",[],[[4,8,16,32,64,128,256,512],[0.125,0.125,0.125,0.125,0.125,0.125,0.125,0.125]],["v2"]],["GetLoops",["b0"],[],["l3","l4","l5","l6","l7","l8"]],["Fuse",["l7","l8"],[1],["l9"]],["Split",["l9","None","v2"],[1],["l10","l11"]],["Bind",["l11"],["threadIdx.x"],[]],["SampleCategorical",[],[[0,16,64,512,1024],[0.2000000000000000111,0.2000000000000000111,0.2000000000000000111,0.2000000000000000111,0.2000000000000000111]],["v12"]],["Annotate",["b1","v12"],["meta_schedule.unroll_explicit"],[]],["GetLoops",["b0"],[],["l13","l14","l15","l16","l17","l18"]],["Fuse",["l13","l14","l15","l16"],[1],["l19"]],["Bind",["l19"],["blockIdx.x"],[]],["EnterPostproc",[],[],[]],["GetBlock",[],["root","main"],["b20"]],["Unannotate",["b20"],["meta_schedule.unroll_explicit"],[]],["GetChildBlocks",["b20"],[],["b21"]],["GetLoops",["b21"],[],["l22","l23","l24"]],["Annotate",["l22",1024],["pragma_auto_unroll_max_step"],[]],["Annotate",["l22",1],["pragma_unroll_explicit"],[]]],[[3,7],[8,4]]],[0],{"arch":"sm_70","keys":["cuda","gpu"],"kind":"cuda","max_num_threads":1024,"max_shared_memory_per_block":49152,"max_threads_per_block":1024,"registers_per_block":65536,"tag":"","thread_warp_size":32},[["TENSOR","float32",[4,28,28,512]],["TENSOR","float32",[4,14,14,512]]]]]
[0,[[[["GetBlock",[],["pool_max","main"],["b0"]],["GetBlock",[],["root","main"],["b1"]],["Unannotate",["b0"],["schedule_rule"],[]],["SampleCategorical",[],[[0,16,64,512,1024],[0.2000000000000000111,0.2000000000000000111,0.2000000000000000111,0.2000000000000000111,0.2000000000000000111]],["v2"]],["Annotate",["b1","v2"],["meta_schedule.unroll_explicit"],[]],["GetLoops",["b0"],[],["l3","l4","l5","l6","l7","l8"]],["Fuse",["l3","l4","l5","l6"],[1],["l9"]],["Split",["l9","None",256,1024],[1],["l10","l11","l12"]],["Reorder",["l11","l12","l10"],[],[]],["Bind",["l11"],["blockIdx.x"],[]],["Bind",["l12"],["threadIdx.x"],[]],["EnterPostproc",[],[],[]],["GetBlock",[],["root","main"],["b13"]],["Unannotate",["b13"],["meta_schedule.unroll_explicit"],[]],["GetChildBlocks",["b13"],[],["b14"]],["GetLoops",["b14"],[],["l15","l16","l17","l18","l19"]],["GetBlock",[],["pool_max","main"],["b20"]],["GetLoops",["b20"],[],["l21","l22","l23","l24","l25"]],["DecomposeReduction",["b20","l24"],[],["b26"]]],[[3,0]]],[0],{"arch":"sm_70","keys":["cuda","gpu"],"kind":"cuda","max_num_threads":1024,"max_shared_memory_per_block":49152,"max_threads_per_block":1024,"registers_per_block":65536,"tag":"","thread_warp_size":32},[["TENSOR","float32",[4,28,28,512]],["TENSOR","float32",[4,14,14,512]]]]]
[0,[[[["GetBlock",[],["pool_max","main"],["b0"]],["GetBlock",[],["root","main"],["b1"]],["Unannotate",["b0"],["schedule_rule"],[]],["SampleCategorical",[],[[4,8,16,32,64,128,256,512],[0.125,0.125,0.125,0.125,0.125,0.125,0.125,0.125]],["v2"]],["GetLoops",["b0"],[],["l3","l4","l5","l6","l7","l8"]],["Fuse",["l7","l8"],[1],["l9"]],["Split",["l9","None","v2"],[1],["l10","l11"]],["Bind",["l11"],["threadIdx.x"],[]],["SampleCategorical",[],[[0,16,64,512,1024],[0.2000000000000000111,0.2000000000000000111,0.2000000000000000111,0.2000000000000000111,0.2000000000000000111]],["v12"]],["Annotate",["b1","v12"],["meta_schedule.unroll_explicit"],[]],["GetLoops",["b0"],[],["l13","l14","l15","l16","l17","l18"]],["Fuse",["l13","l14","l15","l16"],[1],["l19"]],["Bind",["l19"],["blockIdx.x"],[]],["EnterPostproc",[],[],[]],["GetBlock",[],["root","main"],["b20"]],["Unannotate",["b20"],["meta_schedule.unroll_explicit"],[]],["GetChildBlocks",["b20"],[],["b21"]],["GetLoops",["b21"],[],["l22","l23","l24"]],["Annotate",["l22",16],["pragma_auto_unroll_max_step"],[]],["Annotate",["l22",1],["pragma_unroll_explicit"],[]]],[[3,2],[8,1]]],[0],{"arch":"sm_70","keys":["cuda","gpu"],"kind":"cuda","max_num_threads":1024,"max_shared_memory_per_block":49152,"max_threads_per_block":1024,"registers_per_block":65536,"tag":"","thread_warp_size":32},[["TENSOR","float32",[4,28,28,512]],["TENSOR","float32",[4,14,14,512]]]]]
[0,[[[["GetBlock",[],["pool_max","main"],["b0"]],["GetBlock",[],["root","main"],["b1"]],["Unannotate",["b0"],["schedule_rule"],[]],["SampleCategorical",[],[[4,8,16,32,64,128,256,512],[0.125,0.125,0.125,0.125,0.125,0.125,0.125,0.125]],["v2"]],["GetLoops",["b0"],[],["l3","l4","l5","l6","l7","l8"]],["Fuse",["l7","l8"],[1],["l9"]],["Split",["l9","None","v2"],[1],["l10","l11"]],["Bind",["l11"],["threadIdx.x"],[]],["SampleCategorical",[],[[0,16,64,512,1024],[0.2000000000000000111,0.2000000000000000111,0.2000000000000000111,0.2000000000000000111,0.2000000000000000111]],["v12"]],["Annotate",["b1","v12"],["meta_schedule.unroll_explicit"],[]],["GetLoops",["b0"],[],["l13","l14","l15","l16","l17","l18"]],["Fuse",["l13","l14","l15","l16"],[1],["l19"]],["Bind",["l19"],["blockIdx.x"],[]],["EnterPostproc",[],[],[]],["GetBlock",[],["root","main"],["b20"]],["Unannotate",["b20"],["meta_schedule.unroll_explicit"],[]],["GetChildBlocks",["b20"],[],["b21"]],["GetLoops",["b21"],[],["l22","l23","l24"]]],[[3,6],[8,0]]],[0],{"arch":"sm_70","keys":["cuda","gpu"],"kind":"cuda","max_num_threads":1024,"max_shared_memory_per_block":49152,"max_threads_per_block":1024,"registers_per_block":65536,"tag":"","thread_warp_size":32},[["TENSOR","float32",[4,28,28,512]],["TENSOR","float32",[4,14,14,512]]]]]
[0,[[[["GetBlock",[],["pool_max","main"],["b0"]],["GetBlock",[],["root","main"],["b1"]],["Unannotate",["b0"],["schedule_rule"],[]],["SampleCategorical",[],[[0,16,64,512,1024],[0.2000000000000000111,0.2000000000000000111,0.2000000000000000111,0.2000000000000000111,0.2000000000000000111]],["v2"]],["Annotate",["b1","v2"],["meta_schedule.unroll_explicit"],[]],["GetLoops",["b0"],[],["l3","l4","l5","l6","l7","l8"]],["Fuse",["l3","l4","l5","l6"],[1],["l9"]],["Split",["l9","None",256,1024],[1],["l10","l11","l12"]],["Reorder",["l11","l12","l10"],[],[]],["Bind",["l11"],["blockIdx.x"],[]],["Bind",["l12"],["threadIdx.x"],[]],["EnterPostproc",[],[],[]],["GetBlock",[],["root","main"],["b13"]],["Unannotate",["b13"],["meta_schedule.unroll_explicit"],[]],["GetChildBlocks",["b13"],[],["b14"]],["GetLoops",["b14"],[],["l15","l16","l17","l18","l19"]],["Annotate",["l15",16],["pragma_auto_unroll_max_step"],[]],["Annotate",["l15",1],["pragma_unroll_explicit"],[]],["GetBlock",[],["pool_max","main"],["b20"]],["GetLoops",["b20"],[],["l21","l22","l23","l24","l25"]],["DecomposeReduction",["b20","l24"],[],["b26"]]],[[3,1]]],[0],{"arch":"sm_70","keys":["cuda","gpu"],"kind":"cuda","max_num_threads":1024,"max_shared_memory_per_block":49152,"max_threads_per_block":1024,"registers_per_block":65536,"tag":"","thread_warp_size":32},[["TENSOR","float32",[4,28,28,512]],["TENSOR","float32",[4,14,14,512]]]]]
[0,[[[["GetBlock",[],["pool_max","main"],["b0"]],["GetBlock",[],["root","main"],["b1"]],["Unannotate",["b0"],["schedule_rule"],[]],["SampleCategorical",[],[[4,8,16,32,64,128,256,512],[0.125,0.125,0.125,0.125,0.125,0.125,0.125,0.125]],["v2"]],["GetLoops",["b0"],[],["l3","l4","l5","l6","l7","l8"]],["Fuse",["l7","l8"],[1],["l9"]],["Split",["l9","None","v2"],[1],["l10","l11"]],["Bind",["l11"],["threadIdx.x"],[]],["SampleCategorical",[],[[0,16,64,512,1024],[0.2000000000000000111,0.2000000000000000111,0.2000000000000000111,0.2000000000000000111,0.2000000000000000111]],["v12"]],["Annotate",["b1","v12"],["meta_schedule.unroll_explicit"],[]],["GetLoops",["b0"],[],["l13","l14","l15","l16","l17","l18"]],["Fuse",["l13","l14","l15","l16"],[1],["l19"]],["Bind",["l19"],["blockIdx.x"],[]],["EnterPostproc",[],[],[]],["GetBlock",[],["root","main"],["b20"]],["Unannotate",["b20"],["meta_schedule.unroll_explicit"],[]],["GetChildBlocks",["b20"],[],["b21"]],["GetLoops",["b21"],[],["l22","l23","l24"]],["Annotate",["l22",512],["pragma_auto_unroll_max_step"],[]],["Annotate",["l22",1],["pragma_unroll_explicit"],[]]],[[3,7],[8,3]]],[0],{"arch":"sm_70","keys":["cuda","gpu"],"kind":"cuda","max_num_threads":1024,"max_shared_memory_per_block":49152,"max_threads_per_block":1024,"registers_per_block":65536,"tag":"","thread_warp_size":32},[["TENSOR","float32",[4,28,28,512]],["TENSOR","float32",[4,14,14,512]]]]]
[0,[[[["GetBlock",[],["pool_max","main"],["b0"]],["GetBlock",[],["root","main"],["b1"]],["Unannotate",["b0"],["schedule_rule"],[]],["SampleCategorical",[],[[4,8,16,32,64,128,256,512],[0.125,0.125,0.125,0.125,0.125,0.125,0.125,0.125]],["v2"]],["GetLoops",["b0"],[],["l3","l4","l5","l6","l7","l8"]],["Fuse",["l7","l8"],[1],["l9"]],["Split",["l9","None","v2"],[1],["l10","l11"]],["Bind",["l11"],["threadIdx.x"],[]],["SampleCategorical",[],[[0,16,64,512,1024],[0.2000000000000000111,0.2000000000000000111,0.2000000000000000111,0.2000000000000000111,0.2000000000000000111]],["v12"]],["Annotate",["b1","v12"],["meta_schedule.unroll_explicit"],[]],["GetLoops",["b0"],[],["l13","l14","l15","l16","l17","l18"]],["Fuse",["l13","l14","l15","l16"],[1],["l19"]],["Bind",["l19"],["blockIdx.x"],[]],["EnterPostproc",[],[],[]],["GetBlock",[],["root","main"],["b20"]],["Unannotate",["b20"],["meta_schedule.unroll_explicit"],[]],["GetChildBlocks",["b20"],[],["b21"]],["GetLoops",["b21"],[],["l22","l23","l24"]],["Annotate",["l22",64],["pragma_auto_unroll_max_step"],[]],["Annotate",["l22",1],["pragma_unroll_explicit"],[]]],[[3,1],[8,2]]],[0],{"arch":"sm_70","keys":["cuda","gpu"],"kind":"cuda","max_num_threads":1024,"max_shared_memory_per_block":49152,"max_threads_per_block":1024,"registers_per_block":65536,"tag":"","thread_warp_size":32},[["TENSOR","float32",[4,28,28,512]],["TENSOR","float32",[4,14,14,512]]]]]
[0,[[[["GetBlock",[],["pool_max","main"],["b0"]],["GetBlock",[],["root","main"],["b1"]],["Unannotate",["b0"],["schedule_rule"],[]],["SampleCategorical",[],[[4,8,16,32,64,128,256,512],[0.125,0.125,0.125,0.125,0.125,0.125,0.125,0.125]],["v2"]],["GetLoops",["b0"],[],["l3","l4","l5","l6","l7","l8"]],["Fuse",["l7","l8"],[1],["l9"]],["Split",["l9","None","v2"],[1],["l10","l11"]],["Bind",["l11"],["threadIdx.x"],[]],["SampleCategorical",[],[[0,16,64,512,1024],[0.2000000000000000111,0.2000000000000000111,0.2000000000000000111,0.2000000000000000111,0.2000000000000000111]],["v12"]],["Annotate",["b1","v12"],["meta_schedule.unroll_explicit"],[]],["GetLoops",["b0"],[],["l13","l14","l15","l16","l17","l18"]],["Fuse",["l13","l14","l15","l16"],[1],["l19"]],["Bind",["l19"],["blockIdx.x"],[]],["EnterPostproc",[],[],[]],["GetBlock",[],["root","main"],["b20"]],["Unannotate",["b20"],["meta_schedule.unroll_explicit"],[]],["GetChildBlocks",["b20"],[],["b21"]],["GetLoops",["b21"],[],["l22","l23","l24"]],["Annotate",["l22",64],["pragma_auto_unroll_max_step"],[]],["Annotate",["l22",1],["pragma_unroll_explicit"],[]]],[[3,3],[8,2]]],[0],{"arch":"sm_70","keys":["cuda","gpu"],"kind":"cuda","max_num_threads":1024,"max_shared_memory_per_block":49152,"max_threads_per_block":1024,"registers_per_block":65536,"tag":"","thread_warp_size":32},[["TENSOR","float32",[4,28,28,512]],["TENSOR","float32",[4,14,14,512]]]]]
[0,[[[["GetBlock",[],["pool_max","main"],["b0"]],["GetBlock",[],["root","main"],["b1"]],["Unannotate",["b0"],["schedule_rule"],[]],["SampleCategorical",[],[[4,8,16,32,64,128,256,512],[0.125,0.125,0.125,0.125,0.125,0.125,0.125,0.125]],["v2"]],["GetLoops",["b0"],[],["l3","l4","l5","l6","l7","l8"]],["Fuse",["l7","l8"],[1],["l9"]],["Split",["l9","None","v2"],[1],["l10","l11"]],["Bind",["l11"],["threadIdx.x"],[]],["SampleCategorical",[],[[0,16,64,512,1024],[0.2000000000000000111,0.2000000000000000111,0.2000000000000000111,0.2000000000000000111,0.2000000000000000111]],["v12"]],["Annotate",["b1","v12"],["meta_schedule.unroll_explicit"],[]],["GetLoops",["b0"],[],["l13","l14","l15","l16","l17","l18"]],["Fuse",["l13","l14","l15","l16"],[1],["l19"]],["Bind",["l19"],["blockIdx.x"],[]],["EnterPostproc",[],[],[]],["GetBlock",[],["root","main"],["b20"]],["Unannotate",["b20"],["meta_schedule.unroll_explicit"],[]],["GetChildBlocks",["b20"],[],["b21"]],["GetLoops",["b21"],[],["l22","l23","l24"]],["Annotate",["l22",16],["pragma_auto_unroll_max_step"],[]],["Annotate",["l22",1],["pragma_unroll_explicit"],[]]],[[3,4],[8,1]]],[0],{"arch":"sm_70","keys":["cuda","gpu"],"kind":"cuda","max_num_threads":1024,"max_shared_memory_per_block":49152,"max_threads_per_block":1024,"registers_per_block":65536,"tag":"","thread_warp_size":32},[["TENSOR","float32",[4,28,28,512]],["TENSOR","float32",[4,14,14,512]]]]]
[0,[[[["GetBlock",[],["pool_max","main"],["b0"]],["GetBlock",[],["root","main"],["b1"]],["Unannotate",["b0"],["schedule_rule"],[]],["SampleCategorical",[],[[4,8,16,32,64,128,256,512],[0.125,0.125,0.125,0.125,0.125,0.125,0.125,0.125]],["v2"]],["GetLoops",["b0"],[],["l3","l4","l5","l6","l7","l8"]],["Fuse",["l7","l8"],[1],["l9"]],["Split",["l9","None","v2"],[1],["l10","l11"]],["Bind",["l11"],["threadIdx.x"],[]],["SampleCategorical",[],[[0,16,64,512,1024],[0.2000000000000000111,0.2000000000000000111,0.2000000000000000111,0.2000000000000000111,0.2000000000000000111]],["v12"]],["Annotate",["b1","v12"],["meta_schedule.unroll_explicit"],[]],["GetLoops",["b0"],[],["l13","l14","l15","l16","l17","l18"]],["Fuse",["l13","l14","l15","l16"],[1],["l19"]],["Bind",["l19"],["blockIdx.x"],[]],["EnterPostproc",[],[],[]],["GetBlock",[],["root","main"],["b20"]],["Unannotate",["b20"],["meta_schedule.unroll_explicit"],[]],["GetChildBlocks",["b20"],[],["b21"]],["GetLoops",["b21"],[],["l22","l23","l24"]],["Annotate",["l22",64],["pragma_auto_unroll_max_step"],[]],["Annotate",["l22",1],["pragma_unroll_explicit"],[]]],[[3,0],[8,2]]],[0],{"arch":"sm_70","keys":["cuda","gpu"],"kind":"cuda","max_num_threads":1024,"max_shared_memory_per_block":49152,"max_threads_per_block":1024,"registers_per_block":65536,"tag":"","thread_warp_size":32},[["TENSOR","float32",[4,28,28,512]],["TENSOR","float32",[4,14,14,512]]]]]
[0,[[[["GetBlock",[],["pool_max","main"],["b0"]],["GetBlock",[],["root","main"],["b1"]],["Unannotate",["b0"],["schedule_rule"],[]],["SampleCategorical",[],[[0,16,64,512,1024],[0.2000000000000000111,0.2000000000000000111,0.2000000000000000111,0.2000000000000000111,0.2000000000000000111]],["v2"]],["Annotate",["b1","v2"],["meta_schedule.unroll_explicit"],[]],["GetLoops",["b0"],[],["l3","l4","l5","l6","l7","l8"]],["Fuse",["l3","l4","l5","l6"],[1],["l9"]],["Split",["l9","None",256,1024],[1],["l10","l11","l12"]],["Reorder",["l11","l12","l10"],[],[]],["Bind",["l11"],["blockIdx.x"],[]],["Bind",["l12"],["threadIdx.x"],[]],["EnterPostproc",[],[],[]],["GetBlock",[],["root","main"],["b13"]],["Unannotate",["b13"],["meta_schedule.unroll_explicit"],[]],["GetChildBlocks",["b13"],[],["b14"]],["GetLoops",["b14"],[],["l15","l16","l17","l18","l19"]],["Annotate",["l15",512],["pragma_auto_unroll_max_step"],[]],["Annotate",["l15",1],["pragma_unroll_explicit"],[]],["GetBlock",[],["pool_max","main"],["b20"]],["GetLoops",["b20"],[],["l21","l22","l23","l24","l25"]],["DecomposeReduction",["b20","l24"],[],["b26"]]],[[3,3]]],[0],{"arch":"sm_70","keys":["cuda","gpu"],"kind":"cuda","max_num_threads":1024,"max_shared_memory_per_block":49152,"max_threads_per_block":1024,"registers_per_block":65536,"tag":"","thread_warp_size":32},[["TENSOR","float32",[4,28,28,512]],["TENSOR","float32",[4,14,14,512]]]]]
[0,[[[["GetBlock",[],["pool_max","main"],["b0"]],["GetBlock",[],["root","main"],["b1"]],["Unannotate",["b0"],["schedule_rule"],[]],["SampleCategorical",[],[[4,8,16,32,64,128,256,512],[0.125,0.125,0.125,0.125,0.125,0.125,0.125,0.125]],["v2"]],["GetLoops",["b0"],[],["l3","l4","l5","l6","l7","l8"]],["Fuse",["l7","l8"],[1],["l9"]],["Split",["l9","None","v2"],[1],["l10","l11"]],["Bind",["l11"],["threadIdx.x"],[]],["SampleCategorical",[],[[0,16,64,512,1024],[0.2000000000000000111,0.2000000000000000111,0.2000000000000000111,0.2000000000000000111,0.2000000000000000111]],["v12"]],["Annotate",["b1","v12"],["meta_schedule.unroll_explicit"],[]],["GetLoops",["b0"],[],["l13","l14","l15","l16","l17","l18"]],["Fuse",["l13","l14","l15","l16"],[1],["l19"]],["Bind",["l19"],["blockIdx.x"],[]],["EnterPostproc",[],[],[]],["GetBlock",[],["root","main"],["b20"]],["Unannotate",["b20"],["meta_schedule.unroll_explicit"],[]],["GetChildBlocks",["b20"],[],["b21"]],["GetLoops",["b21"],[],["l22","l23","l24"]],["Annotate",["l22",64],["pragma_auto_unroll_max_step"],[]],["Annotate",["l22",1],["pragma_unroll_explicit"],[]]],[[3,5],[8,2]]],[0],{"arch":"sm_70","keys":["cuda","gpu"],"kind":"cuda","max_num_threads":1024,"max_shared_memory_per_block":49152,"max_threads_per_block":1024,"registers_per_block":65536,"tag":"","thread_warp_size":32},[["TENSOR","float32",[4,28,28,512]],["TENSOR","float32",[4,14,14,512]]]]]
[0,[[[["GetBlock",[],["pool_max","main"],["b0"]],["GetBlock",[],["root","main"],["b1"]],["Unannotate",["b0"],["schedule_rule"],[]],["SampleCategorical",[],[[4,8,16,32,64,128,256,512],[0.125,0.125,0.125,0.125,0.125,0.125,0.125,0.125]],["v2"]],["GetLoops",["b0"],[],["l3","l4","l5","l6","l7","l8"]],["Fuse",["l7","l8"],[1],["l9"]],["Split",["l9","None","v2"],[1],["l10","l11"]],["Bind",["l11"],["threadIdx.x"],[]],["SampleCategorical",[],[[0,16,64,512,1024],[0.2000000000000000111,0.2000000000000000111,0.2000000000000000111,0.2000000000000000111,0.2000000000000000111]],["v12"]],["Annotate",["b1","v12"],["meta_schedule.unroll_explicit"],[]],["GetLoops",["b0"],[],["l13","l14","l15","l16","l17","l18"]],["Fuse",["l13","l14","l15","l16"],[1],["l19"]],["Bind",["l19"],["blockIdx.x"],[]],["EnterPostproc",[],[],[]],["GetBlock",[],["root","main"],["b20"]],["Unannotate",["b20"],["meta_schedule.unroll_explicit"],[]],["GetChildBlocks",["b20"],[],["b21"]],["GetLoops",["b21"],[],["l22","l23","l24"]],["Annotate",["l22",1024],["pragma_auto_unroll_max_step"],[]],["Annotate",["l22",1],["pragma_unroll_explicit"],[]]],[[3,6],[8,4]]],[0],{"arch":"sm_70","keys":["cuda","gpu"],"kind":"cuda","max_num_threads":1024,"max_shared_memory_per_block":49152,"max_threads_per_block":1024,"registers_per_block":65536,"tag":"","thread_warp_size":32},[["TENSOR","float32",[4,28,28,512]],["TENSOR","float32",[4,14,14,512]]]]]
[0,[[[["GetBlock",[],["pool_max","main"],["b0"]],["GetBlock",[],["root","main"],["b1"]],["Unannotate",["b0"],["schedule_rule"],[]],["SampleCategorical",[],[[4,8,16,32,64,128,256,512],[0.125,0.125,0.125,0.125,0.125,0.125,0.125,0.125]],["v2"]],["GetLoops",["b0"],[],["l3","l4","l5","l6","l7","l8"]],["Fuse",["l7","l8"],[1],["l9"]],["Split",["l9","None","v2"],[1],["l10","l11"]],["Bind",["l11"],["threadIdx.x"],[]],["SampleCategorical",[],[[0,16,64,512,1024],[0.2000000000000000111,0.2000000000000000111,0.2000000000000000111,0.2000000000000000111,0.2000000000000000111]],["v12"]],["Annotate",["b1","v12"],["meta_schedule.unroll_explicit"],[]],["GetLoops",["b0"],[],["l13","l14","l15","l16","l17","l18"]],["Fuse",["l13","l14","l15","l16"],[1],["l19"]],["Bind",["l19"],["blockIdx.x"],[]],["EnterPostproc",[],[],[]],["GetBlock",[],["root","main"],["b20"]],["Unannotate",["b20"],["meta_schedule.unroll_explicit"],[]],["GetChildBlocks",["b20"],[],["b21"]],["GetLoops",["b21"],[],["l22","l23","l24"]],["Annotate",["l22",512],["pragma_auto_unroll_max_step"],[]],["Annotate",["l22",1],["pragma_unroll_explicit"],[]]],[[3,1],[8,3]]],[0],{"arch":"sm_70","keys":["cuda","gpu"],"kind":"cuda","max_num_threads":1024,"max_shared_memory_per_block":49152,"max_threads_per_block":1024,"registers_per_block":65536,"tag":"","thread_warp_size":32},[["TENSOR","float32",[4,28,28,512]],["TENSOR","float32",[4,14,14,512]]]]]
[0,[[[["GetBlock",[],["pool_max","main"],["b0"]],["GetBlock",[],["root","main"],["b1"]],["Unannotate",["b0"],["schedule_rule"],[]],["SampleCategorical",[],[[0,16,64,512,1024],[0.2000000000000000111,0.2000000000000000111,0.2000000000000000111,0.2000000000000000111,0.2000000000000000111]],["v2"]],["Annotate",["b1","v2"],["meta_schedule.unroll_explicit"],[]],["GetLoops",["b0"],[],["l3","l4","l5","l6","l7","l8"]],["Fuse",["l3","l4","l5","l6"],[1],["l9"]],["Split",["l9","None",256,1024],[1],["l10","l11","l12"]],["Reorder",["l11","l12","l10"],[],[]],["Bind",["l11"],["blockIdx.x"],[]],["Bind",["l12"],["threadIdx.x"],[]],["EnterPostproc",[],[],[]],["GetBlock",[],["root","main"],["b13"]],["Unannotate",["b13"],["meta_schedule.unroll_explicit"],[]],["GetChildBlocks",["b13"],[],["b14"]],["GetLoops",["b14"],[],["l15","l16","l17","l18","l19"]],["Annotate",["l15",1024],["pragma_auto_unroll_max_step"],[]],["Annotate",["l15",1],["pragma_unroll_explicit"],[]],["GetBlock",[],["pool_max","main"],["b20"]],["GetLoops",["b20"],[],["l21","l22","l23","l24","l25"]],["DecomposeReduction",["b20","l24"],[],["b26"]]],[[3,4]]],[0],{"arch":"sm_70","keys":["cuda","gpu"],"kind":"cuda","max_num_threads":1024,"max_shared_memory_per_block":49152,"max_threads_per_block":1024,"registers_per_block":65536,"tag":"","thread_warp_size":32},[["TENSOR","float32",[4,28,28,512]],["TENSOR","float32",[4,14,14,512]]]]]
