[0,[[[["GetBlock",[],["T_cast","main"],["b0"]],["GetBlock",[],["T_take","main"],["b1"]],["GetBlock",[],["T_add","main"],["b2"]],["ReverseComputeInline",["b2"],[],[]],["ComputeInline",["b0"],[],[]],["GetLoops",["b1"],[],["l3","l4","l5"]],["Fuse",["l3","l4","l5"],[1],["l6"]],["Split",["l6","None",256,1024],[1],["l7","l8","l9"]],["Reorder",["l8","l9","l7"],[],[]],["Bind",["l8"],["blockIdx.x"],[]],["Bind",["l9"],["threadIdx.x"],[]],["EnterPostproc",[],[],[]]],[]],[0],{"arch":"sm_70","keys":["cuda","gpu"],"kind":"cuda","max_num_threads":1024,"max_shared_memory_per_block":49152,"max_threads_per_block":1024,"registers_per_block":65536,"tag":"","thread_warp_size":32},[["TENSOR","int64",[4,256]],["TENSOR","float32",[30522,512]],["TENSOR","float32",[1,256,512]],["TENSOR","float32",[4,256,512]]]]]
