[0,[[[["GetBlock",[],["PaddedInput","main"],["b0"]],["GetBlock",[],["DepthwiseConv2d","main"],["b1"]],["GetBlock",[],["T_add","main"],["b2"]],["GetBlock",[],["compile_engine_const","main"],["b3"]],["GetBlock",[],["T_add_1","main"],["b4"]],["GetBlock",[],["compute","main"],["b5"]],["GetBlock",[],["compile_engine_const_1","main"],["b6"]],["GetBlock",[],["T_divide","main"],["b7"]],["GetBlock",[],["T_multiply","main"],["b8"]],["GetBlock",[],["root","main"],["b9"]],["Annotate",["b1","\"SSSRRSRS\""],["meta_schedule.tiling_structure"],[]],["GetLoops",["b1"],[],["l10","l11","l12","l13","l14","l15"]],["SamplePerfectTile",["l10"],[5,64],["v16","v17","v18","v19","v20"]],["Split",["l10","v16","v17","v18","v19","v20"],[1],["l21","l22","l23","l24","l25"]],["SamplePerfectTile",["l11"],[5,64],["v26","v27","v28","v29","v30"]],["Split",["l11","v26","v27","v28","v29","v30"],[1],["l31","l32","l33","l34","l35"]],["SamplePerfectTile",["l12"],[5,64],["v36","v37","v38","v39","v40"]],["Split",["l12","v36","v37","v38","v39","v40"],[1],["l41","l42","l43","l44","l45"]],["SamplePerfectTile",["l13"],[5,64],["v46","v47","v48","v49","v50"]],["Split",["l13","v46","v47","v48","v49","v50"],[1],["l51","l52","l53","l54","l55"]],["SamplePerfectTile",["l14"],[3,64],["v56","v57","v58"]],["Split",["l14","v56","v57","v58"],[1],["l59","l60","l61"]],["SamplePerfectTile",["l15"],[3,64],["v62","v63","v64"]],["Split",["l15","v62","v63","v64"],[1],["l65","l66","l67"]],["Reorder",["l21","l31","l41","l51","l22","l32","l42","l52","l23","l33","l43","l53","l59","l65","l60","l66","l24","l34","l44","l54","l61","l67","l25","l35","l45","l55"],[],[]],["Fuse",["l21","l31","l41","l51"],[1],["l68"]],["Bind",["l68"],["blockIdx.x"],[]],["Fuse",["l22","l32","l42","l52"],[1],["l69"]],["Bind",["l69"],["vthread.x"],[]],["Fuse",["l23","l33","l43","l53"],[1],["l70"]],["Bind",["l70"],["threadIdx.x"],[]],["Annotate",["b1",32],["meta_schedule.thread_extent_low_inclusive"],[]],["Annotate",["b1",1024],["meta_schedule.thread_extent_high_inclusive"],[]],["CacheWrite",["b1",[]],[0,"local"],["b71"]],["ReverseComputeAt",["b71","l70"],[1,-1],[]],["CacheRead",["b1",["b1"]],[0,"shared"],["b72"]],["ComputeAt",["b72","l65"],[1,-1],[]],["GetLoops",["b72"],[],["l73","l74","l75","l76","l77","l78","l79","l80","l81"]],["Fuse",["l78","l79","l80","l81"],[1],["l82"]],["SampleCategorical",[],[[1,2,3,4],[0.25,0.25,0.25,0.25]],["v83"]],["Annotate",["b72","v83"],["meta_schedule.cooperative_fetch"],[]],["CacheRead",["b1",["b1"]],[1,"shared"],["b84"]],["ComputeAt",["b84","l65"],[1,-1],[]],["GetLoops",["b84"],[],["l85","l86","l87","l88","l89","l90","l91","l92","l93"]],["Fuse",["l90","l91","l92","l93"],[1],["l94"]],["SampleCategorical",[],[[1,2,3,4],[0.25,0.25,0.25,0.25]],["v95"]],["Annotate",["b84","v95"],["meta_schedule.cooperative_fetch"],[]],["ComputeInline",["b6"],[],[]],["ComputeInline",["b3"],[],[]],["ComputeInline",["b7"],[],[]],["ComputeInline",["b5"],[],[]],["ComputeInline",["b4"],[],[]],["ComputeInline",["b2"],[],[]],["ComputeInline",["b0"],[],[]],["SampleCategorical",[],[[0,16,64,512,1024],[0.2000000000000000111,0.2000000000000000111,0.2000000000000000111,0.2000000000000000111,0.2000000000000000111]],["v96"]],["Annotate",["b9","v96"],["meta_schedule.unroll_explicit"],[]],["GetLoops",["b8"],[],["l97","l98","l99","l100"]],["Fuse",["l97","l98","l99","l100"],[1],["l101"]],["SampleCategorical",[],[[32,64,128,256,512,1024],[0.16666666666666665741,0.16666666666666665741,0.16666666666666665741,0.16666666666666665741,0.16666666666666665741,0.16666666666666665741]],["v102"]],["Split",["l101","None","v102"],[1],["l103","l104"]],["Bind",["l103"],["blockIdx.x"],[]],["Bind",["l104"],["threadIdx.x"],[]],["EnterPostproc",[],[],[]],["Unannotate",["b72"],["meta_schedule.cooperative_fetch"],[]],["GetLoops",["b72"],[],["l105","l106","l107","l108","l109","l110"]],["Split",["l110","None",96,3],[1],["l111","l112","l113"]],["Vectorize",["l113"],[],[]],["Bind",["l112"],["threadIdx.x"],[]],["Unannotate",["b84"],["meta_schedule.cooperative_fetch"],[]],["GetLoops",["b84"],[],["l114","l115","l116","l117","l118","l119"]],["Split",["l119","None",96,2],[1],["l120","l121","l122"]],["Vectorize",["l122"],[],[]],["Bind",["l121"],["threadIdx.x"],[]],["GetBlock",[],["root","main"],["b123"]],["Unannotate",["b123"],["meta_schedule.unroll_explicit"],[]],["GetChildBlocks",["b123"],[],["b124","b125","b126","b127","b128"]],["GetLoops",["b124"],[],["l129","l130","l131","l132","l133","l134","l135","l136"]],["Annotate",["l129",512],["pragma_auto_unroll_max_step"],[]],["Annotate",["l129",1],["pragma_unroll_explicit"],[]],["GetLoops",["b125"],[],["l137","l138","l139","l140","l141","l142","l143","l144"]],["Annotate",["l137",512],["pragma_auto_unroll_max_step"],[]],["Annotate",["l137",1],["pragma_unroll_explicit"],[]],["GetLoops",["b126"],[],["l145","l146","l147","l148","l149","l150","l151","l152","l153","l154","l155","l156","l157","l158","l159","l160","l161"]],["Annotate",["l145",512],["pragma_auto_unroll_max_step"],[]],["Annotate",["l145",1],["pragma_unroll_explicit"],[]],["GetLoops",["b127"],[],["l162","l163","l164","l165","l166","l167","l168"]],["Annotate",["l162",512],["pragma_auto_unroll_max_step"],[]],["Annotate",["l162",1],["pragma_unroll_explicit"],[]],["GetLoops",["b128"],[],["l169","l170"]],["Annotate",["l169",512],["pragma_auto_unroll_max_step"],[]],["Annotate",["l169",1],["pragma_unroll_explicit"],[]],["GetBlock",[],["DepthwiseConv2d","main"],["b171"]],["GetLoops",["b171"],[],["l172","l173","l174","l175","l176","l177","l178","l179","l180","l181","l182","l183","l184","l185","l186","l187","l188"]],["DecomposeReduction",["b171","l175"],[],["b189"]]],[[12,[1,2,1,1,2]],[14,[4,1,2,2,1]],[16,[2,1,8,1,1]],[18,[40,1,6,1,1]],[20,[1,3,1]],[22,[1,3,1]],[39,2],[45,1],[54,3],[58,4]]],[0],{"arch":"sm_70","keys":["cuda","gpu"],"kind":"cuda","max_num_threads":1024,"max_shared_memory_per_block":49152,"max_threads_per_block":1024,"registers_per_block":65536,"tag":"","thread_warp_size":32},[["TENSOR","float32",[4,32,32,240]],["TENSOR","float32",[3,3,240,1]],["TENSOR","float32",[1,1,1,240]],["TENSOR","float32",[4,16,16,240]]]]]
[0,[[[["GetBlock",[],["PaddedInput","main"],["b0"]],["GetBlock",[],["DepthwiseConv2d","main"],["b1"]],["GetBlock",[],["T_add","main"],["b2"]],["GetBlock",[],["compile_engine_const","main"],["b3"]],["GetBlock",[],["T_add_1","main"],["b4"]],["GetBlock",[],["compute","main"],["b5"]],["GetBlock",[],["compile_engine_const_1","main"],["b6"]],["GetBlock",[],["T_divide","main"],["b7"]],["GetBlock",[],["T_multiply","main"],["b8"]],["GetBlock",[],["root","main"],["b9"]],["Annotate",["b1","\"SSSRRSRS\""],["meta_schedule.tiling_structure"],[]],["GetLoops",["b1"],[],["l10","l11","l12","l13","l14","l15"]],["SamplePerfectTile",["l10"],[5,64],["v16","v17","v18","v19","v20"]],["Split",["l10","v16","v17","v18","v19","v20"],[1],["l21","l22","l23","l24","l25"]],["SamplePerfectTile",["l11"],[5,64],["v26","v27","v28","v29","v30"]],["Split",["l11","v26","v27","v28","v29","v30"],[1],["l31","l32","l33","l34","l35"]],["SamplePerfectTile",["l12"],[5,64],["v36","v37","v38","v39","v40"]],["Split",["l12","v36","v37","v38","v39","v40"],[1],["l41","l42","l43","l44","l45"]],["SamplePerfectTile",["l13"],[5,64],["v46","v47","v48","v49","v50"]],["Split",["l13","v46","v47","v48","v49","v50"],[1],["l51","l52","l53","l54","l55"]],["SamplePerfectTile",["l14"],[3,64],["v56","v57","v58"]],["Split",["l14","v56","v57","v58"],[1],["l59","l60","l61"]],["SamplePerfectTile",["l15"],[3,64],["v62","v63","v64"]],["Split",["l15","v62","v63","v64"],[1],["l65","l66","l67"]],["Reorder",["l21","l31","l41","l51","l22","l32","l42","l52","l23","l33","l43","l53","l59","l65","l60","l66","l24","l34","l44","l54","l61","l67","l25","l35","l45","l55"],[],[]],["Fuse",["l21","l31","l41","l51"],[1],["l68"]],["Bind",["l68"],["blockIdx.x"],[]],["Fuse",["l22","l32","l42","l52"],[1],["l69"]],["Bind",["l69"],["vthread.x"],[]],["Fuse",["l23","l33","l43","l53"],[1],["l70"]],["Bind",["l70"],["threadIdx.x"],[]],["Annotate",["b1",32],["meta_schedule.thread_extent_low_inclusive"],[]],["Annotate",["b1",1024],["meta_schedule.thread_extent_high_inclusive"],[]],["CacheWrite",["b1",[]],[0,"local"],["b71"]],["ReverseComputeAt",["b71","l70"],[1,-1],[]],["CacheRead",["b1",["b1"]],[0,"shared"],["b72"]],["ComputeAt",["b72","l65"],[1,-1],[]],["GetLoops",["b72"],[],["l73","l74","l75","l76","l77","l78","l79","l80","l81"]],["Fuse",["l78","l79","l80","l81"],[1],["l82"]],["SampleCategorical",[],[[1,2,3,4],[0.25,0.25,0.25,0.25]],["v83"]],["Annotate",["b72","v83"],["meta_schedule.cooperative_fetch"],[]],["CacheRead",["b1",["b1"]],[1,"shared"],["b84"]],["ComputeAt",["b84","l65"],[1,-1],[]],["GetLoops",["b84"],[],["l85","l86","l87","l88","l89","l90","l91","l92","l93"]],["Fuse",["l90","l91","l92","l93"],[1],["l94"]],["SampleCategorical",[],[[1,2,3,4],[0.25,0.25,0.25,0.25]],["v95"]],["Annotate",["b84","v95"],["meta_schedule.cooperative_fetch"],[]],["ComputeInline",["b6"],[],[]],["ComputeInline",["b3"],[],[]],["ComputeInline",["b7"],[],[]],["ComputeInline",["b5"],[],[]],["ComputeInline",["b4"],[],[]],["ComputeInline",["b2"],[],[]],["ComputeInline",["b0"],[],[]],["SampleCategorical",[],[[0,16,64,512,1024],[0.2000000000000000111,0.2000000000000000111,0.2000000000000000111,0.2000000000000000111,0.2000000000000000111]],["v96"]],["Annotate",["b9","v96"],["meta_schedule.unroll_explicit"],[]],["GetLoops",["b8"],[],["l97","l98","l99","l100"]],["Fuse",["l97","l98","l99","l100"],[1],["l101"]],["SampleCategorical",[],[[32,64,128,256,512,1024],[0.16666666666666665741,0.16666666666666665741,0.16666666666666665741,0.16666666666666665741,0.16666666666666665741,0.16666666666666665741]],["v102"]],["Split",["l101","None","v102"],[1],["l103","l104"]],["Bind",["l103"],["blockIdx.x"],[]],["Bind",["l104"],["threadIdx.x"],[]],["EnterPostproc",[],[],[]],["Unannotate",["b72"],["meta_schedule.cooperative_fetch"],[]],["GetLoops",["b72"],[],["l105","l106","l107","l108","l109","l110"]],["Split",["l110","None",32],[1],["l111","l112"]],["Bind",["l112"],["threadIdx.x"],[]],["Unannotate",["b84"],["meta_schedule.cooperative_fetch"],[]],["GetLoops",["b84"],[],["l113","l114","l115","l116","l117","l118"]],["Split",["l118","None",32,2],[1],["l119","l120","l121"]],["Vectorize",["l121"],[],[]],["Bind",["l120"],["threadIdx.x"],[]],["GetBlock",[],["root","main"],["b122"]],["Unannotate",["b122"],["meta_schedule.unroll_explicit"],[]],["GetChildBlocks",["b122"],[],["b123","b124","b125","b126","b127"]],["GetLoops",["b123"],[],["l128","l129","l130","l131","l132","l133","l134"]],["Annotate",["l128",1024],["pragma_auto_unroll_max_step"],[]],["Annotate",["l128",1],["pragma_unroll_explicit"],[]],["GetLoops",["b124"],[],["l135","l136","l137","l138","l139","l140","l141","l142"]],["Annotate",["l135",1024],["pragma_auto_unroll_max_step"],[]],["Annotate",["l135",1],["pragma_unroll_explicit"],[]],["GetLoops",["b125"],[],["l143","l144","l145","l146","l147","l148","l149","l150","l151","l152","l153","l154","l155","l156","l157","l158","l159"]],["Annotate",["l143",1024],["pragma_auto_unroll_max_step"],[]],["Annotate",["l143",1],["pragma_unroll_explicit"],[]],["GetLoops",["b126"],[],["l160","l161","l162","l163","l164","l165","l166"]],["Annotate",["l160",1024],["pragma_auto_unroll_max_step"],[]],["Annotate",["l160",1],["pragma_unroll_explicit"],[]],["GetLoops",["b127"],[],["l167","l168"]],["Annotate",["l167",1024],["pragma_auto_unroll_max_step"],[]],["Annotate",["l167",1],["pragma_unroll_explicit"],[]],["GetBlock",[],["DepthwiseConv2d","main"],["b169"]],["GetLoops",["b169"],[],["l170","l171","l172","l173","l174","l175","l176","l177","l178","l179","l180","l181","l182","l183","l184","l185","l186"]],["DecomposeReduction",["b169","l173"],[],["b187"]]],[[12,[2,1,1,2,1]],[14,[1,1,8,2,1]],[16,[1,16,1,1,1]],[18,[60,1,4,1,1]],[20,[1,1,3]],[22,[1,1,3]],[39,0],[45,1],[54,4],[58,4]]],[0],{"arch":"sm_70","keys":["cuda","gpu"],"kind":"cuda","max_num_threads":1024,"max_shared_memory_per_block":49152,"max_threads_per_block":1024,"registers_per_block":65536,"tag":"","thread_warp_size":32},[["TENSOR","float32",[4,32,32,240]],["TENSOR","float32",[3,3,240,1]],["TENSOR","float32",[1,1,1,240]],["TENSOR","float32",[4,16,16,240]]]]]
[0,[[[["GetBlock",[],["PaddedInput","main"],["b0"]],["GetBlock",[],["DepthwiseConv2d","main"],["b1"]],["GetBlock",[],["T_add","main"],["b2"]],["GetBlock",[],["compile_engine_const","main"],["b3"]],["GetBlock",[],["T_add_1","main"],["b4"]],["GetBlock",[],["compute","main"],["b5"]],["GetBlock",[],["compile_engine_const_1","main"],["b6"]],["GetBlock",[],["T_divide","main"],["b7"]],["GetBlock",[],["T_multiply","main"],["b8"]],["GetBlock",[],["root","main"],["b9"]],["Annotate",["b1","\"SSSRRSRS\""],["meta_schedule.tiling_structure"],[]],["GetLoops",["b1"],[],["l10","l11","l12","l13","l14","l15"]],["SamplePerfectTile",["l10"],[5,64],["v16","v17","v18","v19","v20"]],["Split",["l10","v16","v17","v18","v19","v20"],[1],["l21","l22","l23","l24","l25"]],["SamplePerfectTile",["l11"],[5,64],["v26","v27","v28","v29","v30"]],["Split",["l11","v26","v27","v28","v29","v30"],[1],["l31","l32","l33","l34","l35"]],["SamplePerfectTile",["l12"],[5,64],["v36","v37","v38","v39","v40"]],["Split",["l12","v36","v37","v38","v39","v40"],[1],["l41","l42","l43","l44","l45"]],["SamplePerfectTile",["l13"],[5,64],["v46","v47","v48","v49","v50"]],["Split",["l13","v46","v47","v48","v49","v50"],[1],["l51","l52","l53","l54","l55"]],["SamplePerfectTile",["l14"],[3,64],["v56","v57","v58"]],["Split",["l14","v56","v57","v58"],[1],["l59","l60","l61"]],["SamplePerfectTile",["l15"],[3,64],["v62","v63","v64"]],["Split",["l15","v62","v63","v64"],[1],["l65","l66","l67"]],["Reorder",["l21","l31","l41","l51","l22","l32","l42","l52","l23","l33","l43","l53","l59","l65","l60","l66","l24","l34","l44","l54","l61","l67","l25","l35","l45","l55"],[],[]],["Fuse",["l21","l31","l41","l51"],[1],["l68"]],["Bind",["l68"],["blockIdx.x"],[]],["Fuse",["l22","l32","l42","l52"],[1],["l69"]],["Bind",["l69"],["vthread.x"],[]],["Fuse",["l23","l33","l43","l53"],[1],["l70"]],["Bind",["l70"],["threadIdx.x"],[]],["Annotate",["b1",32],["meta_schedule.thread_extent_low_inclusive"],[]],["Annotate",["b1",1024],["meta_schedule.thread_extent_high_inclusive"],[]],["CacheWrite",["b1",[]],[0,"local"],["b71"]],["ReverseComputeAt",["b71","l70"],[1,-1],[]],["CacheRead",["b1",["b1"]],[0,"shared"],["b72"]],["ComputeAt",["b72","l65"],[1,-1],[]],["GetLoops",["b72"],[],["l73","l74","l75","l76","l77","l78","l79","l80","l81"]],["Fuse",["l78","l79","l80","l81"],[1],["l82"]],["SampleCategorical",[],[[1,2,3,4],[0.25,0.25,0.25,0.25]],["v83"]],["Annotate",["b72","v83"],["meta_schedule.cooperative_fetch"],[]],["CacheRead",["b1",["b1"]],[1,"shared"],["b84"]],["ComputeAt",["b84","l65"],[1,-1],[]],["GetLoops",["b84"],[],["l85","l86","l87","l88","l89","l90","l91","l92","l93"]],["Fuse",["l90","l91","l92","l93"],[1],["l94"]],["SampleCategorical",[],[[1,2,3,4],[0.25,0.25,0.25,0.25]],["v95"]],["Annotate",["b84","v95"],["meta_schedule.cooperative_fetch"],[]],["ComputeInline",["b6"],[],[]],["ComputeInline",["b3"],[],[]],["ComputeInline",["b7"],[],[]],["ComputeInline",["b5"],[],[]],["ComputeInline",["b4"],[],[]],["ComputeInline",["b2"],[],[]],["ComputeInline",["b0"],[],[]],["SampleCategorical",[],[[0,16,64,512,1024],[0.2000000000000000111,0.2000000000000000111,0.2000000000000000111,0.2000000000000000111,0.2000000000000000111]],["v96"]],["Annotate",["b9","v96"],["meta_schedule.unroll_explicit"],[]],["GetLoops",["b8"],[],["l97","l98","l99","l100"]],["Fuse",["l97","l98","l99","l100"],[1],["l101"]],["SampleCategorical",[],[[32,64,128,256,512,1024],[0.16666666666666665741,0.16666666666666665741,0.16666666666666665741,0.16666666666666665741,0.16666666666666665741,0.16666666666666665741]],["v102"]],["Split",["l101","None","v102"],[1],["l103","l104"]],["Bind",["l103"],["blockIdx.x"],[]],["Bind",["l104"],["threadIdx.x"],[]],["EnterPostproc",[],[],[]],["Unannotate",["b72"],["meta_schedule.cooperative_fetch"],[]],["GetLoops",["b72"],[],["l105","l106","l107","l108","l109","l110"]],["Split",["l110","None",48,3],[1],["l111","l112","l113"]],["Vectorize",["l113"],[],[]],["Bind",["l112"],["threadIdx.x"],[]],["Unannotate",["b84"],["meta_schedule.cooperative_fetch"],[]],["GetLoops",["b84"],[],["l114","l115","l116","l117","l118","l119"]],["Split",["l119","None",48,3],[1],["l120","l121","l122"]],["Vectorize",["l122"],[],[]],["Bind",["l121"],["threadIdx.x"],[]],["GetBlock",[],["root","main"],["b123"]],["Unannotate",["b123"],["meta_schedule.unroll_explicit"],[]],["GetChildBlocks",["b123"],[],["b124","b125","b126","b127","b128"]],["GetLoops",["b124"],[],["l129","l130","l131","l132","l133","l134","l135","l136"]],["Annotate",["l129",16],["pragma_auto_unroll_max_step"],[]],["Annotate",["l129",1],["pragma_unroll_explicit"],[]],["GetLoops",["b125"],[],["l137","l138","l139","l140","l141","l142","l143","l144"]],["Annotate",["l137",16],["pragma_auto_unroll_max_step"],[]],["Annotate",["l137",1],["pragma_unroll_explicit"],[]],["GetLoops",["b126"],[],["l145","l146","l147","l148","l149","l150","l151","l152","l153","l154","l155","l156","l157","l158","l159","l160","l161"]],["Annotate",["l145",16],["pragma_auto_unroll_max_step"],[]],["Annotate",["l145",1],["pragma_unroll_explicit"],[]],["GetLoops",["b127"],[],["l162","l163","l164","l165","l166","l167","l168"]],["Annotate",["l162",16],["pragma_auto_unroll_max_step"],[]],["Annotate",["l162",1],["pragma_unroll_explicit"],[]],["GetLoops",["b128"],[],["l169","l170"]],["Annotate",["l169",16],["pragma_auto_unroll_max_step"],[]],["Annotate",["l169",1],["pragma_unroll_explicit"],[]],["GetBlock",[],["DepthwiseConv2d","main"],["b171"]],["GetLoops",["b171"],[],["l172","l173","l174","l175","l176","l177","l178","l179","l180","l181","l182","l183","l184","l185","l186","l187","l188"]],["DecomposeReduction",["b171","l175"],[],["b189"]]],[[12,[1,2,1,2,1]],[14,[16,1,1,1,1]],[16,[2,4,2,1,1]],[18,[10,1,24,1,1]],[20,[3,1,1]],[22,[3,1,1]],[39,2],[45,2],[54,1],[58,1]]],[0],{"arch":"sm_70","keys":["cuda","gpu"],"kind":"cuda","max_num_threads":1024,"max_shared_memory_per_block":49152,"max_threads_per_block":1024,"registers_per_block":65536,"tag":"","thread_warp_size":32},[["TENSOR","float32",[4,32,32,240]],["TENSOR","float32",[3,3,240,1]],["TENSOR","float32",[1,1,1,240]],["TENSOR","float32",[4,16,16,240]]]]]
[0,[[[["GetBlock",[],["PaddedInput","main"],["b0"]],["GetBlock",[],["DepthwiseConv2d","main"],["b1"]],["GetBlock",[],["T_add","main"],["b2"]],["GetBlock",[],["compile_engine_const","main"],["b3"]],["GetBlock",[],["T_add_1","main"],["b4"]],["GetBlock",[],["compute","main"],["b5"]],["GetBlock",[],["compile_engine_const_1","main"],["b6"]],["GetBlock",[],["T_divide","main"],["b7"]],["GetBlock",[],["T_multiply","main"],["b8"]],["GetBlock",[],["root","main"],["b9"]],["Annotate",["b1","\"SSSRRSRS\""],["meta_schedule.tiling_structure"],[]],["GetLoops",["b1"],[],["l10","l11","l12","l13","l14","l15"]],["SamplePerfectTile",["l10"],[5,64],["v16","v17","v18","v19","v20"]],["Split",["l10","v16","v17","v18","v19","v20"],[1],["l21","l22","l23","l24","l25"]],["SamplePerfectTile",["l11"],[5,64],["v26","v27","v28","v29","v30"]],["Split",["l11","v26","v27","v28","v29","v30"],[1],["l31","l32","l33","l34","l35"]],["SamplePerfectTile",["l12"],[5,64],["v36","v37","v38","v39","v40"]],["Split",["l12","v36","v37","v38","v39","v40"],[1],["l41","l42","l43","l44","l45"]],["SamplePerfectTile",["l13"],[5,64],["v46","v47","v48","v49","v50"]],["Split",["l13","v46","v47","v48","v49","v50"],[1],["l51","l52","l53","l54","l55"]],["SamplePerfectTile",["l14"],[3,64],["v56","v57","v58"]],["Split",["l14","v56","v57","v58"],[1],["l59","l60","l61"]],["SamplePerfectTile",["l15"],[3,64],["v62","v63","v64"]],["Split",["l15","v62","v63","v64"],[1],["l65","l66","l67"]],["Reorder",["l21","l31","l41","l51","l22","l32","l42","l52","l23","l33","l43","l53","l59","l65","l60","l66","l24","l34","l44","l54","l61","l67","l25","l35","l45","l55"],[],[]],["Fuse",["l21","l31","l41","l51"],[1],["l68"]],["Bind",["l68"],["blockIdx.x"],[]],["Fuse",["l22","l32","l42","l52"],[1],["l69"]],["Bind",["l69"],["vthread.x"],[]],["Fuse",["l23","l33","l43","l53"],[1],["l70"]],["Bind",["l70"],["threadIdx.x"],[]],["Annotate",["b1",32],["meta_schedule.thread_extent_low_inclusive"],[]],["Annotate",["b1",1024],["meta_schedule.thread_extent_high_inclusive"],[]],["CacheWrite",["b1",[]],[0,"local"],["b71"]],["ReverseComputeAt",["b71","l70"],[1,-1],[]],["CacheRead",["b1",["b1"]],[0,"shared"],["b72"]],["ComputeAt",["b72","l65"],[1,-1],[]],["GetLoops",["b72"],[],["l73","l74","l75","l76","l77","l78","l79","l80","l81"]],["Fuse",["l78","l79","l80","l81"],[1],["l82"]],["SampleCategorical",[],[[1,2,3,4],[0.25,0.25,0.25,0.25]],["v83"]],["Annotate",["b72","v83"],["meta_schedule.cooperative_fetch"],[]],["CacheRead",["b1",["b1"]],[1,"shared"],["b84"]],["ComputeAt",["b84","l65"],[1,-1],[]],["GetLoops",["b84"],[],["l85","l86","l87","l88","l89","l90","l91","l92","l93"]],["Fuse",["l90","l91","l92","l93"],[1],["l94"]],["SampleCategorical",[],[[1,2,3,4],[0.25,0.25,0.25,0.25]],["v95"]],["Annotate",["b84","v95"],["meta_schedule.cooperative_fetch"],[]],["ComputeInline",["b6"],[],[]],["ComputeInline",["b3"],[],[]],["ComputeInline",["b7"],[],[]],["ComputeInline",["b5"],[],[]],["ComputeInline",["b4"],[],[]],["ComputeInline",["b2"],[],[]],["ComputeInline",["b0"],[],[]],["SampleCategorical",[],[[0,16,64,512,1024],[0.2000000000000000111,0.2000000000000000111,0.2000000000000000111,0.2000000000000000111,0.2000000000000000111]],["v96"]],["Annotate",["b9","v96"],["meta_schedule.unroll_explicit"],[]],["GetLoops",["b8"],[],["l97","l98","l99","l100"]],["Fuse",["l97","l98","l99","l100"],[1],["l101"]],["SampleCategorical",[],[[32,64,128,256,512,1024],[0.16666666666666665741,0.16666666666666665741,0.16666666666666665741,0.16666666666666665741,0.16666666666666665741,0.16666666666666665741]],["v102"]],["Split",["l101","None","v102"],[1],["l103","l104"]],["Bind",["l103"],["blockIdx.x"],[]],["Bind",["l104"],["threadIdx.x"],[]],["EnterPostproc",[],[],[]],["Unannotate",["b72"],["meta_schedule.cooperative_fetch"],[]],["GetLoops",["b72"],[],["l105","l106","l107","l108","l109","l110"]],["Split",["l110","None",320],[1],["l111","l112"]],["Bind",["l112"],["threadIdx.x"],[]],["Unannotate",["b84"],["meta_schedule.cooperative_fetch"],[]],["GetLoops",["b84"],[],["l113","l114","l115","l116","l117","l118"]],["Split",["l118","None",320,4],[1],["l119","l120","l121"]],["Vectorize",["l121"],[],[]],["Bind",["l120"],["threadIdx.x"],[]],["GetBlock",[],["root","main"],["b122"]],["Unannotate",["b122"],["meta_schedule.unroll_explicit"],[]],["GetChildBlocks",["b122"],[],["b123","b124","b125","b126","b127"]],["GetLoops",["b123"],[],["l128","l129","l130","l131","l132","l133","l134"]],["Annotate",["l128",16],["pragma_auto_unroll_max_step"],[]],["Annotate",["l128",1],["pragma_unroll_explicit"],[]],["GetLoops",["b124"],[],["l135","l136","l137","l138","l139","l140","l141","l142"]],["Annotate",["l135",16],["pragma_auto_unroll_max_step"],[]],["Annotate",["l135",1],["pragma_unroll_explicit"],[]],["GetLoops",["b125"],[],["l143","l144","l145","l146","l147","l148","l149","l150","l151","l152","l153","l154","l155","l156","l157","l158","l159"]],["Annotate",["l143",16],["pragma_auto_unroll_max_step"],[]],["Annotate",["l143",1],["pragma_unroll_explicit"],[]],["GetLoops",["b126"],[],["l160","l161","l162","l163","l164","l165","l166"]],["Annotate",["l160",16],["pragma_auto_unroll_max_step"],[]],["Annotate",["l160",1],["pragma_unroll_explicit"],[]],["GetLoops",["b127"],[],["l167","l168"]],["Annotate",["l167",16],["pragma_auto_unroll_max_step"],[]],["Annotate",["l167",1],["pragma_unroll_explicit"],[]],["GetBlock",[],["DepthwiseConv2d","main"],["b169"]],["GetLoops",["b169"],[],["l170","l171","l172","l173","l174","l175","l176","l177","l178","l179","l180","l181","l182","l183","l184","l185","l186"]],["DecomposeReduction",["b169","l173"],[],["b187"]]],[[12,[4,1,1,1,1]],[14,[2,2,4,1,1]],[16,[2,1,2,4,1]],[18,[6,1,40,1,1]],[20,[3,1,1]],[22,[1,1,3]],[39,0],[45,3],[54,1],[58,0]]],[0],{"arch":"sm_70","keys":["cuda","gpu"],"kind":"cuda","max_num_threads":1024,"max_shared_memory_per_block":49152,"max_threads_per_block":1024,"registers_per_block":65536,"tag":"","thread_warp_size":32},[["TENSOR","float32",[4,32,32,240]],["TENSOR","float32",[3,3,240,1]],["TENSOR","float32",[1,1,1,240]],["TENSOR","float32",[4,16,16,240]]]]]
[0,[[[["GetBlock",[],["PaddedInput","main"],["b0"]],["GetBlock",[],["DepthwiseConv2d","main"],["b1"]],["GetBlock",[],["T_add","main"],["b2"]],["GetBlock",[],["compile_engine_const","main"],["b3"]],["GetBlock",[],["T_add_1","main"],["b4"]],["GetBlock",[],["compute","main"],["b5"]],["GetBlock",[],["compile_engine_const_1","main"],["b6"]],["GetBlock",[],["T_divide","main"],["b7"]],["GetBlock",[],["T_multiply","main"],["b8"]],["GetBlock",[],["root","main"],["b9"]],["Annotate",["b1","\"SSSRRSRS\""],["meta_schedule.tiling_structure"],[]],["GetLoops",["b1"],[],["l10","l11","l12","l13","l14","l15"]],["SamplePerfectTile",["l10"],[5,64],["v16","v17","v18","v19","v20"]],["Split",["l10","v16","v17","v18","v19","v20"],[1],["l21","l22","l23","l24","l25"]],["SamplePerfectTile",["l11"],[5,64],["v26","v27","v28","v29","v30"]],["Split",["l11","v26","v27","v28","v29","v30"],[1],["l31","l32","l33","l34","l35"]],["SamplePerfectTile",["l12"],[5,64],["v36","v37","v38","v39","v40"]],["Split",["l12","v36","v37","v38","v39","v40"],[1],["l41","l42","l43","l44","l45"]],["SamplePerfectTile",["l13"],[5,64],["v46","v47","v48","v49","v50"]],["Split",["l13","v46","v47","v48","v49","v50"],[1],["l51","l52","l53","l54","l55"]],["SamplePerfectTile",["l14"],[3,64],["v56","v57","v58"]],["Split",["l14","v56","v57","v58"],[1],["l59","l60","l61"]],["SamplePerfectTile",["l15"],[3,64],["v62","v63","v64"]],["Split",["l15","v62","v63","v64"],[1],["l65","l66","l67"]],["Reorder",["l21","l31","l41","l51","l22","l32","l42","l52","l23","l33","l43","l53","l59","l65","l60","l66","l24","l34","l44","l54","l61","l67","l25","l35","l45","l55"],[],[]],["Fuse",["l21","l31","l41","l51"],[1],["l68"]],["Bind",["l68"],["blockIdx.x"],[]],["Fuse",["l22","l32","l42","l52"],[1],["l69"]],["Bind",["l69"],["vthread.x"],[]],["Fuse",["l23","l33","l43","l53"],[1],["l70"]],["Bind",["l70"],["threadIdx.x"],[]],["Annotate",["b1",32],["meta_schedule.thread_extent_low_inclusive"],[]],["Annotate",["b1",1024],["meta_schedule.thread_extent_high_inclusive"],[]],["CacheWrite",["b1",[]],[0,"local"],["b71"]],["ReverseComputeAt",["b71","l70"],[1,-1],[]],["CacheRead",["b1",["b1"]],[0,"shared"],["b72"]],["ComputeAt",["b72","l65"],[1,-1],[]],["GetLoops",["b72"],[],["l73","l74","l75","l76","l77","l78","l79","l80","l81"]],["Fuse",["l78","l79","l80","l81"],[1],["l82"]],["SampleCategorical",[],[[1,2,3,4],[0.25,0.25,0.25,0.25]],["v83"]],["Annotate",["b72","v83"],["meta_schedule.cooperative_fetch"],[]],["CacheRead",["b1",["b1"]],[1,"shared"],["b84"]],["ComputeAt",["b84","l65"],[1,-1],[]],["GetLoops",["b84"],[],["l85","l86","l87","l88","l89","l90","l91","l92","l93"]],["Fuse",["l90","l91","l92","l93"],[1],["l94"]],["SampleCategorical",[],[[1,2,3,4],[0.25,0.25,0.25,0.25]],["v95"]],["Annotate",["b84","v95"],["meta_schedule.cooperative_fetch"],[]],["ComputeInline",["b6"],[],[]],["ComputeInline",["b3"],[],[]],["ComputeInline",["b7"],[],[]],["ComputeInline",["b5"],[],[]],["ComputeInline",["b4"],[],[]],["ComputeInline",["b2"],[],[]],["ComputeInline",["b0"],[],[]],["SampleCategorical",[],[[0,16,64,512,1024],[0.2000000000000000111,0.2000000000000000111,0.2000000000000000111,0.2000000000000000111,0.2000000000000000111]],["v96"]],["Annotate",["b9","v96"],["meta_schedule.unroll_explicit"],[]],["GetLoops",["b8"],[],["l97","l98","l99","l100"]],["Fuse",["l97","l98","l99","l100"],[1],["l101"]],["SampleCategorical",[],[[32,64,128,256,512,1024],[0.16666666666666665741,0.16666666666666665741,0.16666666666666665741,0.16666666666666665741,0.16666666666666665741,0.16666666666666665741]],["v102"]],["Split",["l101","None","v102"],[1],["l103","l104"]],["Bind",["l103"],["blockIdx.x"],[]],["Bind",["l104"],["threadIdx.x"],[]],["EnterPostproc",[],[],[]],["Unannotate",["b72"],["meta_schedule.cooperative_fetch"],[]],["GetLoops",["b72"],[],["l105","l106","l107","l108","l109","l110"]],["Split",["l110","None",32,2],[1],["l111","l112","l113"]],["Vectorize",["l113"],[],[]],["Bind",["l112"],["threadIdx.x"],[]],["Unannotate",["b84"],["meta_schedule.cooperative_fetch"],[]],["GetLoops",["b84"],[],["l114","l115","l116","l117","l118","l119"]],["Split",["l119","None",32,3],[1],["l120","l121","l122"]],["Vectorize",["l122"],[],[]],["Bind",["l121"],["threadIdx.x"],[]],["GetBlock",[],["root","main"],["b123"]],["Unannotate",["b123"],["meta_schedule.unroll_explicit"],[]],["GetChildBlocks",["b123"],[],["b124","b125","b126","b127","b128"]],["GetLoops",["b124"],[],["l129","l130","l131","l132","l133","l134","l135","l136"]],["Annotate",["l129",512],["pragma_auto_unroll_max_step"],[]],["Annotate",["l129",1],["pragma_unroll_explicit"],[]],["GetLoops",["b125"],[],["l137","l138","l139","l140","l141","l142","l143","l144"]],["Annotate",["l137",512],["pragma_auto_unroll_max_step"],[]],["Annotate",["l137",1],["pragma_unroll_explicit"],[]],["GetLoops",["b126"],[],["l145","l146","l147","l148","l149","l150","l151","l152","l153","l154","l155","l156","l157","l158","l159","l160","l161"]],["Annotate",["l145",512],["pragma_auto_unroll_max_step"],[]],["Annotate",["l145",1],["pragma_unroll_explicit"],[]],["GetLoops",["b127"],[],["l162","l163","l164","l165","l166","l167","l168"]],["Annotate",["l162",512],["pragma_auto_unroll_max_step"],[]],["Annotate",["l162",1],["pragma_unroll_explicit"],[]],["GetLoops",["b128"],[],["l169","l170"]],["Annotate",["l169",512],["pragma_auto_unroll_max_step"],[]],["Annotate",["l169",1],["pragma_unroll_explicit"],[]],["GetBlock",[],["DepthwiseConv2d","main"],["b171"]],["GetLoops",["b171"],[],["l172","l173","l174","l175","l176","l177","l178","l179","l180","l181","l182","l183","l184","l185","l186","l187","l188"]],["DecomposeReduction",["b171","l175"],[],["b189"]]],[[12,[4,1,1,1,1]],[14,[1,4,2,2,1]],[16,[1,1,16,1,1]],[18,[40,1,1,3,2]],[20,[3,1,1]],[22,[1,3,1]],[39,1],[45,2],[54,3],[58,2]]],[0],{"arch":"sm_70","keys":["cuda","gpu"],"kind":"cuda","max_num_threads":1024,"max_shared_memory_per_block":49152,"max_threads_per_block":1024,"registers_per_block":65536,"tag":"","thread_warp_size":32},[["TENSOR","float32",[4,32,32,240]],["TENSOR","float32",[3,3,240,1]],["TENSOR","float32",[1,1,1,240]],["TENSOR","float32",[4,16,16,240]]]]]
[0,[[[["GetBlock",[],["PaddedInput","main"],["b0"]],["GetBlock",[],["DepthwiseConv2d","main"],["b1"]],["GetBlock",[],["T_add","main"],["b2"]],["GetBlock",[],["compile_engine_const","main"],["b3"]],["GetBlock",[],["T_add_1","main"],["b4"]],["GetBlock",[],["compute","main"],["b5"]],["GetBlock",[],["compile_engine_const_1","main"],["b6"]],["GetBlock",[],["T_divide","main"],["b7"]],["GetBlock",[],["T_multiply","main"],["b8"]],["GetBlock",[],["root","main"],["b9"]],["Annotate",["b1","\"SSSRRSRS\""],["meta_schedule.tiling_structure"],[]],["GetLoops",["b1"],[],["l10","l11","l12","l13","l14","l15"]],["SamplePerfectTile",["l10"],[5,64],["v16","v17","v18","v19","v20"]],["Split",["l10","v16","v17","v18","v19","v20"],[1],["l21","l22","l23","l24","l25"]],["SamplePerfectTile",["l11"],[5,64],["v26","v27","v28","v29","v30"]],["Split",["l11","v26","v27","v28","v29","v30"],[1],["l31","l32","l33","l34","l35"]],["SamplePerfectTile",["l12"],[5,64],["v36","v37","v38","v39","v40"]],["Split",["l12","v36","v37","v38","v39","v40"],[1],["l41","l42","l43","l44","l45"]],["SamplePerfectTile",["l13"],[5,64],["v46","v47","v48","v49","v50"]],["Split",["l13","v46","v47","v48","v49","v50"],[1],["l51","l52","l53","l54","l55"]],["SamplePerfectTile",["l14"],[3,64],["v56","v57","v58"]],["Split",["l14","v56","v57","v58"],[1],["l59","l60","l61"]],["SamplePerfectTile",["l15"],[3,64],["v62","v63","v64"]],["Split",["l15","v62","v63","v64"],[1],["l65","l66","l67"]],["Reorder",["l21","l31","l41","l51","l22","l32","l42","l52","l23","l33","l43","l53","l59","l65","l60","l66","l24","l34","l44","l54","l61","l67","l25","l35","l45","l55"],[],[]],["Fuse",["l21","l31","l41","l51"],[1],["l68"]],["Bind",["l68"],["blockIdx.x"],[]],["Fuse",["l22","l32","l42","l52"],[1],["l69"]],["Bind",["l69"],["vthread.x"],[]],["Fuse",["l23","l33","l43","l53"],[1],["l70"]],["Bind",["l70"],["threadIdx.x"],[]],["Annotate",["b1",32],["meta_schedule.thread_extent_low_inclusive"],[]],["Annotate",["b1",1024],["meta_schedule.thread_extent_high_inclusive"],[]],["CacheWrite",["b1",[]],[0,"local"],["b71"]],["ReverseComputeAt",["b71","l70"],[1,-1],[]],["CacheRead",["b1",["b1"]],[0,"shared"],["b72"]],["ComputeAt",["b72","l65"],[1,-1],[]],["GetLoops",["b72"],[],["l73","l74","l75","l76","l77","l78","l79","l80","l81"]],["Fuse",["l78","l79","l80","l81"],[1],["l82"]],["SampleCategorical",[],[[1,2,3,4],[0.25,0.25,0.25,0.25]],["v83"]],["Annotate",["b72","v83"],["meta_schedule.cooperative_fetch"],[]],["CacheRead",["b1",["b1"]],[1,"shared"],["b84"]],["ComputeAt",["b84","l65"],[1,-1],[]],["GetLoops",["b84"],[],["l85","l86","l87","l88","l89","l90","l91","l92","l93"]],["Fuse",["l90","l91","l92","l93"],[1],["l94"]],["SampleCategorical",[],[[1,2,3,4],[0.25,0.25,0.25,0.25]],["v95"]],["Annotate",["b84","v95"],["meta_schedule.cooperative_fetch"],[]],["ComputeInline",["b6"],[],[]],["ComputeInline",["b3"],[],[]],["ComputeInline",["b7"],[],[]],["ComputeInline",["b5"],[],[]],["ComputeInline",["b4"],[],[]],["ComputeInline",["b2"],[],[]],["ComputeInline",["b0"],[],[]],["SampleCategorical",[],[[0,16,64,512,1024],[0.2000000000000000111,0.2000000000000000111,0.2000000000000000111,0.2000000000000000111,0.2000000000000000111]],["v96"]],["Annotate",["b9","v96"],["meta_schedule.unroll_explicit"],[]],["GetLoops",["b8"],[],["l97","l98","l99","l100"]],["Fuse",["l97","l98","l99","l100"],[1],["l101"]],["SampleCategorical",[],[[32,64,128,256,512,1024],[0.16666666666666665741,0.16666666666666665741,0.16666666666666665741,0.16666666666666665741,0.16666666666666665741,0.16666666666666665741]],["v102"]],["Split",["l101","None","v102"],[1],["l103","l104"]],["Bind",["l103"],["blockIdx.x"],[]],["Bind",["l104"],["threadIdx.x"],[]],["EnterPostproc",[],[],[]],["Unannotate",["b72"],["meta_schedule.cooperative_fetch"],[]],["GetLoops",["b72"],[],["l105","l106","l107","l108","l109","l110"]],["Split",["l110","None",40],[1],["l111","l112"]],["Bind",["l112"],["threadIdx.x"],[]],["Unannotate",["b84"],["meta_schedule.cooperative_fetch"],[]],["GetLoops",["b84"],[],["l113","l114","l115","l116","l117","l118"]],["Split",["l118","None",40,2],[1],["l119","l120","l121"]],["Vectorize",["l121"],[],[]],["Bind",["l120"],["threadIdx.x"],[]],["GetBlock",[],["root","main"],["b122"]],["Unannotate",["b122"],["meta_schedule.unroll_explicit"],[]],["GetChildBlocks",["b122"],[],["b123","b124","b125","b126","b127"]],["GetLoops",["b123"],[],["l128","l129","l130","l131","l132","l133","l134"]],["Annotate",["l128",512],["pragma_auto_unroll_max_step"],[]],["Annotate",["l128",1],["pragma_unroll_explicit"],[]],["GetLoops",["b124"],[],["l135","l136","l137","l138","l139","l140","l141","l142"]],["Annotate",["l135",512],["pragma_auto_unroll_max_step"],[]],["Annotate",["l135",1],["pragma_unroll_explicit"],[]],["GetLoops",["b125"],[],["l143","l144","l145","l146","l147","l148","l149","l150","l151","l152","l153","l154","l155","l156","l157","l158","l159"]],["Annotate",["l143",512],["pragma_auto_unroll_max_step"],[]],["Annotate",["l143",1],["pragma_unroll_explicit"],[]],["GetLoops",["b126"],[],["l160","l161","l162","l163","l164","l165","l166"]],["Annotate",["l160",512],["pragma_auto_unroll_max_step"],[]],["Annotate",["l160",1],["pragma_unroll_explicit"],[]],["GetLoops",["b127"],[],["l167","l168"]],["Annotate",["l167",512],["pragma_auto_unroll_max_step"],[]],["Annotate",["l167",1],["pragma_unroll_explicit"],[]],["GetBlock",[],["DepthwiseConv2d","main"],["b169"]],["GetLoops",["b169"],[],["l170","l171","l172","l173","l174","l175","l176","l177","l178","l179","l180","l181","l182","l183","l184","l185","l186"]],["DecomposeReduction",["b169","l173"],[],["b187"]]],[[12,[4,1,1,1,1]],[14,[1,4,2,2,1]],[16,[2,1,2,1,4]],[18,[12,1,10,2,1]],[20,[1,3,1]],[22,[3,1,1]],[39,0],[45,1],[54,3],[58,3]]],[0],{"arch":"sm_70","keys":["cuda","gpu"],"kind":"cuda","max_num_threads":1024,"max_shared_memory_per_block":49152,"max_threads_per_block":1024,"registers_per_block":65536,"tag":"","thread_warp_size":32},[["TENSOR","float32",[4,32,32,240]],["TENSOR","float32",[3,3,240,1]],["TENSOR","float32",[1,1,1,240]],["TENSOR","float32",[4,16,16,240]]]]]
[0,[[[["GetBlock",[],["PaddedInput","main"],["b0"]],["GetBlock",[],["DepthwiseConv2d","main"],["b1"]],["GetBlock",[],["T_add","main"],["b2"]],["GetBlock",[],["compile_engine_const","main"],["b3"]],["GetBlock",[],["T_add_1","main"],["b4"]],["GetBlock",[],["compute","main"],["b5"]],["GetBlock",[],["compile_engine_const_1","main"],["b6"]],["GetBlock",[],["T_divide","main"],["b7"]],["GetBlock",[],["T_multiply","main"],["b8"]],["GetBlock",[],["root","main"],["b9"]],["Annotate",["b1","\"SSSRRSRS\""],["meta_schedule.tiling_structure"],[]],["GetLoops",["b1"],[],["l10","l11","l12","l13","l14","l15"]],["SamplePerfectTile",["l10"],[5,64],["v16","v17","v18","v19","v20"]],["Split",["l10","v16","v17","v18","v19","v20"],[1],["l21","l22","l23","l24","l25"]],["SamplePerfectTile",["l11"],[5,64],["v26","v27","v28","v29","v30"]],["Split",["l11","v26","v27","v28","v29","v30"],[1],["l31","l32","l33","l34","l35"]],["SamplePerfectTile",["l12"],[5,64],["v36","v37","v38","v39","v40"]],["Split",["l12","v36","v37","v38","v39","v40"],[1],["l41","l42","l43","l44","l45"]],["SamplePerfectTile",["l13"],[5,64],["v46","v47","v48","v49","v50"]],["Split",["l13","v46","v47","v48","v49","v50"],[1],["l51","l52","l53","l54","l55"]],["SamplePerfectTile",["l14"],[3,64],["v56","v57","v58"]],["Split",["l14","v56","v57","v58"],[1],["l59","l60","l61"]],["SamplePerfectTile",["l15"],[3,64],["v62","v63","v64"]],["Split",["l15","v62","v63","v64"],[1],["l65","l66","l67"]],["Reorder",["l21","l31","l41","l51","l22","l32","l42","l52","l23","l33","l43","l53","l59","l65","l60","l66","l24","l34","l44","l54","l61","l67","l25","l35","l45","l55"],[],[]],["Fuse",["l21","l31","l41","l51"],[1],["l68"]],["Bind",["l68"],["blockIdx.x"],[]],["Fuse",["l22","l32","l42","l52"],[1],["l69"]],["Bind",["l69"],["vthread.x"],[]],["Fuse",["l23","l33","l43","l53"],[1],["l70"]],["Bind",["l70"],["threadIdx.x"],[]],["Annotate",["b1",32],["meta_schedule.thread_extent_low_inclusive"],[]],["Annotate",["b1",1024],["meta_schedule.thread_extent_high_inclusive"],[]],["CacheWrite",["b1",[]],[0,"local"],["b71"]],["ReverseComputeAt",["b71","l70"],[1,-1],[]],["CacheRead",["b1",["b1"]],[0,"shared"],["b72"]],["ComputeAt",["b72","l65"],[1,-1],[]],["GetLoops",["b72"],[],["l73","l74","l75","l76","l77","l78","l79","l80","l81"]],["Fuse",["l78","l79","l80","l81"],[1],["l82"]],["SampleCategorical",[],[[1,2,3,4],[0.25,0.25,0.25,0.25]],["v83"]],["Annotate",["b72","v83"],["meta_schedule.cooperative_fetch"],[]],["CacheRead",["b1",["b1"]],[1,"shared"],["b84"]],["ComputeAt",["b84","l65"],[1,-1],[]],["GetLoops",["b84"],[],["l85","l86","l87","l88","l89","l90","l91","l92","l93"]],["Fuse",["l90","l91","l92","l93"],[1],["l94"]],["SampleCategorical",[],[[1,2,3,4],[0.25,0.25,0.25,0.25]],["v95"]],["Annotate",["b84","v95"],["meta_schedule.cooperative_fetch"],[]],["ComputeInline",["b6"],[],[]],["ComputeInline",["b3"],[],[]],["ComputeInline",["b7"],[],[]],["ComputeInline",["b5"],[],[]],["ComputeInline",["b4"],[],[]],["ComputeInline",["b2"],[],[]],["ComputeInline",["b0"],[],[]],["SampleCategorical",[],[[0,16,64,512,1024],[0.2000000000000000111,0.2000000000000000111,0.2000000000000000111,0.2000000000000000111,0.2000000000000000111]],["v96"]],["Annotate",["b9","v96"],["meta_schedule.unroll_explicit"],[]],["GetLoops",["b8"],[],["l97","l98","l99","l100"]],["Fuse",["l97","l98","l99","l100"],[1],["l101"]],["SampleCategorical",[],[[32,64,128,256,512,1024],[0.16666666666666665741,0.16666666666666665741,0.16666666666666665741,0.16666666666666665741,0.16666666666666665741,0.16666666666666665741]],["v102"]],["Split",["l101","None","v102"],[1],["l103","l104"]],["Bind",["l103"],["blockIdx.x"],[]],["Bind",["l104"],["threadIdx.x"],[]],["EnterPostproc",[],[],[]],["Unannotate",["b72"],["meta_schedule.cooperative_fetch"],[]],["GetLoops",["b72"],[],["l105","l106","l107","l108","l109","l110"]],["Split",["l110","None",40,2],[1],["l111","l112","l113"]],["Vectorize",["l113"],[],[]],["Bind",["l112"],["threadIdx.x"],[]],["Unannotate",["b84"],["meta_schedule.cooperative_fetch"],[]],["GetLoops",["b84"],[],["l114","l115","l116","l117","l118","l119"]],["Split",["l119","None",40,4],[1],["l120","l121","l122"]],["Vectorize",["l122"],[],[]],["Bind",["l121"],["threadIdx.x"],[]],["GetBlock",[],["root","main"],["b123"]],["Unannotate",["b123"],["meta_schedule.unroll_explicit"],[]],["GetChildBlocks",["b123"],[],["b124","b125","b126","b127","b128"]],["GetLoops",["b124"],[],["l129","l130","l131","l132","l133","l134","l135","l136"]],["Annotate",["l129",1024],["pragma_auto_unroll_max_step"],[]],["Annotate",["l129",1],["pragma_unroll_explicit"],[]],["GetLoops",["b125"],[],["l137","l138","l139","l140","l141","l142","l143","l144"]],["Annotate",["l137",1024],["pragma_auto_unroll_max_step"],[]],["Annotate",["l137",1],["pragma_unroll_explicit"],[]],["GetLoops",["b126"],[],["l145","l146","l147","l148","l149","l150","l151","l152","l153","l154","l155","l156","l157","l158","l159","l160","l161"]],["Annotate",["l145",1024],["pragma_auto_unroll_max_step"],[]],["Annotate",["l145",1],["pragma_unroll_explicit"],[]],["GetLoops",["b127"],[],["l162","l163","l164","l165","l166","l167","l168"]],["Annotate",["l162",1024],["pragma_auto_unroll_max_step"],[]],["Annotate",["l162",1],["pragma_unroll_explicit"],[]],["GetLoops",["b128"],[],["l169","l170"]],["Annotate",["l169",1024],["pragma_auto_unroll_max_step"],[]],["Annotate",["l169",1],["pragma_unroll_explicit"],[]],["GetBlock",[],["DepthwiseConv2d","main"],["b171"]],["GetLoops",["b171"],[],["l172","l173","l174","l175","l176","l177","l178","l179","l180","l181","l182","l183","l184","l185","l186","l187","l188"]],["DecomposeReduction",["b171","l175"],[],["b189"]]],[[12,[2,2,1,1,1]],[14,[2,1,4,1,2]],[16,[4,2,1,1,2]],[18,[12,1,10,2,1]],[20,[1,3,1]],[22,[1,1,3]],[39,1],[45,3],[54,4],[58,1]]],[0],{"arch":"sm_70","keys":["cuda","gpu"],"kind":"cuda","max_num_threads":1024,"max_shared_memory_per_block":49152,"max_threads_per_block":1024,"registers_per_block":65536,"tag":"","thread_warp_size":32},[["TENSOR","float32",[4,32,32,240]],["TENSOR","float32",[3,3,240,1]],["TENSOR","float32",[1,1,1,240]],["TENSOR","float32",[4,16,16,240]]]]]
[0,[[[["GetBlock",[],["PaddedInput","main"],["b0"]],["GetBlock",[],["DepthwiseConv2d","main"],["b1"]],["GetBlock",[],["T_add","main"],["b2"]],["GetBlock",[],["compile_engine_const","main"],["b3"]],["GetBlock",[],["T_add_1","main"],["b4"]],["GetBlock",[],["compute","main"],["b5"]],["GetBlock",[],["compile_engine_const_1","main"],["b6"]],["GetBlock",[],["T_divide","main"],["b7"]],["GetBlock",[],["T_multiply","main"],["b8"]],["GetBlock",[],["root","main"],["b9"]],["Annotate",["b1","\"SSSRRSRS\""],["meta_schedule.tiling_structure"],[]],["GetLoops",["b1"],[],["l10","l11","l12","l13","l14","l15"]],["SamplePerfectTile",["l10"],[5,64],["v16","v17","v18","v19","v20"]],["Split",["l10","v16","v17","v18","v19","v20"],[1],["l21","l22","l23","l24","l25"]],["SamplePerfectTile",["l11"],[5,64],["v26","v27","v28","v29","v30"]],["Split",["l11","v26","v27","v28","v29","v30"],[1],["l31","l32","l33","l34","l35"]],["SamplePerfectTile",["l12"],[5,64],["v36","v37","v38","v39","v40"]],["Split",["l12","v36","v37","v38","v39","v40"],[1],["l41","l42","l43","l44","l45"]],["SamplePerfectTile",["l13"],[5,64],["v46","v47","v48","v49","v50"]],["Split",["l13","v46","v47","v48","v49","v50"],[1],["l51","l52","l53","l54","l55"]],["SamplePerfectTile",["l14"],[3,64],["v56","v57","v58"]],["Split",["l14","v56","v57","v58"],[1],["l59","l60","l61"]],["SamplePerfectTile",["l15"],[3,64],["v62","v63","v64"]],["Split",["l15","v62","v63","v64"],[1],["l65","l66","l67"]],["Reorder",["l21","l31","l41","l51","l22","l32","l42","l52","l23","l33","l43","l53","l59","l65","l60","l66","l24","l34","l44","l54","l61","l67","l25","l35","l45","l55"],[],[]],["Fuse",["l21","l31","l41","l51"],[1],["l68"]],["Bind",["l68"],["blockIdx.x"],[]],["Fuse",["l22","l32","l42","l52"],[1],["l69"]],["Bind",["l69"],["vthread.x"],[]],["Fuse",["l23","l33","l43","l53"],[1],["l70"]],["Bind",["l70"],["threadIdx.x"],[]],["Annotate",["b1",32],["meta_schedule.thread_extent_low_inclusive"],[]],["Annotate",["b1",1024],["meta_schedule.thread_extent_high_inclusive"],[]],["CacheWrite",["b1",[]],[0,"local"],["b71"]],["ReverseComputeAt",["b71","l70"],[1,-1],[]],["CacheRead",["b1",["b1"]],[0,"shared"],["b72"]],["ComputeAt",["b72","l65"],[1,-1],[]],["GetLoops",["b72"],[],["l73","l74","l75","l76","l77","l78","l79","l80","l81"]],["Fuse",["l78","l79","l80","l81"],[1],["l82"]],["SampleCategorical",[],[[1,2,3,4],[0.25,0.25,0.25,0.25]],["v83"]],["Annotate",["b72","v83"],["meta_schedule.cooperative_fetch"],[]],["CacheRead",["b1",["b1"]],[1,"shared"],["b84"]],["ComputeAt",["b84","l65"],[1,-1],[]],["GetLoops",["b84"],[],["l85","l86","l87","l88","l89","l90","l91","l92","l93"]],["Fuse",["l90","l91","l92","l93"],[1],["l94"]],["SampleCategorical",[],[[1,2,3,4],[0.25,0.25,0.25,0.25]],["v95"]],["Annotate",["b84","v95"],["meta_schedule.cooperative_fetch"],[]],["ComputeInline",["b6"],[],[]],["ComputeInline",["b3"],[],[]],["ComputeInline",["b7"],[],[]],["ComputeInline",["b5"],[],[]],["ComputeInline",["b4"],[],[]],["ComputeInline",["b2"],[],[]],["ComputeInline",["b0"],[],[]],["SampleCategorical",[],[[0,16,64,512,1024],[0.2000000000000000111,0.2000000000000000111,0.2000000000000000111,0.2000000000000000111,0.2000000000000000111]],["v96"]],["Annotate",["b9","v96"],["meta_schedule.unroll_explicit"],[]],["GetLoops",["b8"],[],["l97","l98","l99","l100"]],["Fuse",["l97","l98","l99","l100"],[1],["l101"]],["SampleCategorical",[],[[32,64,128,256,512,1024],[0.16666666666666665741,0.16666666666666665741,0.16666666666666665741,0.16666666666666665741,0.16666666666666665741,0.16666666666666665741]],["v102"]],["Split",["l101","None","v102"],[1],["l103","l104"]],["Bind",["l103"],["blockIdx.x"],[]],["Bind",["l104"],["threadIdx.x"],[]],["EnterPostproc",[],[],[]],["Unannotate",["b72"],["meta_schedule.cooperative_fetch"],[]],["GetLoops",["b72"],[],["l105","l106","l107","l108","l109","l110"]],["Split",["l110","None",80,2],[1],["l111","l112","l113"]],["Vectorize",["l113"],[],[]],["Bind",["l112"],["threadIdx.x"],[]],["Unannotate",["b84"],["meta_schedule.cooperative_fetch"],[]],["GetLoops",["b84"],[],["l114","l115","l116","l117","l118","l119"]],["Split",["l119","None",80],[1],["l120","l121"]],["Bind",["l121"],["threadIdx.x"],[]],["GetBlock",[],["root","main"],["b122"]],["Unannotate",["b122"],["meta_schedule.unroll_explicit"],[]],["GetChildBlocks",["b122"],[],["b123","b124","b125","b126","b127"]],["GetLoops",["b123"],[],["l128","l129","l130","l131","l132","l133","l134","l135"]],["Annotate",["l128",1024],["pragma_auto_unroll_max_step"],[]],["Annotate",["l128",1],["pragma_unroll_explicit"],[]],["GetLoops",["b124"],[],["l136","l137","l138","l139","l140","l141","l142"]],["Annotate",["l136",1024],["pragma_auto_unroll_max_step"],[]],["Annotate",["l136",1],["pragma_unroll_explicit"],[]],["GetLoops",["b125"],[],["l143","l144","l145","l146","l147","l148","l149","l150","l151","l152","l153","l154","l155","l156","l157","l158","l159"]],["Annotate",["l143",1024],["pragma_auto_unroll_max_step"],[]],["Annotate",["l143",1],["pragma_unroll_explicit"],[]],["GetLoops",["b126"],[],["l160","l161","l162","l163","l164","l165","l166"]],["Annotate",["l160",1024],["pragma_auto_unroll_max_step"],[]],["Annotate",["l160",1],["pragma_unroll_explicit"],[]],["GetLoops",["b127"],[],["l167","l168"]],["Annotate",["l167",1024],["pragma_auto_unroll_max_step"],[]],["Annotate",["l167",1],["pragma_unroll_explicit"],[]],["GetBlock",[],["DepthwiseConv2d","main"],["b169"]],["GetLoops",["b169"],[],["l170","l171","l172","l173","l174","l175","l176","l177","l178","l179","l180","l181","l182","l183","l184","l185","l186"]],["DecomposeReduction",["b169","l173"],[],["b187"]]],[[12,[1,1,4,1,1]],[14,[2,1,2,4,1]],[16,[2,1,2,1,4]],[18,[24,1,5,2,1]],[20,[3,1,1]],[22,[1,3,1]],[39,1],[45,3],[54,4],[58,4]]],[0],{"arch":"sm_70","keys":["cuda","gpu"],"kind":"cuda","max_num_threads":1024,"max_shared_memory_per_block":49152,"max_threads_per_block":1024,"registers_per_block":65536,"tag":"","thread_warp_size":32},[["TENSOR","float32",[4,32,32,240]],["TENSOR","float32",[3,3,240,1]],["TENSOR","float32",[1,1,1,240]],["TENSOR","float32",[4,16,16,240]]]]]
[0,[[[["GetBlock",[],["PaddedInput","main"],["b0"]],["GetBlock",[],["DepthwiseConv2d","main"],["b1"]],["GetBlock",[],["T_add","main"],["b2"]],["GetBlock",[],["compile_engine_const","main"],["b3"]],["GetBlock",[],["T_add_1","main"],["b4"]],["GetBlock",[],["compute","main"],["b5"]],["GetBlock",[],["compile_engine_const_1","main"],["b6"]],["GetBlock",[],["T_divide","main"],["b7"]],["GetBlock",[],["T_multiply","main"],["b8"]],["GetBlock",[],["root","main"],["b9"]],["Annotate",["b1","\"SSSRRSRS\""],["meta_schedule.tiling_structure"],[]],["GetLoops",["b1"],[],["l10","l11","l12","l13","l14","l15"]],["SamplePerfectTile",["l10"],[5,64],["v16","v17","v18","v19","v20"]],["Split",["l10","v16","v17","v18","v19","v20"],[1],["l21","l22","l23","l24","l25"]],["SamplePerfectTile",["l11"],[5,64],["v26","v27","v28","v29","v30"]],["Split",["l11","v26","v27","v28","v29","v30"],[1],["l31","l32","l33","l34","l35"]],["SamplePerfectTile",["l12"],[5,64],["v36","v37","v38","v39","v40"]],["Split",["l12","v36","v37","v38","v39","v40"],[1],["l41","l42","l43","l44","l45"]],["SamplePerfectTile",["l13"],[5,64],["v46","v47","v48","v49","v50"]],["Split",["l13","v46","v47","v48","v49","v50"],[1],["l51","l52","l53","l54","l55"]],["SamplePerfectTile",["l14"],[3,64],["v56","v57","v58"]],["Split",["l14","v56","v57","v58"],[1],["l59","l60","l61"]],["SamplePerfectTile",["l15"],[3,64],["v62","v63","v64"]],["Split",["l15","v62","v63","v64"],[1],["l65","l66","l67"]],["Reorder",["l21","l31","l41","l51","l22","l32","l42","l52","l23","l33","l43","l53","l59","l65","l60","l66","l24","l34","l44","l54","l61","l67","l25","l35","l45","l55"],[],[]],["Fuse",["l21","l31","l41","l51"],[1],["l68"]],["Bind",["l68"],["blockIdx.x"],[]],["Fuse",["l22","l32","l42","l52"],[1],["l69"]],["Bind",["l69"],["vthread.x"],[]],["Fuse",["l23","l33","l43","l53"],[1],["l70"]],["Bind",["l70"],["threadIdx.x"],[]],["Annotate",["b1",32],["meta_schedule.thread_extent_low_inclusive"],[]],["Annotate",["b1",1024],["meta_schedule.thread_extent_high_inclusive"],[]],["CacheWrite",["b1",[]],[0,"local"],["b71"]],["ReverseComputeAt",["b71","l70"],[1,-1],[]],["CacheRead",["b1",["b1"]],[0,"shared"],["b72"]],["ComputeAt",["b72","l65"],[1,-1],[]],["GetLoops",["b72"],[],["l73","l74","l75","l76","l77","l78","l79","l80","l81"]],["Fuse",["l78","l79","l80","l81"],[1],["l82"]],["SampleCategorical",[],[[1,2,3,4],[0.25,0.25,0.25,0.25]],["v83"]],["Annotate",["b72","v83"],["meta_schedule.cooperative_fetch"],[]],["CacheRead",["b1",["b1"]],[1,"shared"],["b84"]],["ComputeAt",["b84","l65"],[1,-1],[]],["GetLoops",["b84"],[],["l85","l86","l87","l88","l89","l90","l91","l92","l93"]],["Fuse",["l90","l91","l92","l93"],[1],["l94"]],["SampleCategorical",[],[[1,2,3,4],[0.25,0.25,0.25,0.25]],["v95"]],["Annotate",["b84","v95"],["meta_schedule.cooperative_fetch"],[]],["ComputeInline",["b6"],[],[]],["ComputeInline",["b3"],[],[]],["ComputeInline",["b7"],[],[]],["ComputeInline",["b5"],[],[]],["ComputeInline",["b4"],[],[]],["ComputeInline",["b2"],[],[]],["ComputeInline",["b0"],[],[]],["SampleCategorical",[],[[0,16,64,512,1024],[0.2000000000000000111,0.2000000000000000111,0.2000000000000000111,0.2000000000000000111,0.2000000000000000111]],["v96"]],["Annotate",["b9","v96"],["meta_schedule.unroll_explicit"],[]],["GetLoops",["b8"],[],["l97","l98","l99","l100"]],["Fuse",["l97","l98","l99","l100"],[1],["l101"]],["SampleCategorical",[],[[32,64,128,256,512,1024],[0.16666666666666665741,0.16666666666666665741,0.16666666666666665741,0.16666666666666665741,0.16666666666666665741,0.16666666666666665741]],["v102"]],["Split",["l101","None","v102"],[1],["l103","l104"]],["Bind",["l103"],["blockIdx.x"],[]],["Bind",["l104"],["threadIdx.x"],[]],["EnterPostproc",[],[],[]],["Unannotate",["b72"],["meta_schedule.cooperative_fetch"],[]],["GetLoops",["b72"],[],["l105","l106","l107","l108","l109","l110"]],["Split",["l110","None",32,4],[1],["l111","l112","l113"]],["Vectorize",["l113"],[],[]],["Bind",["l112"],["threadIdx.x"],[]],["Unannotate",["b84"],["meta_schedule.cooperative_fetch"],[]],["GetLoops",["b84"],[],["l114","l115","l116","l117","l118","l119"]],["Split",["l119","None",32,4],[1],["l120","l121","l122"]],["Vectorize",["l122"],[],[]],["Bind",["l121"],["threadIdx.x"],[]],["GetBlock",[],["root","main"],["b123"]],["Unannotate",["b123"],["meta_schedule.unroll_explicit"],[]],["GetChildBlocks",["b123"],[],["b124","b125","b126","b127","b128"]],["GetLoops",["b124"],[],["l129","l130","l131","l132","l133","l134","l135","l136"]],["Annotate",["l129",64],["pragma_auto_unroll_max_step"],[]],["Annotate",["l129",1],["pragma_unroll_explicit"],[]],["GetLoops",["b125"],[],["l137","l138","l139","l140","l141","l142","l143","l144"]],["Annotate",["l137",64],["pragma_auto_unroll_max_step"],[]],["Annotate",["l137",1],["pragma_unroll_explicit"],[]],["GetLoops",["b126"],[],["l145","l146","l147","l148","l149","l150","l151","l152","l153","l154","l155","l156","l157","l158","l159","l160","l161"]],["Annotate",["l145",64],["pragma_auto_unroll_max_step"],[]],["Annotate",["l145",1],["pragma_unroll_explicit"],[]],["GetLoops",["b127"],[],["l162","l163","l164","l165","l166","l167","l168"]],["Annotate",["l162",64],["pragma_auto_unroll_max_step"],[]],["Annotate",["l162",1],["pragma_unroll_explicit"],[]],["GetLoops",["b128"],[],["l169","l170"]],["Annotate",["l169",64],["pragma_auto_unroll_max_step"],[]],["Annotate",["l169",1],["pragma_unroll_explicit"],[]],["GetBlock",[],["DepthwiseConv2d","main"],["b171"]],["GetLoops",["b171"],[],["l172","l173","l174","l175","l176","l177","l178","l179","l180","l181","l182","l183","l184","l185","l186","l187","l188"]],["DecomposeReduction",["b171","l175"],[],["b189"]]],[[12,[1,1,2,2,1]],[14,[4,1,4,1,1]],[16,[4,1,1,4,1]],[18,[4,1,4,5,3]],[20,[3,1,1]],[22,[3,1,1]],[39,3],[45,3],[54,2],[58,0]]],[0],{"arch":"sm_70","keys":["cuda","gpu"],"kind":"cuda","max_num_threads":1024,"max_shared_memory_per_block":49152,"max_threads_per_block":1024,"registers_per_block":65536,"tag":"","thread_warp_size":32},[["TENSOR","float32",[4,32,32,240]],["TENSOR","float32",[3,3,240,1]],["TENSOR","float32",[1,1,1,240]],["TENSOR","float32",[4,16,16,240]]]]]
[0,[[[["GetBlock",[],["PaddedInput","main"],["b0"]],["GetBlock",[],["DepthwiseConv2d","main"],["b1"]],["GetBlock",[],["T_add","main"],["b2"]],["GetBlock",[],["compile_engine_const","main"],["b3"]],["GetBlock",[],["T_add_1","main"],["b4"]],["GetBlock",[],["compute","main"],["b5"]],["GetBlock",[],["compile_engine_const_1","main"],["b6"]],["GetBlock",[],["T_divide","main"],["b7"]],["GetBlock",[],["T_multiply","main"],["b8"]],["GetBlock",[],["root","main"],["b9"]],["Annotate",["b1","\"SSSRRSRS\""],["meta_schedule.tiling_structure"],[]],["GetLoops",["b1"],[],["l10","l11","l12","l13","l14","l15"]],["SamplePerfectTile",["l10"],[5,64],["v16","v17","v18","v19","v20"]],["Split",["l10","v16","v17","v18","v19","v20"],[1],["l21","l22","l23","l24","l25"]],["SamplePerfectTile",["l11"],[5,64],["v26","v27","v28","v29","v30"]],["Split",["l11","v26","v27","v28","v29","v30"],[1],["l31","l32","l33","l34","l35"]],["SamplePerfectTile",["l12"],[5,64],["v36","v37","v38","v39","v40"]],["Split",["l12","v36","v37","v38","v39","v40"],[1],["l41","l42","l43","l44","l45"]],["SamplePerfectTile",["l13"],[5,64],["v46","v47","v48","v49","v50"]],["Split",["l13","v46","v47","v48","v49","v50"],[1],["l51","l52","l53","l54","l55"]],["SamplePerfectTile",["l14"],[3,64],["v56","v57","v58"]],["Split",["l14","v56","v57","v58"],[1],["l59","l60","l61"]],["SamplePerfectTile",["l15"],[3,64],["v62","v63","v64"]],["Split",["l15","v62","v63","v64"],[1],["l65","l66","l67"]],["Reorder",["l21","l31","l41","l51","l22","l32","l42","l52","l23","l33","l43","l53","l59","l65","l60","l66","l24","l34","l44","l54","l61","l67","l25","l35","l45","l55"],[],[]],["Fuse",["l21","l31","l41","l51"],[1],["l68"]],["Bind",["l68"],["blockIdx.x"],[]],["Fuse",["l22","l32","l42","l52"],[1],["l69"]],["Bind",["l69"],["vthread.x"],[]],["Fuse",["l23","l33","l43","l53"],[1],["l70"]],["Bind",["l70"],["threadIdx.x"],[]],["Annotate",["b1",32],["meta_schedule.thread_extent_low_inclusive"],[]],["Annotate",["b1",1024],["meta_schedule.thread_extent_high_inclusive"],[]],["CacheWrite",["b1",[]],[0,"local"],["b71"]],["ReverseComputeAt",["b71","l70"],[1,-1],[]],["CacheRead",["b1",["b1"]],[0,"shared"],["b72"]],["ComputeAt",["b72","l65"],[1,-1],[]],["GetLoops",["b72"],[],["l73","l74","l75","l76","l77","l78","l79","l80","l81"]],["Fuse",["l78","l79","l80","l81"],[1],["l82"]],["SampleCategorical",[],[[1,2,3,4],[0.25,0.25,0.25,0.25]],["v83"]],["Annotate",["b72","v83"],["meta_schedule.cooperative_fetch"],[]],["CacheRead",["b1",["b1"]],[1,"shared"],["b84"]],["ComputeAt",["b84","l65"],[1,-1],[]],["GetLoops",["b84"],[],["l85","l86","l87","l88","l89","l90","l91","l92","l93"]],["Fuse",["l90","l91","l92","l93"],[1],["l94"]],["SampleCategorical",[],[[1,2,3,4],[0.25,0.25,0.25,0.25]],["v95"]],["Annotate",["b84","v95"],["meta_schedule.cooperative_fetch"],[]],["ComputeInline",["b6"],[],[]],["ComputeInline",["b3"],[],[]],["ComputeInline",["b7"],[],[]],["ComputeInline",["b5"],[],[]],["ComputeInline",["b4"],[],[]],["ComputeInline",["b2"],[],[]],["ComputeInline",["b0"],[],[]],["SampleCategorical",[],[[0,16,64,512,1024],[0.2000000000000000111,0.2000000000000000111,0.2000000000000000111,0.2000000000000000111,0.2000000000000000111]],["v96"]],["Annotate",["b9","v96"],["meta_schedule.unroll_explicit"],[]],["GetLoops",["b8"],[],["l97","l98","l99","l100"]],["Fuse",["l97","l98","l99","l100"],[1],["l101"]],["SampleCategorical",[],[[32,64,128,256,512,1024],[0.16666666666666665741,0.16666666666666665741,0.16666666666666665741,0.16666666666666665741,0.16666666666666665741,0.16666666666666665741]],["v102"]],["Split",["l101","None","v102"],[1],["l103","l104"]],["Bind",["l103"],["blockIdx.x"],[]],["Bind",["l104"],["threadIdx.x"],[]],["EnterPostproc",[],[],[]],["Unannotate",["b72"],["meta_schedule.cooperative_fetch"],[]],["GetLoops",["b72"],[],["l105","l106","l107","l108","l109","l110"]],["Split",["l110","None",120,2],[1],["l111","l112","l113"]],["Vectorize",["l113"],[],[]],["Bind",["l112"],["threadIdx.x"],[]],["Unannotate",["b84"],["meta_schedule.cooperative_fetch"],[]],["GetLoops",["b84"],[],["l114","l115","l116","l117","l118","l119"]],["Split",["l119","None",120,4],[1],["l120","l121","l122"]],["Vectorize",["l122"],[],[]],["Bind",["l121"],["threadIdx.x"],[]],["GetBlock",[],["root","main"],["b123"]],["Unannotate",["b123"],["meta_schedule.unroll_explicit"],[]],["GetChildBlocks",["b123"],[],["b124","b125","b126","b127","b128"]],["GetLoops",["b124"],[],["l129","l130","l131","l132","l133","l134","l135","l136"]],["Annotate",["l129",16],["pragma_auto_unroll_max_step"],[]],["Annotate",["l129",1],["pragma_unroll_explicit"],[]],["GetLoops",["b125"],[],["l137","l138","l139","l140","l141","l142","l143","l144"]],["Annotate",["l137",16],["pragma_auto_unroll_max_step"],[]],["Annotate",["l137",1],["pragma_unroll_explicit"],[]],["GetLoops",["b126"],[],["l145","l146","l147","l148","l149","l150","l151","l152","l153","l154","l155","l156","l157","l158","l159","l160","l161"]],["Annotate",["l145",16],["pragma_auto_unroll_max_step"],[]],["Annotate",["l145",1],["pragma_unroll_explicit"],[]],["GetLoops",["b127"],[],["l162","l163","l164","l165","l166","l167","l168"]],["Annotate",["l162",16],["pragma_auto_unroll_max_step"],[]],["Annotate",["l162",1],["pragma_unroll_explicit"],[]],["GetLoops",["b128"],[],["l169","l170"]],["Annotate",["l169",16],["pragma_auto_unroll_max_step"],[]],["Annotate",["l169",1],["pragma_unroll_explicit"],[]],["GetBlock",[],["DepthwiseConv2d","main"],["b171"]],["GetLoops",["b171"],[],["l172","l173","l174","l175","l176","l177","l178","l179","l180","l181","l182","l183","l184","l185","l186","l187","l188"]],["DecomposeReduction",["b171","l175"],[],["b189"]]],[[12,[2,1,2,1,1]],[14,[16,1,1,1,1]],[16,[2,1,2,1,4]],[18,[2,1,30,4,1]],[20,[3,1,1]],[22,[1,1,3]],[39,1],[45,3],[54,1],[58,1]]],[0],{"arch":"sm_70","keys":["cuda","gpu"],"kind":"cuda","max_num_threads":1024,"max_shared_memory_per_block":49152,"max_threads_per_block":1024,"registers_per_block":65536,"tag":"","thread_warp_size":32},[["TENSOR","float32",[4,32,32,240]],["TENSOR","float32",[3,3,240,1]],["TENSOR","float32",[1,1,1,240]],["TENSOR","float32",[4,16,16,240]]]]]
[0,[[[["GetBlock",[],["PaddedInput","main"],["b0"]],["GetBlock",[],["DepthwiseConv2d","main"],["b1"]],["GetBlock",[],["T_add","main"],["b2"]],["GetBlock",[],["compile_engine_const","main"],["b3"]],["GetBlock",[],["T_add_1","main"],["b4"]],["GetBlock",[],["compute","main"],["b5"]],["GetBlock",[],["compile_engine_const_1","main"],["b6"]],["GetBlock",[],["T_divide","main"],["b7"]],["GetBlock",[],["T_multiply","main"],["b8"]],["GetBlock",[],["root","main"],["b9"]],["Annotate",["b1","\"SSSRRSRS\""],["meta_schedule.tiling_structure"],[]],["GetLoops",["b1"],[],["l10","l11","l12","l13","l14","l15"]],["SamplePerfectTile",["l10"],[5,64],["v16","v17","v18","v19","v20"]],["Split",["l10","v16","v17","v18","v19","v20"],[1],["l21","l22","l23","l24","l25"]],["SamplePerfectTile",["l11"],[5,64],["v26","v27","v28","v29","v30"]],["Split",["l11","v26","v27","v28","v29","v30"],[1],["l31","l32","l33","l34","l35"]],["SamplePerfectTile",["l12"],[5,64],["v36","v37","v38","v39","v40"]],["Split",["l12","v36","v37","v38","v39","v40"],[1],["l41","l42","l43","l44","l45"]],["SamplePerfectTile",["l13"],[5,64],["v46","v47","v48","v49","v50"]],["Split",["l13","v46","v47","v48","v49","v50"],[1],["l51","l52","l53","l54","l55"]],["SamplePerfectTile",["l14"],[3,64],["v56","v57","v58"]],["Split",["l14","v56","v57","v58"],[1],["l59","l60","l61"]],["SamplePerfectTile",["l15"],[3,64],["v62","v63","v64"]],["Split",["l15","v62","v63","v64"],[1],["l65","l66","l67"]],["Reorder",["l21","l31","l41","l51","l22","l32","l42","l52","l23","l33","l43","l53","l59","l65","l60","l66","l24","l34","l44","l54","l61","l67","l25","l35","l45","l55"],[],[]],["Fuse",["l21","l31","l41","l51"],[1],["l68"]],["Bind",["l68"],["blockIdx.x"],[]],["Fuse",["l22","l32","l42","l52"],[1],["l69"]],["Bind",["l69"],["vthread.x"],[]],["Fuse",["l23","l33","l43","l53"],[1],["l70"]],["Bind",["l70"],["threadIdx.x"],[]],["Annotate",["b1",32],["meta_schedule.thread_extent_low_inclusive"],[]],["Annotate",["b1",1024],["meta_schedule.thread_extent_high_inclusive"],[]],["CacheWrite",["b1",[]],[0,"local"],["b71"]],["ReverseComputeAt",["b71","l70"],[1,-1],[]],["CacheRead",["b1",["b1"]],[0,"shared"],["b72"]],["ComputeAt",["b72","l65"],[1,-1],[]],["GetLoops",["b72"],[],["l73","l74","l75","l76","l77","l78","l79","l80","l81"]],["Fuse",["l78","l79","l80","l81"],[1],["l82"]],["SampleCategorical",[],[[1,2,3,4],[0.25,0.25,0.25,0.25]],["v83"]],["Annotate",["b72","v83"],["meta_schedule.cooperative_fetch"],[]],["CacheRead",["b1",["b1"]],[1,"shared"],["b84"]],["ComputeAt",["b84","l65"],[1,-1],[]],["GetLoops",["b84"],[],["l85","l86","l87","l88","l89","l90","l91","l92","l93"]],["Fuse",["l90","l91","l92","l93"],[1],["l94"]],["SampleCategorical",[],[[1,2,3,4],[0.25,0.25,0.25,0.25]],["v95"]],["Annotate",["b84","v95"],["meta_schedule.cooperative_fetch"],[]],["ComputeInline",["b6"],[],[]],["ComputeInline",["b3"],[],[]],["ComputeInline",["b7"],[],[]],["ComputeInline",["b5"],[],[]],["ComputeInline",["b4"],[],[]],["ComputeInline",["b2"],[],[]],["ComputeInline",["b0"],[],[]],["SampleCategorical",[],[[0,16,64,512,1024],[0.2000000000000000111,0.2000000000000000111,0.2000000000000000111,0.2000000000000000111,0.2000000000000000111]],["v96"]],["Annotate",["b9","v96"],["meta_schedule.unroll_explicit"],[]],["GetLoops",["b8"],[],["l97","l98","l99","l100"]],["Fuse",["l97","l98","l99","l100"],[1],["l101"]],["SampleCategorical",[],[[32,64,128,256,512,1024],[0.16666666666666665741,0.16666666666666665741,0.16666666666666665741,0.16666666666666665741,0.16666666666666665741,0.16666666666666665741]],["v102"]],["Split",["l101","None","v102"],[1],["l103","l104"]],["Bind",["l103"],["blockIdx.x"],[]],["Bind",["l104"],["threadIdx.x"],[]],["EnterPostproc",[],[],[]],["Unannotate",["b72"],["meta_schedule.cooperative_fetch"],[]],["GetLoops",["b72"],[],["l105","l106","l107","l108","l109","l110"]],["Split",["l110","None",48,4],[1],["l111","l112","l113"]],["Vectorize",["l113"],[],[]],["Bind",["l112"],["threadIdx.x"],[]],["Unannotate",["b84"],["meta_schedule.cooperative_fetch"],[]],["GetLoops",["b84"],[],["l114","l115","l116","l117","l118","l119"]],["Split",["l119","None",48],[1],["l120","l121"]],["Bind",["l121"],["threadIdx.x"],[]],["GetBlock",[],["root","main"],["b122"]],["Unannotate",["b122"],["meta_schedule.unroll_explicit"],[]],["GetChildBlocks",["b122"],[],["b123","b124","b125","b126","b127"]],["GetLoops",["b123"],[],["l128","l129","l130","l131","l132","l133","l134","l135"]],["Annotate",["l128",64],["pragma_auto_unroll_max_step"],[]],["Annotate",["l128",1],["pragma_unroll_explicit"],[]],["GetLoops",["b124"],[],["l136","l137","l138","l139","l140","l141","l142"]],["Annotate",["l136",64],["pragma_auto_unroll_max_step"],[]],["Annotate",["l136",1],["pragma_unroll_explicit"],[]],["GetLoops",["b125"],[],["l143","l144","l145","l146","l147","l148","l149","l150","l151","l152","l153","l154","l155","l156","l157","l158","l159"]],["Annotate",["l143",64],["pragma_auto_unroll_max_step"],[]],["Annotate",["l143",1],["pragma_unroll_explicit"],[]],["GetLoops",["b126"],[],["l160","l161","l162","l163","l164","l165","l166"]],["Annotate",["l160",64],["pragma_auto_unroll_max_step"],[]],["Annotate",["l160",1],["pragma_unroll_explicit"],[]],["GetLoops",["b127"],[],["l167","l168"]],["Annotate",["l167",64],["pragma_auto_unroll_max_step"],[]],["Annotate",["l167",1],["pragma_unroll_explicit"],[]],["GetBlock",[],["DepthwiseConv2d","main"],["b169"]],["GetLoops",["b169"],[],["l170","l171","l172","l173","l174","l175","l176","l177","l178","l179","l180","l181","l182","l183","l184","l185","l186"]],["DecomposeReduction",["b169","l173"],[],["b187"]]],[[12,[1,2,1,2,1]],[14,[1,1,4,1,4]],[16,[4,1,2,2,1]],[18,[40,1,6,1,1]],[20,[1,1,3]],[22,[3,1,1]],[39,3],[45,0],[54,2],[58,0]]],[0],{"arch":"sm_70","keys":["cuda","gpu"],"kind":"cuda","max_num_threads":1024,"max_shared_memory_per_block":49152,"max_threads_per_block":1024,"registers_per_block":65536,"tag":"","thread_warp_size":32},[["TENSOR","float32",[4,32,32,240]],["TENSOR","float32",[3,3,240,1]],["TENSOR","float32",[1,1,1,240]],["TENSOR","float32",[4,16,16,240]]]]]
[0,[[[["GetBlock",[],["PaddedInput","main"],["b0"]],["GetBlock",[],["DepthwiseConv2d","main"],["b1"]],["GetBlock",[],["T_add","main"],["b2"]],["GetBlock",[],["compile_engine_const","main"],["b3"]],["GetBlock",[],["T_add_1","main"],["b4"]],["GetBlock",[],["compute","main"],["b5"]],["GetBlock",[],["compile_engine_const_1","main"],["b6"]],["GetBlock",[],["T_divide","main"],["b7"]],["GetBlock",[],["T_multiply","main"],["b8"]],["GetBlock",[],["root","main"],["b9"]],["Annotate",["b1","\"SSSRRSRS\""],["meta_schedule.tiling_structure"],[]],["GetLoops",["b1"],[],["l10","l11","l12","l13","l14","l15"]],["SamplePerfectTile",["l10"],[5,64],["v16","v17","v18","v19","v20"]],["Split",["l10","v16","v17","v18","v19","v20"],[1],["l21","l22","l23","l24","l25"]],["SamplePerfectTile",["l11"],[5,64],["v26","v27","v28","v29","v30"]],["Split",["l11","v26","v27","v28","v29","v30"],[1],["l31","l32","l33","l34","l35"]],["SamplePerfectTile",["l12"],[5,64],["v36","v37","v38","v39","v40"]],["Split",["l12","v36","v37","v38","v39","v40"],[1],["l41","l42","l43","l44","l45"]],["SamplePerfectTile",["l13"],[5,64],["v46","v47","v48","v49","v50"]],["Split",["l13","v46","v47","v48","v49","v50"],[1],["l51","l52","l53","l54","l55"]],["SamplePerfectTile",["l14"],[3,64],["v56","v57","v58"]],["Split",["l14","v56","v57","v58"],[1],["l59","l60","l61"]],["SamplePerfectTile",["l15"],[3,64],["v62","v63","v64"]],["Split",["l15","v62","v63","v64"],[1],["l65","l66","l67"]],["Reorder",["l21","l31","l41","l51","l22","l32","l42","l52","l23","l33","l43","l53","l59","l65","l60","l66","l24","l34","l44","l54","l61","l67","l25","l35","l45","l55"],[],[]],["Fuse",["l21","l31","l41","l51"],[1],["l68"]],["Bind",["l68"],["blockIdx.x"],[]],["Fuse",["l22","l32","l42","l52"],[1],["l69"]],["Bind",["l69"],["vthread.x"],[]],["Fuse",["l23","l33","l43","l53"],[1],["l70"]],["Bind",["l70"],["threadIdx.x"],[]],["Annotate",["b1",32],["meta_schedule.thread_extent_low_inclusive"],[]],["Annotate",["b1",1024],["meta_schedule.thread_extent_high_inclusive"],[]],["CacheWrite",["b1",[]],[0,"local"],["b71"]],["ReverseComputeAt",["b71","l70"],[1,-1],[]],["CacheRead",["b1",["b1"]],[0,"shared"],["b72"]],["ComputeAt",["b72","l65"],[1,-1],[]],["GetLoops",["b72"],[],["l73","l74","l75","l76","l77","l78","l79","l80","l81"]],["Fuse",["l78","l79","l80","l81"],[1],["l82"]],["SampleCategorical",[],[[1,2,3,4],[0.25,0.25,0.25,0.25]],["v83"]],["Annotate",["b72","v83"],["meta_schedule.cooperative_fetch"],[]],["CacheRead",["b1",["b1"]],[1,"shared"],["b84"]],["ComputeAt",["b84","l65"],[1,-1],[]],["GetLoops",["b84"],[],["l85","l86","l87","l88","l89","l90","l91","l92","l93"]],["Fuse",["l90","l91","l92","l93"],[1],["l94"]],["SampleCategorical",[],[[1,2,3,4],[0.25,0.25,0.25,0.25]],["v95"]],["Annotate",["b84","v95"],["meta_schedule.cooperative_fetch"],[]],["ComputeInline",["b6"],[],[]],["ComputeInline",["b3"],[],[]],["ComputeInline",["b7"],[],[]],["ComputeInline",["b5"],[],[]],["ComputeInline",["b4"],[],[]],["ComputeInline",["b2"],[],[]],["ComputeInline",["b0"],[],[]],["SampleCategorical",[],[[0,16,64,512,1024],[0.2000000000000000111,0.2000000000000000111,0.2000000000000000111,0.2000000000000000111,0.2000000000000000111]],["v96"]],["Annotate",["b9","v96"],["meta_schedule.unroll_explicit"],[]],["GetLoops",["b8"],[],["l97","l98","l99","l100"]],["Fuse",["l97","l98","l99","l100"],[1],["l101"]],["SampleCategorical",[],[[32,64,128,256,512,1024],[0.16666666666666665741,0.16666666666666665741,0.16666666666666665741,0.16666666666666665741,0.16666666666666665741,0.16666666666666665741]],["v102"]],["Split",["l101","None","v102"],[1],["l103","l104"]],["Bind",["l103"],["blockIdx.x"],[]],["Bind",["l104"],["threadIdx.x"],[]],["EnterPostproc",[],[],[]],["Unannotate",["b72"],["meta_schedule.cooperative_fetch"],[]],["GetLoops",["b72"],[],["l105","l106","l107","l108","l109","l110"]],["Split",["l110","None",128,2],[1],["l111","l112","l113"]],["Vectorize",["l113"],[],[]],["Bind",["l112"],["threadIdx.x"],[]],["Unannotate",["b84"],["meta_schedule.cooperative_fetch"],[]],["GetLoops",["b84"],[],["l114","l115","l116","l117","l118","l119"]],["Split",["l119","None",128],[1],["l120","l121"]],["Bind",["l121"],["threadIdx.x"],[]],["GetBlock",[],["root","main"],["b122"]],["Unannotate",["b122"],["meta_schedule.unroll_explicit"],[]],["GetChildBlocks",["b122"],[],["b123","b124","b125","b126","b127"]],["GetLoops",["b123"],[],["l128","l129","l130","l131","l132","l133","l134","l135"]],["Annotate",["l128",16],["pragma_auto_unroll_max_step"],[]],["Annotate",["l128",1],["pragma_unroll_explicit"],[]],["GetLoops",["b124"],[],["l136","l137","l138","l139","l140","l141","l142"]],["Annotate",["l136",16],["pragma_auto_unroll_max_step"],[]],["Annotate",["l136",1],["pragma_unroll_explicit"],[]],["GetLoops",["b125"],[],["l143","l144","l145","l146","l147","l148","l149","l150","l151","l152","l153","l154","l155","l156","l157","l158","l159"]],["Annotate",["l143",16],["pragma_auto_unroll_max_step"],[]],["Annotate",["l143",1],["pragma_unroll_explicit"],[]],["GetLoops",["b126"],[],["l160","l161","l162","l163","l164","l165","l166"]],["Annotate",["l160",16],["pragma_auto_unroll_max_step"],[]],["Annotate",["l160",1],["pragma_unroll_explicit"],[]],["GetLoops",["b127"],[],["l167","l168"]],["Annotate",["l167",16],["pragma_auto_unroll_max_step"],[]],["Annotate",["l167",1],["pragma_unroll_explicit"],[]],["GetBlock",[],["DepthwiseConv2d","main"],["b169"]],["GetLoops",["b169"],[],["l170","l171","l172","l173","l174","l175","l176","l177","l178","l179","l180","l181","l182","l183","l184","l185","l186"]],["DecomposeReduction",["b169","l173"],[],["b187"]]],[[12,[1,1,1,1,4]],[14,[4,1,4,1,1]],[16,[8,1,2,1,1]],[18,[15,1,16,1,1]],[20,[1,1,3]],[22,[1,3,1]],[39,1],[45,0],[54,1],[58,3]]],[0],{"arch":"sm_70","keys":["cuda","gpu"],"kind":"cuda","max_num_threads":1024,"max_shared_memory_per_block":49152,"max_threads_per_block":1024,"registers_per_block":65536,"tag":"","thread_warp_size":32},[["TENSOR","float32",[4,32,32,240]],["TENSOR","float32",[3,3,240,1]],["TENSOR","float32",[1,1,1,240]],["TENSOR","float32",[4,16,16,240]]]]]
[0,[[[["GetBlock",[],["PaddedInput","main"],["b0"]],["GetBlock",[],["DepthwiseConv2d","main"],["b1"]],["GetBlock",[],["T_add","main"],["b2"]],["GetBlock",[],["compile_engine_const","main"],["b3"]],["GetBlock",[],["T_add_1","main"],["b4"]],["GetBlock",[],["compute","main"],["b5"]],["GetBlock",[],["compile_engine_const_1","main"],["b6"]],["GetBlock",[],["T_divide","main"],["b7"]],["GetBlock",[],["T_multiply","main"],["b8"]],["GetBlock",[],["root","main"],["b9"]],["Annotate",["b1","\"SSSRRSRS\""],["meta_schedule.tiling_structure"],[]],["GetLoops",["b1"],[],["l10","l11","l12","l13","l14","l15"]],["SamplePerfectTile",["l10"],[5,64],["v16","v17","v18","v19","v20"]],["Split",["l10","v16","v17","v18","v19","v20"],[1],["l21","l22","l23","l24","l25"]],["SamplePerfectTile",["l11"],[5,64],["v26","v27","v28","v29","v30"]],["Split",["l11","v26","v27","v28","v29","v30"],[1],["l31","l32","l33","l34","l35"]],["SamplePerfectTile",["l12"],[5,64],["v36","v37","v38","v39","v40"]],["Split",["l12","v36","v37","v38","v39","v40"],[1],["l41","l42","l43","l44","l45"]],["SamplePerfectTile",["l13"],[5,64],["v46","v47","v48","v49","v50"]],["Split",["l13","v46","v47","v48","v49","v50"],[1],["l51","l52","l53","l54","l55"]],["SamplePerfectTile",["l14"],[3,64],["v56","v57","v58"]],["Split",["l14","v56","v57","v58"],[1],["l59","l60","l61"]],["SamplePerfectTile",["l15"],[3,64],["v62","v63","v64"]],["Split",["l15","v62","v63","v64"],[1],["l65","l66","l67"]],["Reorder",["l21","l31","l41","l51","l22","l32","l42","l52","l23","l33","l43","l53","l59","l65","l60","l66","l24","l34","l44","l54","l61","l67","l25","l35","l45","l55"],[],[]],["Fuse",["l21","l31","l41","l51"],[1],["l68"]],["Bind",["l68"],["blockIdx.x"],[]],["Fuse",["l22","l32","l42","l52"],[1],["l69"]],["Bind",["l69"],["vthread.x"],[]],["Fuse",["l23","l33","l43","l53"],[1],["l70"]],["Bind",["l70"],["threadIdx.x"],[]],["Annotate",["b1",32],["meta_schedule.thread_extent_low_inclusive"],[]],["Annotate",["b1",1024],["meta_schedule.thread_extent_high_inclusive"],[]],["CacheWrite",["b1",[]],[0,"local"],["b71"]],["ReverseComputeAt",["b71","l70"],[1,-1],[]],["CacheRead",["b1",["b1"]],[0,"shared"],["b72"]],["ComputeAt",["b72","l65"],[1,-1],[]],["GetLoops",["b72"],[],["l73","l74","l75","l76","l77","l78","l79","l80","l81"]],["Fuse",["l78","l79","l80","l81"],[1],["l82"]],["SampleCategorical",[],[[1,2,3,4],[0.25,0.25,0.25,0.25]],["v83"]],["Annotate",["b72","v83"],["meta_schedule.cooperative_fetch"],[]],["CacheRead",["b1",["b1"]],[1,"shared"],["b84"]],["ComputeAt",["b84","l65"],[1,-1],[]],["GetLoops",["b84"],[],["l85","l86","l87","l88","l89","l90","l91","l92","l93"]],["Fuse",["l90","l91","l92","l93"],[1],["l94"]],["SampleCategorical",[],[[1,2,3,4],[0.25,0.25,0.25,0.25]],["v95"]],["Annotate",["b84","v95"],["meta_schedule.cooperative_fetch"],[]],["ComputeInline",["b6"],[],[]],["ComputeInline",["b3"],[],[]],["ComputeInline",["b7"],[],[]],["ComputeInline",["b5"],[],[]],["ComputeInline",["b4"],[],[]],["ComputeInline",["b2"],[],[]],["ComputeInline",["b0"],[],[]],["SampleCategorical",[],[[0,16,64,512,1024],[0.2000000000000000111,0.2000000000000000111,0.2000000000000000111,0.2000000000000000111,0.2000000000000000111]],["v96"]],["Annotate",["b9","v96"],["meta_schedule.unroll_explicit"],[]],["GetLoops",["b8"],[],["l97","l98","l99","l100"]],["Fuse",["l97","l98","l99","l100"],[1],["l101"]],["SampleCategorical",[],[[32,64,128,256,512,1024],[0.16666666666666665741,0.16666666666666665741,0.16666666666666665741,0.16666666666666665741,0.16666666666666665741,0.16666666666666665741]],["v102"]],["Split",["l101","None","v102"],[1],["l103","l104"]],["Bind",["l103"],["blockIdx.x"],[]],["Bind",["l104"],["threadIdx.x"],[]],["EnterPostproc",[],[],[]],["Unannotate",["b72"],["meta_schedule.cooperative_fetch"],[]],["GetLoops",["b72"],[],["l105","l106","l107","l108","l109","l110"]],["Split",["l110","None",32],[1],["l111","l112"]],["Bind",["l112"],["threadIdx.x"],[]],["Unannotate",["b84"],["meta_schedule.cooperative_fetch"],[]],["GetLoops",["b84"],[],["l113","l114","l115","l116","l117","l118"]],["Split",["l118","None",32,3],[1],["l119","l120","l121"]],["Vectorize",["l121"],[],[]],["Bind",["l120"],["threadIdx.x"],[]],["GetBlock",[],["root","main"],["b122"]],["Unannotate",["b122"],["meta_schedule.unroll_explicit"],[]],["GetChildBlocks",["b122"],[],["b123","b124","b125","b126","b127"]],["GetLoops",["b123"],[],["l128","l129","l130","l131","l132","l133","l134"]],["Annotate",["l128",16],["pragma_auto_unroll_max_step"],[]],["Annotate",["l128",1],["pragma_unroll_explicit"],[]],["GetLoops",["b124"],[],["l135","l136","l137","l138","l139","l140","l141","l142"]],["Annotate",["l135",16],["pragma_auto_unroll_max_step"],[]],["Annotate",["l135",1],["pragma_unroll_explicit"],[]],["GetLoops",["b125"],[],["l143","l144","l145","l146","l147","l148","l149","l150","l151","l152","l153","l154","l155","l156","l157","l158","l159"]],["Annotate",["l143",16],["pragma_auto_unroll_max_step"],[]],["Annotate",["l143",1],["pragma_unroll_explicit"],[]],["GetLoops",["b126"],[],["l160","l161","l162","l163","l164","l165","l166"]],["Annotate",["l160",16],["pragma_auto_unroll_max_step"],[]],["Annotate",["l160",1],["pragma_unroll_explicit"],[]],["GetLoops",["b127"],[],["l167","l168"]],["Annotate",["l167",16],["pragma_auto_unroll_max_step"],[]],["Annotate",["l167",1],["pragma_unroll_explicit"],[]],["GetBlock",[],["DepthwiseConv2d","main"],["b169"]],["GetLoops",["b169"],[],["l170","l171","l172","l173","l174","l175","l176","l177","l178","l179","l180","l181","l182","l183","l184","l185","l186"]],["DecomposeReduction",["b169","l173"],[],["b187"]]],[[12,[4,1,1,1,1]],[14,[2,1,4,2,1]],[16,[4,1,2,2,1]],[18,[6,10,4,1,1]],[20,[1,3,1]],[22,[3,1,1]],[39,0],[45,2],[54,1],[58,3]]],[0],{"arch":"sm_70","keys":["cuda","gpu"],"kind":"cuda","max_num_threads":1024,"max_shared_memory_per_block":49152,"max_threads_per_block":1024,"registers_per_block":65536,"tag":"","thread_warp_size":32},[["TENSOR","float32",[4,32,32,240]],["TENSOR","float32",[3,3,240,1]],["TENSOR","float32",[1,1,1,240]],["TENSOR","float32",[4,16,16,240]]]]]
[0,[[[["GetBlock",[],["PaddedInput","main"],["b0"]],["GetBlock",[],["DepthwiseConv2d","main"],["b1"]],["GetBlock",[],["T_add","main"],["b2"]],["GetBlock",[],["compile_engine_const","main"],["b3"]],["GetBlock",[],["T_add_1","main"],["b4"]],["GetBlock",[],["compute","main"],["b5"]],["GetBlock",[],["compile_engine_const_1","main"],["b6"]],["GetBlock",[],["T_divide","main"],["b7"]],["GetBlock",[],["T_multiply","main"],["b8"]],["GetBlock",[],["root","main"],["b9"]],["Annotate",["b1","\"SSSRRSRS\""],["meta_schedule.tiling_structure"],[]],["GetLoops",["b1"],[],["l10","l11","l12","l13","l14","l15"]],["SamplePerfectTile",["l10"],[5,64],["v16","v17","v18","v19","v20"]],["Split",["l10","v16","v17","v18","v19","v20"],[1],["l21","l22","l23","l24","l25"]],["SamplePerfectTile",["l11"],[5,64],["v26","v27","v28","v29","v30"]],["Split",["l11","v26","v27","v28","v29","v30"],[1],["l31","l32","l33","l34","l35"]],["SamplePerfectTile",["l12"],[5,64],["v36","v37","v38","v39","v40"]],["Split",["l12","v36","v37","v38","v39","v40"],[1],["l41","l42","l43","l44","l45"]],["SamplePerfectTile",["l13"],[5,64],["v46","v47","v48","v49","v50"]],["Split",["l13","v46","v47","v48","v49","v50"],[1],["l51","l52","l53","l54","l55"]],["SamplePerfectTile",["l14"],[3,64],["v56","v57","v58"]],["Split",["l14","v56","v57","v58"],[1],["l59","l60","l61"]],["SamplePerfectTile",["l15"],[3,64],["v62","v63","v64"]],["Split",["l15","v62","v63","v64"],[1],["l65","l66","l67"]],["Reorder",["l21","l31","l41","l51","l22","l32","l42","l52","l23","l33","l43","l53","l59","l65","l60","l66","l24","l34","l44","l54","l61","l67","l25","l35","l45","l55"],[],[]],["Fuse",["l21","l31","l41","l51"],[1],["l68"]],["Bind",["l68"],["blockIdx.x"],[]],["Fuse",["l22","l32","l42","l52"],[1],["l69"]],["Bind",["l69"],["vthread.x"],[]],["Fuse",["l23","l33","l43","l53"],[1],["l70"]],["Bind",["l70"],["threadIdx.x"],[]],["Annotate",["b1",32],["meta_schedule.thread_extent_low_inclusive"],[]],["Annotate",["b1",1024],["meta_schedule.thread_extent_high_inclusive"],[]],["CacheWrite",["b1",[]],[0,"local"],["b71"]],["ReverseComputeAt",["b71","l70"],[1,-1],[]],["CacheRead",["b1",["b1"]],[0,"shared"],["b72"]],["ComputeAt",["b72","l65"],[1,-1],[]],["GetLoops",["b72"],[],["l73","l74","l75","l76","l77","l78","l79","l80","l81"]],["Fuse",["l78","l79","l80","l81"],[1],["l82"]],["SampleCategorical",[],[[1,2,3,4],[0.25,0.25,0.25,0.25]],["v83"]],["Annotate",["b72","v83"],["meta_schedule.cooperative_fetch"],[]],["CacheRead",["b1",["b1"]],[1,"shared"],["b84"]],["ComputeAt",["b84","l65"],[1,-1],[]],["GetLoops",["b84"],[],["l85","l86","l87","l88","l89","l90","l91","l92","l93"]],["Fuse",["l90","l91","l92","l93"],[1],["l94"]],["SampleCategorical",[],[[1,2,3,4],[0.25,0.25,0.25,0.25]],["v95"]],["Annotate",["b84","v95"],["meta_schedule.cooperative_fetch"],[]],["ComputeInline",["b6"],[],[]],["ComputeInline",["b3"],[],[]],["ComputeInline",["b7"],[],[]],["ComputeInline",["b5"],[],[]],["ComputeInline",["b4"],[],[]],["ComputeInline",["b2"],[],[]],["ComputeInline",["b0"],[],[]],["SampleCategorical",[],[[0,16,64,512,1024],[0.2000000000000000111,0.2000000000000000111,0.2000000000000000111,0.2000000000000000111,0.2000000000000000111]],["v96"]],["Annotate",["b9","v96"],["meta_schedule.unroll_explicit"],[]],["GetLoops",["b8"],[],["l97","l98","l99","l100"]],["Fuse",["l97","l98","l99","l100"],[1],["l101"]],["SampleCategorical",[],[[32,64,128,256,512,1024],[0.16666666666666665741,0.16666666666666665741,0.16666666666666665741,0.16666666666666665741,0.16666666666666665741,0.16666666666666665741]],["v102"]],["Split",["l101","None","v102"],[1],["l103","l104"]],["Bind",["l103"],["blockIdx.x"],[]],["Bind",["l104"],["threadIdx.x"],[]],["EnterPostproc",[],[],[]],["Unannotate",["b72"],["meta_schedule.cooperative_fetch"],[]],["GetLoops",["b72"],[],["l105","l106","l107","l108","l109","l110"]],["Split",["l110","None",120,4],[1],["l111","l112","l113"]],["Vectorize",["l113"],[],[]],["Bind",["l112"],["threadIdx.x"],[]],["Unannotate",["b84"],["meta_schedule.cooperative_fetch"],[]],["GetLoops",["b84"],[],["l114","l115","l116","l117","l118","l119"]],["Split",["l119","None",120],[1],["l120","l121"]],["Bind",["l121"],["threadIdx.x"],[]],["GetBlock",[],["root","main"],["b122"]],["Unannotate",["b122"],["meta_schedule.unroll_explicit"],[]],["GetChildBlocks",["b122"],[],["b123","b124","b125","b126","b127"]],["GetLoops",["b123"],[],["l128","l129","l130","l131","l132","l133","l134","l135"]],["Annotate",["l128",16],["pragma_auto_unroll_max_step"],[]],["Annotate",["l128",1],["pragma_unroll_explicit"],[]],["GetLoops",["b124"],[],["l136","l137","l138","l139","l140","l141","l142"]],["Annotate",["l136",16],["pragma_auto_unroll_max_step"],[]],["Annotate",["l136",1],["pragma_unroll_explicit"],[]],["GetLoops",["b125"],[],["l143","l144","l145","l146","l147","l148","l149","l150","l151","l152","l153","l154","l155","l156","l157","l158","l159"]],["Annotate",["l143",16],["pragma_auto_unroll_max_step"],[]],["Annotate",["l143",1],["pragma_unroll_explicit"],[]],["GetLoops",["b126"],[],["l160","l161","l162","l163","l164","l165","l166"]],["Annotate",["l160",16],["pragma_auto_unroll_max_step"],[]],["Annotate",["l160",1],["pragma_unroll_explicit"],[]],["GetLoops",["b127"],[],["l167","l168"]],["Annotate",["l167",16],["pragma_auto_unroll_max_step"],[]],["Annotate",["l167",1],["pragma_unroll_explicit"],[]],["GetBlock",[],["DepthwiseConv2d","main"],["b169"]],["GetLoops",["b169"],[],["l170","l171","l172","l173","l174","l175","l176","l177","l178","l179","l180","l181","l182","l183","l184","l185","l186"]],["DecomposeReduction",["b169","l173"],[],["b187"]]],[[12,[2,2,1,1,1]],[14,[4,2,2,1,1]],[16,[16,1,1,1,1]],[18,[4,1,60,1,1]],[20,[3,1,1]],[22,[3,1,1]],[39,3],[45,0],[54,1],[58,0]]],[0],{"arch":"sm_70","keys":["cuda","gpu"],"kind":"cuda","max_num_threads":1024,"max_shared_memory_per_block":49152,"max_threads_per_block":1024,"registers_per_block":65536,"tag":"","thread_warp_size":32},[["TENSOR","float32",[4,32,32,240]],["TENSOR","float32",[3,3,240,1]],["TENSOR","float32",[1,1,1,240]],["TENSOR","float32",[4,16,16,240]]]]]
[0,[[[["GetBlock",[],["PaddedInput","main"],["b0"]],["GetBlock",[],["DepthwiseConv2d","main"],["b1"]],["GetBlock",[],["T_add","main"],["b2"]],["GetBlock",[],["compile_engine_const","main"],["b3"]],["GetBlock",[],["T_add_1","main"],["b4"]],["GetBlock",[],["compute","main"],["b5"]],["GetBlock",[],["compile_engine_const_1","main"],["b6"]],["GetBlock",[],["T_divide","main"],["b7"]],["GetBlock",[],["T_multiply","main"],["b8"]],["GetBlock",[],["root","main"],["b9"]],["Annotate",["b1","\"SSSRRSRS\""],["meta_schedule.tiling_structure"],[]],["GetLoops",["b1"],[],["l10","l11","l12","l13","l14","l15"]],["SamplePerfectTile",["l10"],[5,64],["v16","v17","v18","v19","v20"]],["Split",["l10","v16","v17","v18","v19","v20"],[1],["l21","l22","l23","l24","l25"]],["SamplePerfectTile",["l11"],[5,64],["v26","v27","v28","v29","v30"]],["Split",["l11","v26","v27","v28","v29","v30"],[1],["l31","l32","l33","l34","l35"]],["SamplePerfectTile",["l12"],[5,64],["v36","v37","v38","v39","v40"]],["Split",["l12","v36","v37","v38","v39","v40"],[1],["l41","l42","l43","l44","l45"]],["SamplePerfectTile",["l13"],[5,64],["v46","v47","v48","v49","v50"]],["Split",["l13","v46","v47","v48","v49","v50"],[1],["l51","l52","l53","l54","l55"]],["SamplePerfectTile",["l14"],[3,64],["v56","v57","v58"]],["Split",["l14","v56","v57","v58"],[1],["l59","l60","l61"]],["SamplePerfectTile",["l15"],[3,64],["v62","v63","v64"]],["Split",["l15","v62","v63","v64"],[1],["l65","l66","l67"]],["Reorder",["l21","l31","l41","l51","l22","l32","l42","l52","l23","l33","l43","l53","l59","l65","l60","l66","l24","l34","l44","l54","l61","l67","l25","l35","l45","l55"],[],[]],["Fuse",["l21","l31","l41","l51"],[1],["l68"]],["Bind",["l68"],["blockIdx.x"],[]],["Fuse",["l22","l32","l42","l52"],[1],["l69"]],["Bind",["l69"],["vthread.x"],[]],["Fuse",["l23","l33","l43","l53"],[1],["l70"]],["Bind",["l70"],["threadIdx.x"],[]],["Annotate",["b1",32],["meta_schedule.thread_extent_low_inclusive"],[]],["Annotate",["b1",1024],["meta_schedule.thread_extent_high_inclusive"],[]],["CacheWrite",["b1",[]],[0,"local"],["b71"]],["ReverseComputeAt",["b71","l70"],[1,-1],[]],["CacheRead",["b1",["b1"]],[0,"shared"],["b72"]],["ComputeAt",["b72","l65"],[1,-1],[]],["GetLoops",["b72"],[],["l73","l74","l75","l76","l77","l78","l79","l80","l81"]],["Fuse",["l78","l79","l80","l81"],[1],["l82"]],["SampleCategorical",[],[[1,2,3,4],[0.25,0.25,0.25,0.25]],["v83"]],["Annotate",["b72","v83"],["meta_schedule.cooperative_fetch"],[]],["CacheRead",["b1",["b1"]],[1,"shared"],["b84"]],["ComputeAt",["b84","l65"],[1,-1],[]],["GetLoops",["b84"],[],["l85","l86","l87","l88","l89","l90","l91","l92","l93"]],["Fuse",["l90","l91","l92","l93"],[1],["l94"]],["SampleCategorical",[],[[1,2,3,4],[0.25,0.25,0.25,0.25]],["v95"]],["Annotate",["b84","v95"],["meta_schedule.cooperative_fetch"],[]],["ComputeInline",["b6"],[],[]],["ComputeInline",["b3"],[],[]],["ComputeInline",["b7"],[],[]],["ComputeInline",["b5"],[],[]],["ComputeInline",["b4"],[],[]],["ComputeInline",["b2"],[],[]],["ComputeInline",["b0"],[],[]],["SampleCategorical",[],[[0,16,64,512,1024],[0.2000000000000000111,0.2000000000000000111,0.2000000000000000111,0.2000000000000000111,0.2000000000000000111]],["v96"]],["Annotate",["b9","v96"],["meta_schedule.unroll_explicit"],[]],["GetLoops",["b8"],[],["l97","l98","l99","l100"]],["Fuse",["l97","l98","l99","l100"],[1],["l101"]],["SampleCategorical",[],[[32,64,128,256,512,1024],[0.16666666666666665741,0.16666666666666665741,0.16666666666666665741,0.16666666666666665741,0.16666666666666665741,0.16666666666666665741]],["v102"]],["Split",["l101","None","v102"],[1],["l103","l104"]],["Bind",["l103"],["blockIdx.x"],[]],["Bind",["l104"],["threadIdx.x"],[]],["EnterPostproc",[],[],[]],["Unannotate",["b72"],["meta_schedule.cooperative_fetch"],[]],["GetLoops",["b72"],[],["l105","l106","l107","l108","l109","l110"]],["Split",["l110","None",48],[1],["l111","l112"]],["Bind",["l112"],["threadIdx.x"],[]],["Unannotate",["b84"],["meta_schedule.cooperative_fetch"],[]],["GetLoops",["b84"],[],["l113","l114","l115","l116","l117","l118"]],["Split",["l118","None",48,2],[1],["l119","l120","l121"]],["Vectorize",["l121"],[],[]],["Bind",["l120"],["threadIdx.x"],[]],["GetBlock",[],["root","main"],["b122"]],["Unannotate",["b122"],["meta_schedule.unroll_explicit"],[]],["GetChildBlocks",["b122"],[],["b123","b124","b125","b126","b127"]],["GetLoops",["b123"],[],["l128","l129","l130","l131","l132","l133","l134"]],["Annotate",["l128",16],["pragma_auto_unroll_max_step"],[]],["Annotate",["l128",1],["pragma_unroll_explicit"],[]],["GetLoops",["b124"],[],["l135","l136","l137","l138","l139","l140","l141","l142"]],["Annotate",["l135",16],["pragma_auto_unroll_max_step"],[]],["Annotate",["l135",1],["pragma_unroll_explicit"],[]],["GetLoops",["b125"],[],["l143","l144","l145","l146","l147","l148","l149","l150","l151","l152","l153","l154","l155","l156","l157","l158","l159"]],["Annotate",["l143",16],["pragma_auto_unroll_max_step"],[]],["Annotate",["l143",1],["pragma_unroll_explicit"],[]],["GetLoops",["b126"],[],["l160","l161","l162","l163","l164","l165","l166"]],["Annotate",["l160",16],["pragma_auto_unroll_max_step"],[]],["Annotate",["l160",1],["pragma_unroll_explicit"],[]],["GetLoops",["b127"],[],["l167","l168"]],["Annotate",["l167",16],["pragma_auto_unroll_max_step"],[]],["Annotate",["l167",1],["pragma_unroll_explicit"],[]],["GetBlock",[],["DepthwiseConv2d","main"],["b169"]],["GetLoops",["b169"],[],["l170","l171","l172","l173","l174","l175","l176","l177","l178","l179","l180","l181","l182","l183","l184","l185","l186"]],["DecomposeReduction",["b169","l173"],[],["b187"]]],[[12,[1,2,1,2,1]],[14,[8,1,2,1,1]],[16,[4,1,1,1,4]],[18,[5,1,24,2,1]],[20,[1,1,3]],[22,[3,1,1]],[39,0],[45,1],[54,1],[58,2]]],[0],{"arch":"sm_70","keys":["cuda","gpu"],"kind":"cuda","max_num_threads":1024,"max_shared_memory_per_block":49152,"max_threads_per_block":1024,"registers_per_block":65536,"tag":"","thread_warp_size":32},[["TENSOR","float32",[4,32,32,240]],["TENSOR","float32",[3,3,240,1]],["TENSOR","float32",[1,1,1,240]],["TENSOR","float32",[4,16,16,240]]]]]
[0,[[[["GetBlock",[],["PaddedInput","main"],["b0"]],["GetBlock",[],["DepthwiseConv2d","main"],["b1"]],["GetBlock",[],["T_add","main"],["b2"]],["GetBlock",[],["compile_engine_const","main"],["b3"]],["GetBlock",[],["T_add_1","main"],["b4"]],["GetBlock",[],["compute","main"],["b5"]],["GetBlock",[],["compile_engine_const_1","main"],["b6"]],["GetBlock",[],["T_divide","main"],["b7"]],["GetBlock",[],["T_multiply","main"],["b8"]],["GetBlock",[],["root","main"],["b9"]],["Annotate",["b1","\"SSSRRSRS\""],["meta_schedule.tiling_structure"],[]],["GetLoops",["b1"],[],["l10","l11","l12","l13","l14","l15"]],["SamplePerfectTile",["l10"],[5,64],["v16","v17","v18","v19","v20"]],["Split",["l10","v16","v17","v18","v19","v20"],[1],["l21","l22","l23","l24","l25"]],["SamplePerfectTile",["l11"],[5,64],["v26","v27","v28","v29","v30"]],["Split",["l11","v26","v27","v28","v29","v30"],[1],["l31","l32","l33","l34","l35"]],["SamplePerfectTile",["l12"],[5,64],["v36","v37","v38","v39","v40"]],["Split",["l12","v36","v37","v38","v39","v40"],[1],["l41","l42","l43","l44","l45"]],["SamplePerfectTile",["l13"],[5,64],["v46","v47","v48","v49","v50"]],["Split",["l13","v46","v47","v48","v49","v50"],[1],["l51","l52","l53","l54","l55"]],["SamplePerfectTile",["l14"],[3,64],["v56","v57","v58"]],["Split",["l14","v56","v57","v58"],[1],["l59","l60","l61"]],["SamplePerfectTile",["l15"],[3,64],["v62","v63","v64"]],["Split",["l15","v62","v63","v64"],[1],["l65","l66","l67"]],["Reorder",["l21","l31","l41","l51","l22","l32","l42","l52","l23","l33","l43","l53","l59","l65","l60","l66","l24","l34","l44","l54","l61","l67","l25","l35","l45","l55"],[],[]],["Fuse",["l21","l31","l41","l51"],[1],["l68"]],["Bind",["l68"],["blockIdx.x"],[]],["Fuse",["l22","l32","l42","l52"],[1],["l69"]],["Bind",["l69"],["vthread.x"],[]],["Fuse",["l23","l33","l43","l53"],[1],["l70"]],["Bind",["l70"],["threadIdx.x"],[]],["Annotate",["b1",32],["meta_schedule.thread_extent_low_inclusive"],[]],["Annotate",["b1",1024],["meta_schedule.thread_extent_high_inclusive"],[]],["CacheWrite",["b1",[]],[0,"local"],["b71"]],["ReverseComputeAt",["b71","l70"],[1,-1],[]],["CacheRead",["b1",["b1"]],[0,"shared"],["b72"]],["ComputeAt",["b72","l65"],[1,-1],[]],["GetLoops",["b72"],[],["l73","l74","l75","l76","l77","l78","l79","l80","l81"]],["Fuse",["l78","l79","l80","l81"],[1],["l82"]],["SampleCategorical",[],[[1,2,3,4],[0.25,0.25,0.25,0.25]],["v83"]],["Annotate",["b72","v83"],["meta_schedule.cooperative_fetch"],[]],["CacheRead",["b1",["b1"]],[1,"shared"],["b84"]],["ComputeAt",["b84","l65"],[1,-1],[]],["GetLoops",["b84"],[],["l85","l86","l87","l88","l89","l90","l91","l92","l93"]],["Fuse",["l90","l91","l92","l93"],[1],["l94"]],["SampleCategorical",[],[[1,2,3,4],[0.25,0.25,0.25,0.25]],["v95"]],["Annotate",["b84","v95"],["meta_schedule.cooperative_fetch"],[]],["ComputeInline",["b6"],[],[]],["ComputeInline",["b3"],[],[]],["ComputeInline",["b7"],[],[]],["ComputeInline",["b5"],[],[]],["ComputeInline",["b4"],[],[]],["ComputeInline",["b2"],[],[]],["ComputeInline",["b0"],[],[]],["SampleCategorical",[],[[0,16,64,512,1024],[0.2000000000000000111,0.2000000000000000111,0.2000000000000000111,0.2000000000000000111,0.2000000000000000111]],["v96"]],["Annotate",["b9","v96"],["meta_schedule.unroll_explicit"],[]],["GetLoops",["b8"],[],["l97","l98","l99","l100"]],["Fuse",["l97","l98","l99","l100"],[1],["l101"]],["SampleCategorical",[],[[32,64,128,256,512,1024],[0.16666666666666665741,0.16666666666666665741,0.16666666666666665741,0.16666666666666665741,0.16666666666666665741,0.16666666666666665741]],["v102"]],["Split",["l101","None","v102"],[1],["l103","l104"]],["Bind",["l103"],["blockIdx.x"],[]],["Bind",["l104"],["threadIdx.x"],[]],["EnterPostproc",[],[],[]],["Unannotate",["b72"],["meta_schedule.cooperative_fetch"],[]],["GetLoops",["b72"],[],["l105","l106","l107","l108","l109","l110"]],["Split",["l110","None",32,4],[1],["l111","l112","l113"]],["Vectorize",["l113"],[],[]],["Bind",["l112"],["threadIdx.x"],[]],["Unannotate",["b84"],["meta_schedule.cooperative_fetch"],[]],["GetLoops",["b84"],[],["l114","l115","l116","l117","l118","l119"]],["Split",["l119","None",32,3],[1],["l120","l121","l122"]],["Vectorize",["l122"],[],[]],["Bind",["l121"],["threadIdx.x"],[]],["GetBlock",[],["root","main"],["b123"]],["Unannotate",["b123"],["meta_schedule.unroll_explicit"],[]],["GetChildBlocks",["b123"],[],["b124","b125","b126","b127","b128"]],["GetLoops",["b124"],[],["l129","l130","l131","l132","l133","l134","l135","l136"]],["Annotate",["l129",1024],["pragma_auto_unroll_max_step"],[]],["Annotate",["l129",1],["pragma_unroll_explicit"],[]],["GetLoops",["b125"],[],["l137","l138","l139","l140","l141","l142","l143","l144"]],["Annotate",["l137",1024],["pragma_auto_unroll_max_step"],[]],["Annotate",["l137",1],["pragma_unroll_explicit"],[]],["GetLoops",["b126"],[],["l145","l146","l147","l148","l149","l150","l151","l152","l153","l154","l155","l156","l157","l158","l159","l160","l161"]],["Annotate",["l145",1024],["pragma_auto_unroll_max_step"],[]],["Annotate",["l145",1],["pragma_unroll_explicit"],[]],["GetLoops",["b127"],[],["l162","l163","l164","l165","l166","l167","l168"]],["Annotate",["l162",1024],["pragma_auto_unroll_max_step"],[]],["Annotate",["l162",1],["pragma_unroll_explicit"],[]],["GetLoops",["b128"],[],["l169","l170"]],["Annotate",["l169",1024],["pragma_auto_unroll_max_step"],[]],["Annotate",["l169",1],["pragma_unroll_explicit"],[]],["GetBlock",[],["DepthwiseConv2d","main"],["b171"]],["GetLoops",["b171"],[],["l172","l173","l174","l175","l176","l177","l178","l179","l180","l181","l182","l183","l184","l185","l186","l187","l188"]],["DecomposeReduction",["b171","l175"],[],["b189"]]],[[12,[2,1,2,1,1]],[14,[2,1,4,1,2]],[16,[8,1,1,2,1]],[18,[4,3,4,5,1]],[20,[3,1,1]],[22,[3,1,1]],[39,3],[45,2],[54,4],[58,0]]],[0],{"arch":"sm_70","keys":["cuda","gpu"],"kind":"cuda","max_num_threads":1024,"max_shared_memory_per_block":49152,"max_threads_per_block":1024,"registers_per_block":65536,"tag":"","thread_warp_size":32},[["TENSOR","float32",[4,32,32,240]],["TENSOR","float32",[3,3,240,1]],["TENSOR","float32",[1,1,1,240]],["TENSOR","float32",[4,16,16,240]]]]]
