[0,[[[["GetBlock",[],["pad_temp","main"],["b0"]],["GetBlock",[],["conv2d_nhwc","main"],["b1"]],["GetBlock",[],["T_add","main"],["b2"]],["GetBlock",[],["compile_engine_const","main"],["b3"]],["GetBlock",[],["T_add_1","main"],["b4"]],["GetBlock",[],["compute","main"],["b5"]],["GetBlock",[],["compile_engine_const_1","main"],["b6"]],["GetBlock",[],["T_divide","main"],["b7"]],["GetBlock",[],["T_multiply","main"],["b8"]],["GetBlock",[],["root","main"],["b9"]],["Annotate",["b1","\"SSSRRSRS\""],["meta_schedule.tiling_structure"],[]],["GetLoops",["b1"],[],["l10","l11","l12","l13","l14","l15","l16"]],["SamplePerfectTile",["l10"],[5,64],["v17","v18","v19","v20","v21"]],["Split",["l10","v17","v18","v19","v20","v21"],[1],["l22","l23","l24","l25","l26"]],["SamplePerfectTile",["l11"],[5,64],["v27","v28","v29","v30","v31"]],["Split",["l11","v27","v28","v29","v30","v31"],[1],["l32","l33","l34","l35","l36"]],["SamplePerfectTile",["l12"],[5,64],["v37","v38","v39","v40","v41"]],["Split",["l12","v37","v38","v39","v40","v41"],[1],["l42","l43","l44","l45","l46"]],["SamplePerfectTile",["l13"],[5,64],["v47","v48","v49","v50","v51"]],["Split",["l13","v47","v48","v49","v50","v51"],[1],["l52","l53","l54","l55","l56"]],["SamplePerfectTile",["l14"],[3,64],["v57","v58","v59"]],["Split",["l14","v57","v58","v59"],[1],["l60","l61","l62"]],["SamplePerfectTile",["l15"],[3,64],["v63","v64","v65"]],["Split",["l15","v63","v64","v65"],[1],["l66","l67","l68"]],["SamplePerfectTile",["l16"],[3,64],["v69","v70","v71"]],["Split",["l16","v69","v70","v71"],[1],["l72","l73","l74"]],["Reorder",["l22","l32","l42","l52","l23","l33","l43","l53","l24","l34","l44","l54","l60","l66","l72","l61","l67","l73","l25","l35","l45","l55","l62","l68","l74","l26","l36","l46","l56"],[],[]],["Fuse",["l22","l32","l42","l52"],[1],["l75"]],["Bind",["l75"],["blockIdx.x"],[]],["Fuse",["l23","l33","l43","l53"],[1],["l76"]],["Bind",["l76"],["vthread.x"],[]],["Fuse",["l24","l34","l44","l54"],[1],["l77"]],["Bind",["l77"],["threadIdx.x"],[]],["Annotate",["b1",32],["meta_schedule.thread_extent_low_inclusive"],[]],["Annotate",["b1",1024],["meta_schedule.thread_extent_high_inclusive"],[]],["CacheWrite",["b1",[]],[0,"local"],["b78"]],["ReverseComputeAt",["b78","l77"],[1,-1],[]],["CacheRead",["b1",["b1"]],[0,"shared"],["b79"]],["ComputeAt",["b79","l72"],[1,-1],[]],["GetLoops",["b79"],[],["l80","l81","l82","l83","l84","l85","l86","l87","l88","l89"]],["Fuse",["l86","l87","l88","l89"],[1],["l90"]],["SampleCategorical",[],[[1,2,3,4],[0.25,0.25,0.25,0.25]],["v91"]],["Annotate",["b79","v91"],["meta_schedule.cooperative_fetch"],[]],["CacheRead",["b1",["b1"]],[1,"shared"],["b92"]],["ComputeAt",["b92","l72"],[1,-1],[]],["GetLoops",["b92"],[],["l93","l94","l95","l96","l97","l98","l99","l100","l101","l102"]],["Fuse",["l99","l100","l101","l102"],[1],["l103"]],["SampleCategorical",[],[[1,2,3,4],[0.25,0.25,0.25,0.25]],["v104"]],["Annotate",["b92","v104"],["meta_schedule.cooperative_fetch"],[]],["ComputeInline",["b6"],[],[]],["ComputeInline",["b3"],[],[]],["ComputeInline",["b7"],[],[]],["ComputeInline",["b5"],[],[]],["ComputeInline",["b4"],[],[]],["ComputeInline",["b2"],[],[]],["ComputeInline",["b0"],[],[]],["SampleCategorical",[],[[0,16,64,512,1024],[0.2000000000000000111,0.2000000000000000111,0.2000000000000000111,0.2000000000000000111,0.2000000000000000111]],["v105"]],["Annotate",["b9","v105"],["meta_schedule.unroll_explicit"],[]],["GetLoops",["b8"],[],["l106","l107","l108","l109"]],["Fuse",["l106","l107","l108","l109"],[1],["l110"]],["Split",["l110","None",256,1024],[1],["l111","l112","l113"]],["Reorder",["l112","l113","l111"],[],[]],["Bind",["l112"],["blockIdx.x"],[]],["Bind",["l113"],["threadIdx.x"],[]],["EnterPostproc",[],[],[]],["Unannotate",["b79"],["meta_schedule.cooperative_fetch"],[]],["GetLoops",["b79"],[],["l114","l115","l116","l117","l118","l119","l120"]],["Split",["l120","None",40,2],[1],["l121","l122","l123"]],["Vectorize",["l123"],[],[]],["Bind",["l122"],["threadIdx.x"],[]],["Unannotate",["b92"],["meta_schedule.cooperative_fetch"],[]],["GetLoops",["b92"],[],["l124","l125","l126","l127","l128","l129","l130"]],["Split",["l130","None",40],[1],["l131","l132"]],["Bind",["l132"],["threadIdx.x"],[]],["GetBlock",[],["root","main"],["b133"]],["Unannotate",["b133"],["meta_schedule.unroll_explicit"],[]],["GetChildBlocks",["b133"],[],["b134","b135","b136","b137","b138"]],["GetLoops",["b134"],[],["l139","l140","l141","l142","l143","l144","l145","l146","l147"]],["Annotate",["l139",16],["pragma_auto_unroll_max_step"],[]],["Annotate",["l139",1],["pragma_unroll_explicit"],[]],["GetLoops",["b135"],[],["l148","l149","l150","l151","l152","l153","l154","l155"]],["Annotate",["l148",16],["pragma_auto_unroll_max_step"],[]],["Annotate",["l148",1],["pragma_unroll_explicit"],[]],["GetLoops",["b136"],[],["l156","l157","l158","l159","l160","l161","l162","l163","l164","l165","l166","l167","l168","l169","l170","l171","l172","l173","l174","l175"]],["Annotate",["l156",16],["pragma_auto_unroll_max_step"],[]],["Annotate",["l156",1],["pragma_unroll_explicit"],[]],["GetLoops",["b137"],[],["l176","l177","l178","l179","l180","l181","l182"]],["Annotate",["l176",16],["pragma_auto_unroll_max_step"],[]],["Annotate",["l176",1],["pragma_unroll_explicit"],[]],["GetLoops",["b138"],[],["l183","l184","l185"]],["Annotate",["l183",16],["pragma_auto_unroll_max_step"],[]],["Annotate",["l183",1],["pragma_unroll_explicit"],[]],["GetBlock",[],["conv2d_nhwc","main"],["b186"]],["GetLoops",["b186"],[],["l187","l188","l189","l190","l191","l192","l193","l194","l195","l196","l197","l198","l199","l200","l201","l202","l203","l204","l205","l206"]],["DecomposeReduction",["b186","l190"],[],["b207"]]],[[12,[1,1,8,1,1]],[14,[5,3,1,1,1]],[16,[1,3,1,5,1]],[18,[3,1,5,1,32]],[20,[1,1,1]],[22,[1,1,1]],[24,[4,20,1]],[41,1],[47,2],[56,1]]],[0],{"arch":"sm_70","keys":["cuda","gpu"],"kind":"cuda","max_num_threads":1024,"max_shared_memory_per_block":49152,"max_threads_per_block":1024,"registers_per_block":65536,"tag":"","thread_warp_size":32},[["TENSOR","float32",[8,15,15,80]],["TENSOR","float32",[1,1,80,480]],["TENSOR","float32",[1,1,1,480]],["TENSOR","float32",[8,15,15,480]]]]]
[0,[[[["GetBlock",[],["pad_temp","main"],["b0"]],["GetBlock",[],["conv2d_nhwc","main"],["b1"]],["GetBlock",[],["T_add","main"],["b2"]],["GetBlock",[],["compile_engine_const","main"],["b3"]],["GetBlock",[],["T_add_1","main"],["b4"]],["GetBlock",[],["compute","main"],["b5"]],["GetBlock",[],["compile_engine_const_1","main"],["b6"]],["GetBlock",[],["T_divide","main"],["b7"]],["GetBlock",[],["T_multiply","main"],["b8"]],["GetBlock",[],["root","main"],["b9"]],["Annotate",["b1","\"SSSRRSRS\""],["meta_schedule.tiling_structure"],[]],["GetLoops",["b1"],[],["l10","l11","l12","l13","l14","l15","l16"]],["SamplePerfectTile",["l10"],[5,64],["v17","v18","v19","v20","v21"]],["Split",["l10","v17","v18","v19","v20","v21"],[1],["l22","l23","l24","l25","l26"]],["SamplePerfectTile",["l11"],[5,64],["v27","v28","v29","v30","v31"]],["Split",["l11","v27","v28","v29","v30","v31"],[1],["l32","l33","l34","l35","l36"]],["SamplePerfectTile",["l12"],[5,64],["v37","v38","v39","v40","v41"]],["Split",["l12","v37","v38","v39","v40","v41"],[1],["l42","l43","l44","l45","l46"]],["SamplePerfectTile",["l13"],[5,64],["v47","v48","v49","v50","v51"]],["Split",["l13","v47","v48","v49","v50","v51"],[1],["l52","l53","l54","l55","l56"]],["SamplePerfectTile",["l14"],[3,64],["v57","v58","v59"]],["Split",["l14","v57","v58","v59"],[1],["l60","l61","l62"]],["SamplePerfectTile",["l15"],[3,64],["v63","v64","v65"]],["Split",["l15","v63","v64","v65"],[1],["l66","l67","l68"]],["SamplePerfectTile",["l16"],[3,64],["v69","v70","v71"]],["Split",["l16","v69","v70","v71"],[1],["l72","l73","l74"]],["Reorder",["l22","l32","l42","l52","l23","l33","l43","l53","l24","l34","l44","l54","l60","l66","l72","l61","l67","l73","l25","l35","l45","l55","l62","l68","l74","l26","l36","l46","l56"],[],[]],["Fuse",["l22","l32","l42","l52"],[1],["l75"]],["Bind",["l75"],["blockIdx.x"],[]],["Fuse",["l23","l33","l43","l53"],[1],["l76"]],["Bind",["l76"],["vthread.x"],[]],["Fuse",["l24","l34","l44","l54"],[1],["l77"]],["Bind",["l77"],["threadIdx.x"],[]],["Annotate",["b1",32],["meta_schedule.thread_extent_low_inclusive"],[]],["Annotate",["b1",1024],["meta_schedule.thread_extent_high_inclusive"],[]],["CacheWrite",["b1",[]],[0,"local"],["b78"]],["ReverseComputeAt",["b78","l77"],[1,-1],[]],["CacheRead",["b1",["b1"]],[0,"shared"],["b79"]],["ComputeAt",["b79","l72"],[1,-1],[]],["GetLoops",["b79"],[],["l80","l81","l82","l83","l84","l85","l86","l87","l88","l89"]],["Fuse",["l86","l87","l88","l89"],[1],["l90"]],["SampleCategorical",[],[[1,2,3,4],[0.25,0.25,0.25,0.25]],["v91"]],["Annotate",["b79","v91"],["meta_schedule.cooperative_fetch"],[]],["CacheRead",["b1",["b1"]],[1,"shared"],["b92"]],["ComputeAt",["b92","l72"],[1,-1],[]],["GetLoops",["b92"],[],["l93","l94","l95","l96","l97","l98","l99","l100","l101","l102"]],["Fuse",["l99","l100","l101","l102"],[1],["l103"]],["SampleCategorical",[],[[1,2,3,4],[0.25,0.25,0.25,0.25]],["v104"]],["Annotate",["b92","v104"],["meta_schedule.cooperative_fetch"],[]],["ComputeInline",["b6"],[],[]],["ComputeInline",["b3"],[],[]],["ComputeInline",["b7"],[],[]],["ComputeInline",["b5"],[],[]],["ComputeInline",["b4"],[],[]],["ComputeInline",["b2"],[],[]],["ComputeInline",["b0"],[],[]],["SampleCategorical",[],[[0,16,64,512,1024],[0.2000000000000000111,0.2000000000000000111,0.2000000000000000111,0.2000000000000000111,0.2000000000000000111]],["v105"]],["Annotate",["b9","v105"],["meta_schedule.unroll_explicit"],[]],["GetLoops",["b8"],[],["l106","l107","l108","l109"]],["Fuse",["l106","l107","l108","l109"],[1],["l110"]],["Split",["l110","None",256,1024],[1],["l111","l112","l113"]],["Reorder",["l112","l113","l111"],[],[]],["Bind",["l112"],["blockIdx.x"],[]],["Bind",["l113"],["threadIdx.x"],[]],["EnterPostproc",[],[],[]],["Unannotate",["b79"],["meta_schedule.cooperative_fetch"],[]],["GetLoops",["b79"],[],["l114","l115","l116","l117","l118","l119","l120"]],["Split",["l120","None",48,2],[1],["l121","l122","l123"]],["Vectorize",["l123"],[],[]],["Bind",["l122"],["threadIdx.x"],[]],["Unannotate",["b92"],["meta_schedule.cooperative_fetch"],[]],["GetLoops",["b92"],[],["l124","l125","l126","l127","l128","l129","l130"]],["Split",["l130","None",48,2],[1],["l131","l132","l133"]],["Vectorize",["l133"],[],[]],["Bind",["l132"],["threadIdx.x"],[]],["GetBlock",[],["root","main"],["b134"]],["Unannotate",["b134"],["meta_schedule.unroll_explicit"],[]],["GetChildBlocks",["b134"],[],["b135","b136","b137","b138","b139"]],["GetLoops",["b135"],[],["l140","l141","l142","l143","l144","l145","l146","l147","l148"]],["GetLoops",["b136"],[],["l149","l150","l151","l152","l153","l154","l155","l156","l157"]],["GetLoops",["b137"],[],["l158","l159","l160","l161","l162","l163","l164","l165","l166","l167","l168","l169","l170","l171","l172","l173","l174","l175","l176","l177"]],["GetLoops",["b138"],[],["l178","l179","l180","l181","l182","l183","l184"]],["GetLoops",["b139"],[],["l185","l186","l187"]],["GetBlock",[],["conv2d_nhwc","main"],["b188"]],["GetLoops",["b188"],[],["l189","l190","l191","l192","l193","l194","l195","l196","l197","l198","l199","l200","l201","l202","l203","l204","l205","l206","l207","l208"]],["DecomposeReduction",["b188","l192"],[],["b209"]]],[[12,[2,1,4,1,1]],[14,[15,1,1,1,1]],[16,[1,1,3,1,5]],[18,[4,1,4,3,10]],[20,[1,1,1]],[22,[1,1,1]],[24,[2,8,5]],[41,1],[47,1],[56,0]]],[0],{"arch":"sm_70","keys":["cuda","gpu"],"kind":"cuda","max_num_threads":1024,"max_shared_memory_per_block":49152,"max_threads_per_block":1024,"registers_per_block":65536,"tag":"","thread_warp_size":32},[["TENSOR","float32",[8,15,15,80]],["TENSOR","float32",[1,1,80,480]],["TENSOR","float32",[1,1,1,480]],["TENSOR","float32",[8,15,15,480]]]]]
[0,[[[["GetBlock",[],["pad_temp","main"],["b0"]],["GetBlock",[],["conv2d_nhwc","main"],["b1"]],["GetBlock",[],["T_add","main"],["b2"]],["GetBlock",[],["compile_engine_const","main"],["b3"]],["GetBlock",[],["T_add_1","main"],["b4"]],["GetBlock",[],["compute","main"],["b5"]],["GetBlock",[],["compile_engine_const_1","main"],["b6"]],["GetBlock",[],["T_divide","main"],["b7"]],["GetBlock",[],["T_multiply","main"],["b8"]],["GetBlock",[],["root","main"],["b9"]],["Annotate",["b1","\"SSSRRSRS\""],["meta_schedule.tiling_structure"],[]],["GetLoops",["b1"],[],["l10","l11","l12","l13","l14","l15","l16"]],["SamplePerfectTile",["l10"],[5,64],["v17","v18","v19","v20","v21"]],["Split",["l10","v17","v18","v19","v20","v21"],[1],["l22","l23","l24","l25","l26"]],["SamplePerfectTile",["l11"],[5,64],["v27","v28","v29","v30","v31"]],["Split",["l11","v27","v28","v29","v30","v31"],[1],["l32","l33","l34","l35","l36"]],["SamplePerfectTile",["l12"],[5,64],["v37","v38","v39","v40","v41"]],["Split",["l12","v37","v38","v39","v40","v41"],[1],["l42","l43","l44","l45","l46"]],["SamplePerfectTile",["l13"],[5,64],["v47","v48","v49","v50","v51"]],["Split",["l13","v47","v48","v49","v50","v51"],[1],["l52","l53","l54","l55","l56"]],["SamplePerfectTile",["l14"],[3,64],["v57","v58","v59"]],["Split",["l14","v57","v58","v59"],[1],["l60","l61","l62"]],["SamplePerfectTile",["l15"],[3,64],["v63","v64","v65"]],["Split",["l15","v63","v64","v65"],[1],["l66","l67","l68"]],["SamplePerfectTile",["l16"],[3,64],["v69","v70","v71"]],["Split",["l16","v69","v70","v71"],[1],["l72","l73","l74"]],["Reorder",["l22","l32","l42","l52","l23","l33","l43","l53","l24","l34","l44","l54","l60","l66","l72","l61","l67","l73","l25","l35","l45","l55","l62","l68","l74","l26","l36","l46","l56"],[],[]],["Fuse",["l22","l32","l42","l52"],[1],["l75"]],["Bind",["l75"],["blockIdx.x"],[]],["Fuse",["l23","l33","l43","l53"],[1],["l76"]],["Bind",["l76"],["vthread.x"],[]],["Fuse",["l24","l34","l44","l54"],[1],["l77"]],["Bind",["l77"],["threadIdx.x"],[]],["Annotate",["b1",32],["meta_schedule.thread_extent_low_inclusive"],[]],["Annotate",["b1",1024],["meta_schedule.thread_extent_high_inclusive"],[]],["CacheWrite",["b1",[]],[0,"local"],["b78"]],["ReverseComputeAt",["b78","l77"],[1,-1],[]],["CacheRead",["b1",["b1"]],[0,"shared"],["b79"]],["ComputeAt",["b79","l72"],[1,-1],[]],["GetLoops",["b79"],[],["l80","l81","l82","l83","l84","l85","l86","l87","l88","l89"]],["Fuse",["l86","l87","l88","l89"],[1],["l90"]],["SampleCategorical",[],[[1,2,3,4],[0.25,0.25,0.25,0.25]],["v91"]],["Annotate",["b79","v91"],["meta_schedule.cooperative_fetch"],[]],["CacheRead",["b1",["b1"]],[1,"shared"],["b92"]],["ComputeAt",["b92","l72"],[1,-1],[]],["GetLoops",["b92"],[],["l93","l94","l95","l96","l97","l98","l99","l100","l101","l102"]],["Fuse",["l99","l100","l101","l102"],[1],["l103"]],["SampleCategorical",[],[[1,2,3,4],[0.25,0.25,0.25,0.25]],["v104"]],["Annotate",["b92","v104"],["meta_schedule.cooperative_fetch"],[]],["ComputeInline",["b6"],[],[]],["ComputeInline",["b3"],[],[]],["ComputeInline",["b7"],[],[]],["ComputeInline",["b5"],[],[]],["ComputeInline",["b4"],[],[]],["ComputeInline",["b2"],[],[]],["ComputeInline",["b0"],[],[]],["SampleCategorical",[],[[0,16,64,512,1024],[0.2000000000000000111,0.2000000000000000111,0.2000000000000000111,0.2000000000000000111,0.2000000000000000111]],["v105"]],["Annotate",["b9","v105"],["meta_schedule.unroll_explicit"],[]],["GetLoops",["b8"],[],["l106","l107","l108","l109"]],["Fuse",["l106","l107","l108","l109"],[1],["l110"]],["Split",["l110","None",256,1024],[1],["l111","l112","l113"]],["Reorder",["l112","l113","l111"],[],[]],["Bind",["l112"],["blockIdx.x"],[]],["Bind",["l113"],["threadIdx.x"],[]],["EnterPostproc",[],[],[]],["Unannotate",["b79"],["meta_schedule.cooperative_fetch"],[]],["GetLoops",["b79"],[],["l114","l115","l116","l117","l118","l119","l120"]],["Split",["l120","None",600,4],[1],["l121","l122","l123"]],["Vectorize",["l123"],[],[]],["Bind",["l122"],["threadIdx.x"],[]],["Unannotate",["b92"],["meta_schedule.cooperative_fetch"],[]],["GetLoops",["b92"],[],["l124","l125","l126","l127","l128","l129","l130"]],["Split",["l130","None",600],[1],["l131","l132"]],["Bind",["l132"],["threadIdx.x"],[]],["GetBlock",[],["root","main"],["b133"]],["Unannotate",["b133"],["meta_schedule.unroll_explicit"],[]],["GetChildBlocks",["b133"],[],["b134","b135","b136","b137","b138"]],["GetLoops",["b134"],[],["l139","l140","l141","l142","l143","l144","l145","l146","l147"]],["Annotate",["l139",512],["pragma_auto_unroll_max_step"],[]],["Annotate",["l139",1],["pragma_unroll_explicit"],[]],["GetLoops",["b135"],[],["l148","l149","l150","l151","l152","l153","l154","l155"]],["Annotate",["l148",512],["pragma_auto_unroll_max_step"],[]],["Annotate",["l148",1],["pragma_unroll_explicit"],[]],["GetLoops",["b136"],[],["l156","l157","l158","l159","l160","l161","l162","l163","l164","l165","l166","l167","l168","l169","l170","l171","l172","l173","l174","l175"]],["Annotate",["l156",512],["pragma_auto_unroll_max_step"],[]],["Annotate",["l156",1],["pragma_unroll_explicit"],[]],["GetLoops",["b137"],[],["l176","l177","l178","l179","l180","l181","l182"]],["Annotate",["l176",512],["pragma_auto_unroll_max_step"],[]],["Annotate",["l176",1],["pragma_unroll_explicit"],[]],["GetLoops",["b138"],[],["l183","l184","l185"]],["Annotate",["l183",512],["pragma_auto_unroll_max_step"],[]],["Annotate",["l183",1],["pragma_unroll_explicit"],[]],["GetBlock",[],["conv2d_nhwc","main"],["b186"]],["GetLoops",["b186"],[],["l187","l188","l189","l190","l191","l192","l193","l194","l195","l196","l197","l198","l199","l200","l201","l202","l203","l204","l205","l206"]],["DecomposeReduction",["b186","l190"],[],["b207"]]],[[12,[2,1,4,1,1]],[14,[1,1,15,1,1]],[16,[5,3,1,1,1]],[18,[1,3,10,8,2]],[20,[1,1,1]],[22,[1,1,1]],[24,[5,1,16]],[41,3],[47,0],[56,3]]],[0],{"arch":"sm_70","keys":["cuda","gpu"],"kind":"cuda","max_num_threads":1024,"max_shared_memory_per_block":49152,"max_threads_per_block":1024,"registers_per_block":65536,"tag":"","thread_warp_size":32},[["TENSOR","float32",[8,15,15,80]],["TENSOR","float32",[1,1,80,480]],["TENSOR","float32",[1,1,1,480]],["TENSOR","float32",[8,15,15,480]]]]]
[0,[[[["GetBlock",[],["pad_temp","main"],["b0"]],["GetBlock",[],["conv2d_nhwc","main"],["b1"]],["GetBlock",[],["T_add","main"],["b2"]],["GetBlock",[],["compile_engine_const","main"],["b3"]],["GetBlock",[],["T_add_1","main"],["b4"]],["GetBlock",[],["compute","main"],["b5"]],["GetBlock",[],["compile_engine_const_1","main"],["b6"]],["GetBlock",[],["T_divide","main"],["b7"]],["GetBlock",[],["T_multiply","main"],["b8"]],["GetBlock",[],["root","main"],["b9"]],["Annotate",["b1","\"SSSRRSRS\""],["meta_schedule.tiling_structure"],[]],["GetLoops",["b1"],[],["l10","l11","l12","l13","l14","l15","l16"]],["SamplePerfectTile",["l10"],[5,64],["v17","v18","v19","v20","v21"]],["Split",["l10","v17","v18","v19","v20","v21"],[1],["l22","l23","l24","l25","l26"]],["SamplePerfectTile",["l11"],[5,64],["v27","v28","v29","v30","v31"]],["Split",["l11","v27","v28","v29","v30","v31"],[1],["l32","l33","l34","l35","l36"]],["SamplePerfectTile",["l12"],[5,64],["v37","v38","v39","v40","v41"]],["Split",["l12","v37","v38","v39","v40","v41"],[1],["l42","l43","l44","l45","l46"]],["SamplePerfectTile",["l13"],[5,64],["v47","v48","v49","v50","v51"]],["Split",["l13","v47","v48","v49","v50","v51"],[1],["l52","l53","l54","l55","l56"]],["SamplePerfectTile",["l14"],[3,64],["v57","v58","v59"]],["Split",["l14","v57","v58","v59"],[1],["l60","l61","l62"]],["SamplePerfectTile",["l15"],[3,64],["v63","v64","v65"]],["Split",["l15","v63","v64","v65"],[1],["l66","l67","l68"]],["SamplePerfectTile",["l16"],[3,64],["v69","v70","v71"]],["Split",["l16","v69","v70","v71"],[1],["l72","l73","l74"]],["Reorder",["l22","l32","l42","l52","l23","l33","l43","l53","l24","l34","l44","l54","l60","l66","l72","l61","l67","l73","l25","l35","l45","l55","l62","l68","l74","l26","l36","l46","l56"],[],[]],["Fuse",["l22","l32","l42","l52"],[1],["l75"]],["Bind",["l75"],["blockIdx.x"],[]],["Fuse",["l23","l33","l43","l53"],[1],["l76"]],["Bind",["l76"],["vthread.x"],[]],["Fuse",["l24","l34","l44","l54"],[1],["l77"]],["Bind",["l77"],["threadIdx.x"],[]],["Annotate",["b1",32],["meta_schedule.thread_extent_low_inclusive"],[]],["Annotate",["b1",1024],["meta_schedule.thread_extent_high_inclusive"],[]],["CacheWrite",["b1",[]],[0,"local"],["b78"]],["ReverseComputeAt",["b78","l77"],[1,-1],[]],["CacheRead",["b1",["b1"]],[0,"shared"],["b79"]],["ComputeAt",["b79","l72"],[1,-1],[]],["GetLoops",["b79"],[],["l80","l81","l82","l83","l84","l85","l86","l87","l88","l89"]],["Fuse",["l86","l87","l88","l89"],[1],["l90"]],["SampleCategorical",[],[[1,2,3,4],[0.25,0.25,0.25,0.25]],["v91"]],["Annotate",["b79","v91"],["meta_schedule.cooperative_fetch"],[]],["CacheRead",["b1",["b1"]],[1,"shared"],["b92"]],["ComputeAt",["b92","l72"],[1,-1],[]],["GetLoops",["b92"],[],["l93","l94","l95","l96","l97","l98","l99","l100","l101","l102"]],["Fuse",["l99","l100","l101","l102"],[1],["l103"]],["SampleCategorical",[],[[1,2,3,4],[0.25,0.25,0.25,0.25]],["v104"]],["Annotate",["b92","v104"],["meta_schedule.cooperative_fetch"],[]],["ComputeInline",["b6"],[],[]],["ComputeInline",["b3"],[],[]],["ComputeInline",["b7"],[],[]],["ComputeInline",["b5"],[],[]],["ComputeInline",["b4"],[],[]],["ComputeInline",["b2"],[],[]],["ComputeInline",["b0"],[],[]],["SampleCategorical",[],[[0,16,64,512,1024],[0.2000000000000000111,0.2000000000000000111,0.2000000000000000111,0.2000000000000000111,0.2000000000000000111]],["v105"]],["Annotate",["b9","v105"],["meta_schedule.unroll_explicit"],[]],["GetLoops",["b8"],[],["l106","l107","l108","l109"]],["Fuse",["l106","l107","l108","l109"],[1],["l110"]],["Split",["l110","None",256,1024],[1],["l111","l112","l113"]],["Reorder",["l112","l113","l111"],[],[]],["Bind",["l112"],["blockIdx.x"],[]],["Bind",["l113"],["threadIdx.x"],[]],["EnterPostproc",[],[],[]],["Unannotate",["b79"],["meta_schedule.cooperative_fetch"],[]],["GetLoops",["b79"],[],["l114","l115","l116","l117","l118","l119","l120"]],["Split",["l120","None",54],[1],["l121","l122"]],["Bind",["l122"],["threadIdx.x"],[]],["Unannotate",["b92"],["meta_schedule.cooperative_fetch"],[]],["GetLoops",["b92"],[],["l123","l124","l125","l126","l127","l128","l129"]],["Split",["l129","None",54,3],[1],["l130","l131","l132"]],["Vectorize",["l132"],[],[]],["Bind",["l131"],["threadIdx.x"],[]],["GetBlock",[],["root","main"],["b133"]],["Unannotate",["b133"],["meta_schedule.unroll_explicit"],[]],["GetChildBlocks",["b133"],[],["b134","b135","b136","b137","b138"]],["GetLoops",["b134"],[],["l139","l140","l141","l142","l143","l144","l145","l146"]],["GetLoops",["b135"],[],["l147","l148","l149","l150","l151","l152","l153","l154","l155"]],["GetLoops",["b136"],[],["l156","l157","l158","l159","l160","l161","l162","l163","l164","l165","l166","l167","l168","l169","l170","l171","l172","l173","l174","l175"]],["GetLoops",["b137"],[],["l176","l177","l178","l179","l180","l181","l182"]],["GetLoops",["b138"],[],["l183","l184","l185"]],["GetBlock",[],["conv2d_nhwc","main"],["b186"]],["GetLoops",["b186"],[],["l187","l188","l189","l190","l191","l192","l193","l194","l195","l196","l197","l198","l199","l200","l201","l202","l203","l204","l205","l206"]],["DecomposeReduction",["b186","l190"],[],["b207"]]],[[12,[1,1,1,1,8]],[14,[5,1,3,1,1]],[16,[1,5,3,1,1]],[18,[4,1,6,1,20]],[20,[1,1,1]],[22,[1,1,1]],[24,[4,5,4]],[41,0],[47,2],[56,0]]],[0],{"arch":"sm_70","keys":["cuda","gpu"],"kind":"cuda","max_num_threads":1024,"max_shared_memory_per_block":49152,"max_threads_per_block":1024,"registers_per_block":65536,"tag":"","thread_warp_size":32},[["TENSOR","float32",[8,15,15,80]],["TENSOR","float32",[1,1,80,480]],["TENSOR","float32",[1,1,1,480]],["TENSOR","float32",[8,15,15,480]]]]]
[0,[[[["GetBlock",[],["pad_temp","main"],["b0"]],["GetBlock",[],["conv2d_nhwc","main"],["b1"]],["GetBlock",[],["T_add","main"],["b2"]],["GetBlock",[],["compile_engine_const","main"],["b3"]],["GetBlock",[],["T_add_1","main"],["b4"]],["GetBlock",[],["compute","main"],["b5"]],["GetBlock",[],["compile_engine_const_1","main"],["b6"]],["GetBlock",[],["T_divide","main"],["b7"]],["GetBlock",[],["T_multiply","main"],["b8"]],["GetBlock",[],["root","main"],["b9"]],["Annotate",["b1","\"SSSRRSRS\""],["meta_schedule.tiling_structure"],[]],["GetLoops",["b1"],[],["l10","l11","l12","l13","l14","l15","l16"]],["SamplePerfectTile",["l10"],[5,64],["v17","v18","v19","v20","v21"]],["Split",["l10","v17","v18","v19","v20","v21"],[1],["l22","l23","l24","l25","l26"]],["SamplePerfectTile",["l11"],[5,64],["v27","v28","v29","v30","v31"]],["Split",["l11","v27","v28","v29","v30","v31"],[1],["l32","l33","l34","l35","l36"]],["SamplePerfectTile",["l12"],[5,64],["v37","v38","v39","v40","v41"]],["Split",["l12","v37","v38","v39","v40","v41"],[1],["l42","l43","l44","l45","l46"]],["SamplePerfectTile",["l13"],[5,64],["v47","v48","v49","v50","v51"]],["Split",["l13","v47","v48","v49","v50","v51"],[1],["l52","l53","l54","l55","l56"]],["SamplePerfectTile",["l14"],[3,64],["v57","v58","v59"]],["Split",["l14","v57","v58","v59"],[1],["l60","l61","l62"]],["SamplePerfectTile",["l15"],[3,64],["v63","v64","v65"]],["Split",["l15","v63","v64","v65"],[1],["l66","l67","l68"]],["SamplePerfectTile",["l16"],[3,64],["v69","v70","v71"]],["Split",["l16","v69","v70","v71"],[1],["l72","l73","l74"]],["Reorder",["l22","l32","l42","l52","l23","l33","l43","l53","l24","l34","l44","l54","l60","l66","l72","l61","l67","l73","l25","l35","l45","l55","l62","l68","l74","l26","l36","l46","l56"],[],[]],["Fuse",["l22","l32","l42","l52"],[1],["l75"]],["Bind",["l75"],["blockIdx.x"],[]],["Fuse",["l23","l33","l43","l53"],[1],["l76"]],["Bind",["l76"],["vthread.x"],[]],["Fuse",["l24","l34","l44","l54"],[1],["l77"]],["Bind",["l77"],["threadIdx.x"],[]],["Annotate",["b1",32],["meta_schedule.thread_extent_low_inclusive"],[]],["Annotate",["b1",1024],["meta_schedule.thread_extent_high_inclusive"],[]],["CacheWrite",["b1",[]],[0,"local"],["b78"]],["ReverseComputeAt",["b78","l77"],[1,-1],[]],["CacheRead",["b1",["b1"]],[0,"shared"],["b79"]],["ComputeAt",["b79","l72"],[1,-1],[]],["GetLoops",["b79"],[],["l80","l81","l82","l83","l84","l85","l86","l87","l88","l89"]],["Fuse",["l86","l87","l88","l89"],[1],["l90"]],["SampleCategorical",[],[[1,2,3,4],[0.25,0.25,0.25,0.25]],["v91"]],["Annotate",["b79","v91"],["meta_schedule.cooperative_fetch"],[]],["CacheRead",["b1",["b1"]],[1,"shared"],["b92"]],["ComputeAt",["b92","l72"],[1,-1],[]],["GetLoops",["b92"],[],["l93","l94","l95","l96","l97","l98","l99","l100","l101","l102"]],["Fuse",["l99","l100","l101","l102"],[1],["l103"]],["SampleCategorical",[],[[1,2,3,4],[0.25,0.25,0.25,0.25]],["v104"]],["Annotate",["b92","v104"],["meta_schedule.cooperative_fetch"],[]],["ComputeInline",["b6"],[],[]],["ComputeInline",["b3"],[],[]],["ComputeInline",["b7"],[],[]],["ComputeInline",["b5"],[],[]],["ComputeInline",["b4"],[],[]],["ComputeInline",["b2"],[],[]],["ComputeInline",["b0"],[],[]],["SampleCategorical",[],[[0,16,64,512,1024],[0.2000000000000000111,0.2000000000000000111,0.2000000000000000111,0.2000000000000000111,0.2000000000000000111]],["v105"]],["Annotate",["b9","v105"],["meta_schedule.unroll_explicit"],[]],["GetLoops",["b8"],[],["l106","l107","l108","l109"]],["Fuse",["l106","l107","l108","l109"],[1],["l110"]],["Split",["l110","None",256,1024],[1],["l111","l112","l113"]],["Reorder",["l112","l113","l111"],[],[]],["Bind",["l112"],["blockIdx.x"],[]],["Bind",["l113"],["threadIdx.x"],[]],["EnterPostproc",[],[],[]],["Unannotate",["b79"],["meta_schedule.cooperative_fetch"],[]],["GetLoops",["b79"],[],["l114","l115","l116","l117","l118","l119","l120"]],["Split",["l120","None",100,3],[1],["l121","l122","l123"]],["Vectorize",["l123"],[],[]],["Bind",["l122"],["threadIdx.x"],[]],["Unannotate",["b92"],["meta_schedule.cooperative_fetch"],[]],["GetLoops",["b92"],[],["l124","l125","l126","l127","l128","l129","l130"]],["Split",["l130","None",100,2],[1],["l131","l132","l133"]],["Vectorize",["l133"],[],[]],["Bind",["l132"],["threadIdx.x"],[]],["GetBlock",[],["root","main"],["b134"]],["Unannotate",["b134"],["meta_schedule.unroll_explicit"],[]],["GetChildBlocks",["b134"],[],["b135","b136","b137","b138","b139"]],["GetLoops",["b135"],[],["l140","l141","l142","l143","l144","l145","l146","l147","l148"]],["GetLoops",["b136"],[],["l149","l150","l151","l152","l153","l154","l155","l156","l157"]],["GetLoops",["b137"],[],["l158","l159","l160","l161","l162","l163","l164","l165","l166","l167","l168","l169","l170","l171","l172","l173","l174","l175","l176","l177"]],["GetLoops",["b138"],[],["l178","l179","l180","l181","l182","l183","l184"]],["GetLoops",["b139"],[],["l185","l186","l187"]],["GetBlock",[],["conv2d_nhwc","main"],["b188"]],["GetLoops",["b188"],[],["l189","l190","l191","l192","l193","l194","l195","l196","l197","l198","l199","l200","l201","l202","l203","l204","l205","l206","l207","l208"]],["DecomposeReduction",["b188","l192"],[],["b209"]]],[[12,[1,1,2,1,4]],[14,[1,1,5,1,3]],[16,[15,1,1,1,1]],[18,[12,1,10,4,1]],[20,[1,1,1]],[22,[1,1,1]],[24,[40,2,1]],[41,2],[47,1],[56,0]]],[0],{"arch":"sm_70","keys":["cuda","gpu"],"kind":"cuda","max_num_threads":1024,"max_shared_memory_per_block":49152,"max_threads_per_block":1024,"registers_per_block":65536,"tag":"","thread_warp_size":32},[["TENSOR","float32",[8,15,15,80]],["TENSOR","float32",[1,1,80,480]],["TENSOR","float32",[1,1,1,480]],["TENSOR","float32",[8,15,15,480]]]]]
[0,[[[["GetBlock",[],["pad_temp","main"],["b0"]],["GetBlock",[],["conv2d_nhwc","main"],["b1"]],["GetBlock",[],["T_add","main"],["b2"]],["GetBlock",[],["compile_engine_const","main"],["b3"]],["GetBlock",[],["T_add_1","main"],["b4"]],["GetBlock",[],["compute","main"],["b5"]],["GetBlock",[],["compile_engine_const_1","main"],["b6"]],["GetBlock",[],["T_divide","main"],["b7"]],["GetBlock",[],["T_multiply","main"],["b8"]],["GetBlock",[],["root","main"],["b9"]],["Annotate",["b1","\"SSSRRSRS\""],["meta_schedule.tiling_structure"],[]],["GetLoops",["b1"],[],["l10","l11","l12","l13","l14","l15","l16"]],["SamplePerfectTile",["l10"],[5,64],["v17","v18","v19","v20","v21"]],["Split",["l10","v17","v18","v19","v20","v21"],[1],["l22","l23","l24","l25","l26"]],["SamplePerfectTile",["l11"],[5,64],["v27","v28","v29","v30","v31"]],["Split",["l11","v27","v28","v29","v30","v31"],[1],["l32","l33","l34","l35","l36"]],["SamplePerfectTile",["l12"],[5,64],["v37","v38","v39","v40","v41"]],["Split",["l12","v37","v38","v39","v40","v41"],[1],["l42","l43","l44","l45","l46"]],["SamplePerfectTile",["l13"],[5,64],["v47","v48","v49","v50","v51"]],["Split",["l13","v47","v48","v49","v50","v51"],[1],["l52","l53","l54","l55","l56"]],["SamplePerfectTile",["l14"],[3,64],["v57","v58","v59"]],["Split",["l14","v57","v58","v59"],[1],["l60","l61","l62"]],["SamplePerfectTile",["l15"],[3,64],["v63","v64","v65"]],["Split",["l15","v63","v64","v65"],[1],["l66","l67","l68"]],["SamplePerfectTile",["l16"],[3,64],["v69","v70","v71"]],["Split",["l16","v69","v70","v71"],[1],["l72","l73","l74"]],["Reorder",["l22","l32","l42","l52","l23","l33","l43","l53","l24","l34","l44","l54","l60","l66","l72","l61","l67","l73","l25","l35","l45","l55","l62","l68","l74","l26","l36","l46","l56"],[],[]],["Fuse",["l22","l32","l42","l52"],[1],["l75"]],["Bind",["l75"],["blockIdx.x"],[]],["Fuse",["l23","l33","l43","l53"],[1],["l76"]],["Bind",["l76"],["vthread.x"],[]],["Fuse",["l24","l34","l44","l54"],[1],["l77"]],["Bind",["l77"],["threadIdx.x"],[]],["Annotate",["b1",32],["meta_schedule.thread_extent_low_inclusive"],[]],["Annotate",["b1",1024],["meta_schedule.thread_extent_high_inclusive"],[]],["CacheWrite",["b1",[]],[0,"local"],["b78"]],["ReverseComputeAt",["b78","l77"],[1,-1],[]],["CacheRead",["b1",["b1"]],[0,"shared"],["b79"]],["ComputeAt",["b79","l72"],[1,-1],[]],["GetLoops",["b79"],[],["l80","l81","l82","l83","l84","l85","l86","l87","l88","l89"]],["Fuse",["l86","l87","l88","l89"],[1],["l90"]],["SampleCategorical",[],[[1,2,3,4],[0.25,0.25,0.25,0.25]],["v91"]],["Annotate",["b79","v91"],["meta_schedule.cooperative_fetch"],[]],["CacheRead",["b1",["b1"]],[1,"shared"],["b92"]],["ComputeAt",["b92","l72"],[1,-1],[]],["GetLoops",["b92"],[],["l93","l94","l95","l96","l97","l98","l99","l100","l101","l102"]],["Fuse",["l99","l100","l101","l102"],[1],["l103"]],["SampleCategorical",[],[[1,2,3,4],[0.25,0.25,0.25,0.25]],["v104"]],["Annotate",["b92","v104"],["meta_schedule.cooperative_fetch"],[]],["ComputeInline",["b6"],[],[]],["ComputeInline",["b3"],[],[]],["ComputeInline",["b7"],[],[]],["ComputeInline",["b5"],[],[]],["ComputeInline",["b4"],[],[]],["ComputeInline",["b2"],[],[]],["ComputeInline",["b0"],[],[]],["SampleCategorical",[],[[0,16,64,512,1024],[0.2000000000000000111,0.2000000000000000111,0.2000000000000000111,0.2000000000000000111,0.2000000000000000111]],["v105"]],["Annotate",["b9","v105"],["meta_schedule.unroll_explicit"],[]],["GetLoops",["b8"],[],["l106","l107","l108","l109"]],["Fuse",["l106","l107","l108","l109"],[1],["l110"]],["Split",["l110","None",256,1024],[1],["l111","l112","l113"]],["Reorder",["l112","l113","l111"],[],[]],["Bind",["l112"],["blockIdx.x"],[]],["Bind",["l113"],["threadIdx.x"],[]],["EnterPostproc",[],[],[]],["Unannotate",["b79"],["meta_schedule.cooperative_fetch"],[]],["GetLoops",["b79"],[],["l114","l115","l116","l117","l118","l119","l120"]],["Split",["l120","None",120,4],[1],["l121","l122","l123"]],["Vectorize",["l123"],[],[]],["Bind",["l122"],["threadIdx.x"],[]],["Unannotate",["b92"],["meta_schedule.cooperative_fetch"],[]],["GetLoops",["b92"],[],["l124","l125","l126","l127","l128","l129","l130"]],["Split",["l130","None",120,3],[1],["l131","l132","l133"]],["Vectorize",["l133"],[],[]],["Bind",["l132"],["threadIdx.x"],[]],["GetBlock",[],["root","main"],["b134"]],["Unannotate",["b134"],["meta_schedule.unroll_explicit"],[]],["GetChildBlocks",["b134"],[],["b135","b136","b137","b138","b139"]],["GetLoops",["b135"],[],["l140","l141","l142","l143","l144","l145","l146","l147","l148"]],["Annotate",["l140",16],["pragma_auto_unroll_max_step"],[]],["Annotate",["l140",1],["pragma_unroll_explicit"],[]],["GetLoops",["b136"],[],["l149","l150","l151","l152","l153","l154","l155","l156","l157"]],["Annotate",["l149",16],["pragma_auto_unroll_max_step"],[]],["Annotate",["l149",1],["pragma_unroll_explicit"],[]],["GetLoops",["b137"],[],["l158","l159","l160","l161","l162","l163","l164","l165","l166","l167","l168","l169","l170","l171","l172","l173","l174","l175","l176","l177"]],["Annotate",["l158",16],["pragma_auto_unroll_max_step"],[]],["Annotate",["l158",1],["pragma_unroll_explicit"],[]],["GetLoops",["b138"],[],["l178","l179","l180","l181","l182","l183","l184"]],["Annotate",["l178",16],["pragma_auto_unroll_max_step"],[]],["Annotate",["l178",1],["pragma_unroll_explicit"],[]],["GetLoops",["b139"],[],["l185","l186","l187"]],["Annotate",["l185",16],["pragma_auto_unroll_max_step"],[]],["Annotate",["l185",1],["pragma_unroll_explicit"],[]],["GetBlock",[],["conv2d_nhwc","main"],["b188"]],["GetLoops",["b188"],[],["l189","l190","l191","l192","l193","l194","l195","l196","l197","l198","l199","l200","l201","l202","l203","l204","l205","l206","l207","l208"]],["DecomposeReduction",["b188","l192"],[],["b209"]]],[[12,[1,2,1,4,1]],[14,[1,1,1,1,15]],[16,[1,1,15,1,1]],[18,[2,5,8,3,2]],[20,[1,1,1]],[22,[1,1,1]],[24,[40,2,1]],[41,3],[47,2],[56,1]]],[0],{"arch":"sm_70","keys":["cuda","gpu"],"kind":"cuda","max_num_threads":1024,"max_shared_memory_per_block":49152,"max_threads_per_block":1024,"registers_per_block":65536,"tag":"","thread_warp_size":32},[["TENSOR","float32",[8,15,15,80]],["TENSOR","float32",[1,1,80,480]],["TENSOR","float32",[1,1,1,480]],["TENSOR","float32",[8,15,15,480]]]]]
[0,[[[["GetBlock",[],["pad_temp","main"],["b0"]],["GetBlock",[],["conv2d_nhwc","main"],["b1"]],["GetBlock",[],["T_add","main"],["b2"]],["GetBlock",[],["compile_engine_const","main"],["b3"]],["GetBlock",[],["T_add_1","main"],["b4"]],["GetBlock",[],["compute","main"],["b5"]],["GetBlock",[],["compile_engine_const_1","main"],["b6"]],["GetBlock",[],["T_divide","main"],["b7"]],["GetBlock",[],["T_multiply","main"],["b8"]],["GetBlock",[],["root","main"],["b9"]],["Annotate",["b1","\"SSSRRSRS\""],["meta_schedule.tiling_structure"],[]],["GetLoops",["b1"],[],["l10","l11","l12","l13","l14","l15","l16"]],["SamplePerfectTile",["l10"],[5,64],["v17","v18","v19","v20","v21"]],["Split",["l10","v17","v18","v19","v20","v21"],[1],["l22","l23","l24","l25","l26"]],["SamplePerfectTile",["l11"],[5,64],["v27","v28","v29","v30","v31"]],["Split",["l11","v27","v28","v29","v30","v31"],[1],["l32","l33","l34","l35","l36"]],["SamplePerfectTile",["l12"],[5,64],["v37","v38","v39","v40","v41"]],["Split",["l12","v37","v38","v39","v40","v41"],[1],["l42","l43","l44","l45","l46"]],["SamplePerfectTile",["l13"],[5,64],["v47","v48","v49","v50","v51"]],["Split",["l13","v47","v48","v49","v50","v51"],[1],["l52","l53","l54","l55","l56"]],["SamplePerfectTile",["l14"],[3,64],["v57","v58","v59"]],["Split",["l14","v57","v58","v59"],[1],["l60","l61","l62"]],["SamplePerfectTile",["l15"],[3,64],["v63","v64","v65"]],["Split",["l15","v63","v64","v65"],[1],["l66","l67","l68"]],["SamplePerfectTile",["l16"],[3,64],["v69","v70","v71"]],["Split",["l16","v69","v70","v71"],[1],["l72","l73","l74"]],["Reorder",["l22","l32","l42","l52","l23","l33","l43","l53","l24","l34","l44","l54","l60","l66","l72","l61","l67","l73","l25","l35","l45","l55","l62","l68","l74","l26","l36","l46","l56"],[],[]],["Fuse",["l22","l32","l42","l52"],[1],["l75"]],["Bind",["l75"],["blockIdx.x"],[]],["Fuse",["l23","l33","l43","l53"],[1],["l76"]],["Bind",["l76"],["vthread.x"],[]],["Fuse",["l24","l34","l44","l54"],[1],["l77"]],["Bind",["l77"],["threadIdx.x"],[]],["Annotate",["b1",32],["meta_schedule.thread_extent_low_inclusive"],[]],["Annotate",["b1",1024],["meta_schedule.thread_extent_high_inclusive"],[]],["CacheWrite",["b1",[]],[0,"local"],["b78"]],["ReverseComputeAt",["b78","l77"],[1,-1],[]],["CacheRead",["b1",["b1"]],[0,"shared"],["b79"]],["ComputeAt",["b79","l72"],[1,-1],[]],["GetLoops",["b79"],[],["l80","l81","l82","l83","l84","l85","l86","l87","l88","l89"]],["Fuse",["l86","l87","l88","l89"],[1],["l90"]],["SampleCategorical",[],[[1,2,3,4],[0.25,0.25,0.25,0.25]],["v91"]],["Annotate",["b79","v91"],["meta_schedule.cooperative_fetch"],[]],["CacheRead",["b1",["b1"]],[1,"shared"],["b92"]],["ComputeAt",["b92","l72"],[1,-1],[]],["GetLoops",["b92"],[],["l93","l94","l95","l96","l97","l98","l99","l100","l101","l102"]],["Fuse",["l99","l100","l101","l102"],[1],["l103"]],["SampleCategorical",[],[[1,2,3,4],[0.25,0.25,0.25,0.25]],["v104"]],["Annotate",["b92","v104"],["meta_schedule.cooperative_fetch"],[]],["ComputeInline",["b6"],[],[]],["ComputeInline",["b3"],[],[]],["ComputeInline",["b7"],[],[]],["ComputeInline",["b5"],[],[]],["ComputeInline",["b4"],[],[]],["ComputeInline",["b2"],[],[]],["ComputeInline",["b0"],[],[]],["SampleCategorical",[],[[0,16,64,512,1024],[0.2000000000000000111,0.2000000000000000111,0.2000000000000000111,0.2000000000000000111,0.2000000000000000111]],["v105"]],["Annotate",["b9","v105"],["meta_schedule.unroll_explicit"],[]],["GetLoops",["b8"],[],["l106","l107","l108","l109"]],["Fuse",["l106","l107","l108","l109"],[1],["l110"]],["Split",["l110","None",256,1024],[1],["l111","l112","l113"]],["Reorder",["l112","l113","l111"],[],[]],["Bind",["l112"],["blockIdx.x"],[]],["Bind",["l113"],["threadIdx.x"],[]],["EnterPostproc",[],[],[]],["Unannotate",["b79"],["meta_schedule.cooperative_fetch"],[]],["GetLoops",["b79"],[],["l114","l115","l116","l117","l118","l119","l120"]],["Split",["l120","None",200,2],[1],["l121","l122","l123"]],["Vectorize",["l123"],[],[]],["Bind",["l122"],["threadIdx.x"],[]],["Unannotate",["b92"],["meta_schedule.cooperative_fetch"],[]],["GetLoops",["b92"],[],["l124","l125","l126","l127","l128","l129","l130"]],["Split",["l130","None",200,4],[1],["l131","l132","l133"]],["Vectorize",["l133"],[],[]],["Bind",["l132"],["threadIdx.x"],[]],["GetBlock",[],["root","main"],["b134"]],["Unannotate",["b134"],["meta_schedule.unroll_explicit"],[]],["GetChildBlocks",["b134"],[],["b135","b136","b137","b138","b139"]],["GetLoops",["b135"],[],["l140","l141","l142","l143","l144","l145","l146","l147","l148"]],["GetLoops",["b136"],[],["l149","l150","l151","l152","l153","l154","l155","l156","l157"]],["GetLoops",["b137"],[],["l158","l159","l160","l161","l162","l163","l164","l165","l166","l167","l168","l169","l170","l171","l172","l173","l174","l175","l176","l177"]],["GetLoops",["b138"],[],["l178","l179","l180","l181","l182","l183","l184"]],["GetLoops",["b139"],[],["l185","l186","l187"]],["GetBlock",[],["conv2d_nhwc","main"],["b188"]],["GetLoops",["b188"],[],["l189","l190","l191","l192","l193","l194","l195","l196","l197","l198","l199","l200","l201","l202","l203","l204","l205","l206","l207","l208"]],["DecomposeReduction",["b188","l192"],[],["b209"]]],[[12,[2,2,2,1,1]],[14,[3,1,5,1,1]],[16,[1,1,5,1,3]],[18,[3,8,4,5,1]],[20,[1,1,1]],[22,[1,1,1]],[24,[40,2,1]],[41,1],[47,3],[56,0]]],[0],{"arch":"sm_70","keys":["cuda","gpu"],"kind":"cuda","max_num_threads":1024,"max_shared_memory_per_block":49152,"max_threads_per_block":1024,"registers_per_block":65536,"tag":"","thread_warp_size":32},[["TENSOR","float32",[8,15,15,80]],["TENSOR","float32",[1,1,80,480]],["TENSOR","float32",[1,1,1,480]],["TENSOR","float32",[8,15,15,480]]]]]
[0,[[[["GetBlock",[],["pad_temp","main"],["b0"]],["GetBlock",[],["conv2d_nhwc","main"],["b1"]],["GetBlock",[],["T_add","main"],["b2"]],["GetBlock",[],["compile_engine_const","main"],["b3"]],["GetBlock",[],["T_add_1","main"],["b4"]],["GetBlock",[],["compute","main"],["b5"]],["GetBlock",[],["compile_engine_const_1","main"],["b6"]],["GetBlock",[],["T_divide","main"],["b7"]],["GetBlock",[],["T_multiply","main"],["b8"]],["GetBlock",[],["root","main"],["b9"]],["Annotate",["b1","\"SSSRRSRS\""],["meta_schedule.tiling_structure"],[]],["GetLoops",["b1"],[],["l10","l11","l12","l13","l14","l15","l16"]],["SamplePerfectTile",["l10"],[5,64],["v17","v18","v19","v20","v21"]],["Split",["l10","v17","v18","v19","v20","v21"],[1],["l22","l23","l24","l25","l26"]],["SamplePerfectTile",["l11"],[5,64],["v27","v28","v29","v30","v31"]],["Split",["l11","v27","v28","v29","v30","v31"],[1],["l32","l33","l34","l35","l36"]],["SamplePerfectTile",["l12"],[5,64],["v37","v38","v39","v40","v41"]],["Split",["l12","v37","v38","v39","v40","v41"],[1],["l42","l43","l44","l45","l46"]],["SamplePerfectTile",["l13"],[5,64],["v47","v48","v49","v50","v51"]],["Split",["l13","v47","v48","v49","v50","v51"],[1],["l52","l53","l54","l55","l56"]],["SamplePerfectTile",["l14"],[3,64],["v57","v58","v59"]],["Split",["l14","v57","v58","v59"],[1],["l60","l61","l62"]],["SamplePerfectTile",["l15"],[3,64],["v63","v64","v65"]],["Split",["l15","v63","v64","v65"],[1],["l66","l67","l68"]],["SamplePerfectTile",["l16"],[3,64],["v69","v70","v71"]],["Split",["l16","v69","v70","v71"],[1],["l72","l73","l74"]],["Reorder",["l22","l32","l42","l52","l23","l33","l43","l53","l24","l34","l44","l54","l60","l66","l72","l61","l67","l73","l25","l35","l45","l55","l62","l68","l74","l26","l36","l46","l56"],[],[]],["Fuse",["l22","l32","l42","l52"],[1],["l75"]],["Bind",["l75"],["blockIdx.x"],[]],["Fuse",["l23","l33","l43","l53"],[1],["l76"]],["Bind",["l76"],["vthread.x"],[]],["Fuse",["l24","l34","l44","l54"],[1],["l77"]],["Bind",["l77"],["threadIdx.x"],[]],["Annotate",["b1",32],["meta_schedule.thread_extent_low_inclusive"],[]],["Annotate",["b1",1024],["meta_schedule.thread_extent_high_inclusive"],[]],["CacheWrite",["b1",[]],[0,"local"],["b78"]],["ReverseComputeAt",["b78","l77"],[1,-1],[]],["CacheRead",["b1",["b1"]],[0,"shared"],["b79"]],["ComputeAt",["b79","l72"],[1,-1],[]],["GetLoops",["b79"],[],["l80","l81","l82","l83","l84","l85","l86","l87","l88","l89"]],["Fuse",["l86","l87","l88","l89"],[1],["l90"]],["SampleCategorical",[],[[1,2,3,4],[0.25,0.25,0.25,0.25]],["v91"]],["Annotate",["b79","v91"],["meta_schedule.cooperative_fetch"],[]],["CacheRead",["b1",["b1"]],[1,"shared"],["b92"]],["ComputeAt",["b92","l72"],[1,-1],[]],["GetLoops",["b92"],[],["l93","l94","l95","l96","l97","l98","l99","l100","l101","l102"]],["Fuse",["l99","l100","l101","l102"],[1],["l103"]],["SampleCategorical",[],[[1,2,3,4],[0.25,0.25,0.25,0.25]],["v104"]],["Annotate",["b92","v104"],["meta_schedule.cooperative_fetch"],[]],["ComputeInline",["b6"],[],[]],["ComputeInline",["b3"],[],[]],["ComputeInline",["b7"],[],[]],["ComputeInline",["b5"],[],[]],["ComputeInline",["b4"],[],[]],["ComputeInline",["b2"],[],[]],["ComputeInline",["b0"],[],[]],["SampleCategorical",[],[[0,16,64,512,1024],[0.2000000000000000111,0.2000000000000000111,0.2000000000000000111,0.2000000000000000111,0.2000000000000000111]],["v105"]],["Annotate",["b9","v105"],["meta_schedule.unroll_explicit"],[]],["GetLoops",["b8"],[],["l106","l107","l108","l109"]],["Fuse",["l106","l107","l108","l109"],[1],["l110"]],["Split",["l110","None",256,1024],[1],["l111","l112","l113"]],["Reorder",["l112","l113","l111"],[],[]],["Bind",["l112"],["blockIdx.x"],[]],["Bind",["l113"],["threadIdx.x"],[]],["EnterPostproc",[],[],[]],["Unannotate",["b79"],["meta_schedule.cooperative_fetch"],[]],["GetLoops",["b79"],[],["l114","l115","l116","l117","l118","l119","l120"]],["Split",["l120","None",45,3],[1],["l121","l122","l123"]],["Vectorize",["l123"],[],[]],["Bind",["l122"],["threadIdx.x"],[]],["Unannotate",["b92"],["meta_schedule.cooperative_fetch"],[]],["GetLoops",["b92"],[],["l124","l125","l126","l127","l128","l129","l130"]],["Split",["l130","None",45],[1],["l131","l132"]],["Bind",["l132"],["threadIdx.x"],[]],["GetBlock",[],["root","main"],["b133"]],["Unannotate",["b133"],["meta_schedule.unroll_explicit"],[]],["GetChildBlocks",["b133"],[],["b134","b135","b136","b137","b138"]],["GetLoops",["b134"],[],["l139","l140","l141","l142","l143","l144","l145","l146","l147"]],["Annotate",["l139",1024],["pragma_auto_unroll_max_step"],[]],["Annotate",["l139",1],["pragma_unroll_explicit"],[]],["GetLoops",["b135"],[],["l148","l149","l150","l151","l152","l153","l154","l155"]],["Annotate",["l148",1024],["pragma_auto_unroll_max_step"],[]],["Annotate",["l148",1],["pragma_unroll_explicit"],[]],["GetLoops",["b136"],[],["l156","l157","l158","l159","l160","l161","l162","l163","l164","l165","l166","l167","l168","l169","l170","l171","l172","l173","l174","l175"]],["Annotate",["l156",1024],["pragma_auto_unroll_max_step"],[]],["Annotate",["l156",1],["pragma_unroll_explicit"],[]],["GetLoops",["b137"],[],["l176","l177","l178","l179","l180","l181","l182"]],["Annotate",["l176",1024],["pragma_auto_unroll_max_step"],[]],["Annotate",["l176",1],["pragma_unroll_explicit"],[]],["GetLoops",["b138"],[],["l183","l184","l185"]],["Annotate",["l183",1024],["pragma_auto_unroll_max_step"],[]],["Annotate",["l183",1],["pragma_unroll_explicit"],[]],["GetBlock",[],["conv2d_nhwc","main"],["b186"]],["GetLoops",["b186"],[],["l187","l188","l189","l190","l191","l192","l193","l194","l195","l196","l197","l198","l199","l200","l201","l202","l203","l204","l205","l206"]],["DecomposeReduction",["b186","l190"],[],["b207"]]],[[12,[1,1,1,8,1]],[14,[5,1,3,1,1]],[16,[5,1,3,1,1]],[18,[6,1,5,16,1]],[20,[1,1,1]],[22,[1,1,1]],[24,[5,8,2]],[41,2],[47,0],[56,4]]],[0],{"arch":"sm_70","keys":["cuda","gpu"],"kind":"cuda","max_num_threads":1024,"max_shared_memory_per_block":49152,"max_threads_per_block":1024,"registers_per_block":65536,"tag":"","thread_warp_size":32},[["TENSOR","float32",[8,15,15,80]],["TENSOR","float32",[1,1,80,480]],["TENSOR","float32",[1,1,1,480]],["TENSOR","float32",[8,15,15,480]]]]]
[0,[[[["GetBlock",[],["pad_temp","main"],["b0"]],["GetBlock",[],["conv2d_nhwc","main"],["b1"]],["GetBlock",[],["T_add","main"],["b2"]],["GetBlock",[],["compile_engine_const","main"],["b3"]],["GetBlock",[],["T_add_1","main"],["b4"]],["GetBlock",[],["compute","main"],["b5"]],["GetBlock",[],["compile_engine_const_1","main"],["b6"]],["GetBlock",[],["T_divide","main"],["b7"]],["GetBlock",[],["T_multiply","main"],["b8"]],["GetBlock",[],["root","main"],["b9"]],["Annotate",["b1","\"SSSRRSRS\""],["meta_schedule.tiling_structure"],[]],["GetLoops",["b1"],[],["l10","l11","l12","l13","l14","l15","l16"]],["SamplePerfectTile",["l10"],[5,64],["v17","v18","v19","v20","v21"]],["Split",["l10","v17","v18","v19","v20","v21"],[1],["l22","l23","l24","l25","l26"]],["SamplePerfectTile",["l11"],[5,64],["v27","v28","v29","v30","v31"]],["Split",["l11","v27","v28","v29","v30","v31"],[1],["l32","l33","l34","l35","l36"]],["SamplePerfectTile",["l12"],[5,64],["v37","v38","v39","v40","v41"]],["Split",["l12","v37","v38","v39","v40","v41"],[1],["l42","l43","l44","l45","l46"]],["SamplePerfectTile",["l13"],[5,64],["v47","v48","v49","v50","v51"]],["Split",["l13","v47","v48","v49","v50","v51"],[1],["l52","l53","l54","l55","l56"]],["SamplePerfectTile",["l14"],[3,64],["v57","v58","v59"]],["Split",["l14","v57","v58","v59"],[1],["l60","l61","l62"]],["SamplePerfectTile",["l15"],[3,64],["v63","v64","v65"]],["Split",["l15","v63","v64","v65"],[1],["l66","l67","l68"]],["SamplePerfectTile",["l16"],[3,64],["v69","v70","v71"]],["Split",["l16","v69","v70","v71"],[1],["l72","l73","l74"]],["Reorder",["l22","l32","l42","l52","l23","l33","l43","l53","l24","l34","l44","l54","l60","l66","l72","l61","l67","l73","l25","l35","l45","l55","l62","l68","l74","l26","l36","l46","l56"],[],[]],["Fuse",["l22","l32","l42","l52"],[1],["l75"]],["Bind",["l75"],["blockIdx.x"],[]],["Fuse",["l23","l33","l43","l53"],[1],["l76"]],["Bind",["l76"],["vthread.x"],[]],["Fuse",["l24","l34","l44","l54"],[1],["l77"]],["Bind",["l77"],["threadIdx.x"],[]],["Annotate",["b1",32],["meta_schedule.thread_extent_low_inclusive"],[]],["Annotate",["b1",1024],["meta_schedule.thread_extent_high_inclusive"],[]],["CacheWrite",["b1",[]],[0,"local"],["b78"]],["ReverseComputeAt",["b78","l77"],[1,-1],[]],["CacheRead",["b1",["b1"]],[0,"shared"],["b79"]],["ComputeAt",["b79","l72"],[1,-1],[]],["GetLoops",["b79"],[],["l80","l81","l82","l83","l84","l85","l86","l87","l88","l89"]],["Fuse",["l86","l87","l88","l89"],[1],["l90"]],["SampleCategorical",[],[[1,2,3,4],[0.25,0.25,0.25,0.25]],["v91"]],["Annotate",["b79","v91"],["meta_schedule.cooperative_fetch"],[]],["CacheRead",["b1",["b1"]],[1,"shared"],["b92"]],["ComputeAt",["b92","l72"],[1,-1],[]],["GetLoops",["b92"],[],["l93","l94","l95","l96","l97","l98","l99","l100","l101","l102"]],["Fuse",["l99","l100","l101","l102"],[1],["l103"]],["SampleCategorical",[],[[1,2,3,4],[0.25,0.25,0.25,0.25]],["v104"]],["Annotate",["b92","v104"],["meta_schedule.cooperative_fetch"],[]],["ComputeInline",["b6"],[],[]],["ComputeInline",["b3"],[],[]],["ComputeInline",["b7"],[],[]],["ComputeInline",["b5"],[],[]],["ComputeInline",["b4"],[],[]],["ComputeInline",["b2"],[],[]],["ComputeInline",["b0"],[],[]],["SampleCategorical",[],[[0,16,64,512,1024],[0.2000000000000000111,0.2000000000000000111,0.2000000000000000111,0.2000000000000000111,0.2000000000000000111]],["v105"]],["Annotate",["b9","v105"],["meta_schedule.unroll_explicit"],[]],["GetLoops",["b8"],[],["l106","l107","l108","l109"]],["Fuse",["l106","l107","l108","l109"],[1],["l110"]],["Split",["l110","None",256,1024],[1],["l111","l112","l113"]],["Reorder",["l112","l113","l111"],[],[]],["Bind",["l112"],["blockIdx.x"],[]],["Bind",["l113"],["threadIdx.x"],[]],["EnterPostproc",[],[],[]],["Unannotate",["b79"],["meta_schedule.cooperative_fetch"],[]],["GetLoops",["b79"],[],["l114","l115","l116","l117","l118","l119","l120"]],["Split",["l120","None",90,2],[1],["l121","l122","l123"]],["Vectorize",["l123"],[],[]],["Bind",["l122"],["threadIdx.x"],[]],["Unannotate",["b92"],["meta_schedule.cooperative_fetch"],[]],["GetLoops",["b92"],[],["l124","l125","l126","l127","l128","l129","l130"]],["Split",["l130","None",90,2],[1],["l131","l132","l133"]],["Vectorize",["l133"],[],[]],["Bind",["l132"],["threadIdx.x"],[]],["GetBlock",[],["root","main"],["b134"]],["Unannotate",["b134"],["meta_schedule.unroll_explicit"],[]],["GetChildBlocks",["b134"],[],["b135","b136","b137","b138","b139"]],["GetLoops",["b135"],[],["l140","l141","l142","l143","l144","l145","l146","l147","l148"]],["Annotate",["l140",512],["pragma_auto_unroll_max_step"],[]],["Annotate",["l140",1],["pragma_unroll_explicit"],[]],["GetLoops",["b136"],[],["l149","l150","l151","l152","l153","l154","l155","l156","l157"]],["Annotate",["l149",512],["pragma_auto_unroll_max_step"],[]],["Annotate",["l149",1],["pragma_unroll_explicit"],[]],["GetLoops",["b137"],[],["l158","l159","l160","l161","l162","l163","l164","l165","l166","l167","l168","l169","l170","l171","l172","l173","l174","l175","l176","l177"]],["Annotate",["l158",512],["pragma_auto_unroll_max_step"],[]],["Annotate",["l158",1],["pragma_unroll_explicit"],[]],["GetLoops",["b138"],[],["l178","l179","l180","l181","l182","l183","l184"]],["Annotate",["l178",512],["pragma_auto_unroll_max_step"],[]],["Annotate",["l178",1],["pragma_unroll_explicit"],[]],["GetLoops",["b139"],[],["l185","l186","l187"]],["Annotate",["l185",512],["pragma_auto_unroll_max_step"],[]],["Annotate",["l185",1],["pragma_unroll_explicit"],[]],["GetBlock",[],["conv2d_nhwc","main"],["b188"]],["GetLoops",["b188"],[],["l189","l190","l191","l192","l193","l194","l195","l196","l197","l198","l199","l200","l201","l202","l203","l204","l205","l206","l207","l208"]],["DecomposeReduction",["b188","l192"],[],["b209"]]],[[12,[1,2,2,1,2]],[14,[1,5,1,1,3]],[16,[1,1,15,1,1]],[18,[2,10,3,8,1]],[20,[1,1,1]],[22,[1,1,1]],[24,[20,1,4]],[41,1],[47,1],[56,3]]],[0],{"arch":"sm_70","keys":["cuda","gpu"],"kind":"cuda","max_num_threads":1024,"max_shared_memory_per_block":49152,"max_threads_per_block":1024,"registers_per_block":65536,"tag":"","thread_warp_size":32},[["TENSOR","float32",[8,15,15,80]],["TENSOR","float32",[1,1,80,480]],["TENSOR","float32",[1,1,1,480]],["TENSOR","float32",[8,15,15,480]]]]]
[0,[[[["GetBlock",[],["pad_temp","main"],["b0"]],["GetBlock",[],["conv2d_nhwc","main"],["b1"]],["GetBlock",[],["T_add","main"],["b2"]],["GetBlock",[],["compile_engine_const","main"],["b3"]],["GetBlock",[],["T_add_1","main"],["b4"]],["GetBlock",[],["compute","main"],["b5"]],["GetBlock",[],["compile_engine_const_1","main"],["b6"]],["GetBlock",[],["T_divide","main"],["b7"]],["GetBlock",[],["T_multiply","main"],["b8"]],["GetBlock",[],["root","main"],["b9"]],["Annotate",["b1","\"SSSRRSRS\""],["meta_schedule.tiling_structure"],[]],["GetLoops",["b1"],[],["l10","l11","l12","l13","l14","l15","l16"]],["SamplePerfectTile",["l10"],[5,64],["v17","v18","v19","v20","v21"]],["Split",["l10","v17","v18","v19","v20","v21"],[1],["l22","l23","l24","l25","l26"]],["SamplePerfectTile",["l11"],[5,64],["v27","v28","v29","v30","v31"]],["Split",["l11","v27","v28","v29","v30","v31"],[1],["l32","l33","l34","l35","l36"]],["SamplePerfectTile",["l12"],[5,64],["v37","v38","v39","v40","v41"]],["Split",["l12","v37","v38","v39","v40","v41"],[1],["l42","l43","l44","l45","l46"]],["SamplePerfectTile",["l13"],[5,64],["v47","v48","v49","v50","v51"]],["Split",["l13","v47","v48","v49","v50","v51"],[1],["l52","l53","l54","l55","l56"]],["SamplePerfectTile",["l14"],[3,64],["v57","v58","v59"]],["Split",["l14","v57","v58","v59"],[1],["l60","l61","l62"]],["SamplePerfectTile",["l15"],[3,64],["v63","v64","v65"]],["Split",["l15","v63","v64","v65"],[1],["l66","l67","l68"]],["SamplePerfectTile",["l16"],[3,64],["v69","v70","v71"]],["Split",["l16","v69","v70","v71"],[1],["l72","l73","l74"]],["Reorder",["l22","l32","l42","l52","l23","l33","l43","l53","l24","l34","l44","l54","l60","l66","l72","l61","l67","l73","l25","l35","l45","l55","l62","l68","l74","l26","l36","l46","l56"],[],[]],["Fuse",["l22","l32","l42","l52"],[1],["l75"]],["Bind",["l75"],["blockIdx.x"],[]],["Fuse",["l23","l33","l43","l53"],[1],["l76"]],["Bind",["l76"],["vthread.x"],[]],["Fuse",["l24","l34","l44","l54"],[1],["l77"]],["Bind",["l77"],["threadIdx.x"],[]],["Annotate",["b1",32],["meta_schedule.thread_extent_low_inclusive"],[]],["Annotate",["b1",1024],["meta_schedule.thread_extent_high_inclusive"],[]],["CacheWrite",["b1",[]],[0,"local"],["b78"]],["ReverseComputeAt",["b78","l77"],[1,-1],[]],["CacheRead",["b1",["b1"]],[0,"shared"],["b79"]],["ComputeAt",["b79","l72"],[1,-1],[]],["GetLoops",["b79"],[],["l80","l81","l82","l83","l84","l85","l86","l87","l88","l89"]],["Fuse",["l86","l87","l88","l89"],[1],["l90"]],["SampleCategorical",[],[[1,2,3,4],[0.25,0.25,0.25,0.25]],["v91"]],["Annotate",["b79","v91"],["meta_schedule.cooperative_fetch"],[]],["CacheRead",["b1",["b1"]],[1,"shared"],["b92"]],["ComputeAt",["b92","l72"],[1,-1],[]],["GetLoops",["b92"],[],["l93","l94","l95","l96","l97","l98","l99","l100","l101","l102"]],["Fuse",["l99","l100","l101","l102"],[1],["l103"]],["SampleCategorical",[],[[1,2,3,4],[0.25,0.25,0.25,0.25]],["v104"]],["Annotate",["b92","v104"],["meta_schedule.cooperative_fetch"],[]],["ComputeInline",["b6"],[],[]],["ComputeInline",["b3"],[],[]],["ComputeInline",["b7"],[],[]],["ComputeInline",["b5"],[],[]],["ComputeInline",["b4"],[],[]],["ComputeInline",["b2"],[],[]],["ComputeInline",["b0"],[],[]],["SampleCategorical",[],[[0,16,64,512,1024],[0.2000000000000000111,0.2000000000000000111,0.2000000000000000111,0.2000000000000000111,0.2000000000000000111]],["v105"]],["Annotate",["b9","v105"],["meta_schedule.unroll_explicit"],[]],["GetLoops",["b8"],[],["l106","l107","l108","l109"]],["Fuse",["l106","l107","l108","l109"],[1],["l110"]],["Split",["l110","None",256,1024],[1],["l111","l112","l113"]],["Reorder",["l112","l113","l111"],[],[]],["Bind",["l112"],["blockIdx.x"],[]],["Bind",["l113"],["threadIdx.x"],[]],["EnterPostproc",[],[],[]],["Unannotate",["b79"],["meta_schedule.cooperative_fetch"],[]],["GetLoops",["b79"],[],["l114","l115","l116","l117","l118","l119","l120"]],["Split",["l120","None",240,3],[1],["l121","l122","l123"]],["Vectorize",["l123"],[],[]],["Bind",["l122"],["threadIdx.x"],[]],["Unannotate",["b92"],["meta_schedule.cooperative_fetch"],[]],["GetLoops",["b92"],[],["l124","l125","l126","l127","l128","l129","l130"]],["Split",["l130","None",240,4],[1],["l131","l132","l133"]],["Vectorize",["l133"],[],[]],["Bind",["l132"],["threadIdx.x"],[]],["GetBlock",[],["root","main"],["b134"]],["Unannotate",["b134"],["meta_schedule.unroll_explicit"],[]],["GetChildBlocks",["b134"],[],["b135","b136","b137","b138","b139"]],["GetLoops",["b135"],[],["l140","l141","l142","l143","l144","l145","l146","l147","l148"]],["Annotate",["l140",16],["pragma_auto_unroll_max_step"],[]],["Annotate",["l140",1],["pragma_unroll_explicit"],[]],["GetLoops",["b136"],[],["l149","l150","l151","l152","l153","l154","l155","l156","l157"]],["Annotate",["l149",16],["pragma_auto_unroll_max_step"],[]],["Annotate",["l149",1],["pragma_unroll_explicit"],[]],["GetLoops",["b137"],[],["l158","l159","l160","l161","l162","l163","l164","l165","l166","l167","l168","l169","l170","l171","l172","l173","l174","l175","l176","l177"]],["Annotate",["l158",16],["pragma_auto_unroll_max_step"],[]],["Annotate",["l158",1],["pragma_unroll_explicit"],[]],["GetLoops",["b138"],[],["l178","l179","l180","l181","l182","l183","l184"]],["Annotate",["l178",16],["pragma_auto_unroll_max_step"],[]],["Annotate",["l178",1],["pragma_unroll_explicit"],[]],["GetLoops",["b139"],[],["l185","l186","l187"]],["Annotate",["l185",16],["pragma_auto_unroll_max_step"],[]],["Annotate",["l185",1],["pragma_unroll_explicit"],[]],["GetBlock",[],["conv2d_nhwc","main"],["b188"]],["GetLoops",["b188"],[],["l189","l190","l191","l192","l193","l194","l195","l196","l197","l198","l199","l200","l201","l202","l203","l204","l205","l206","l207","l208"]],["DecomposeReduction",["b188","l192"],[],["b209"]]],[[12,[1,2,4,1,1]],[14,[3,5,1,1,1]],[16,[1,1,15,1,1]],[18,[1,1,4,30,4]],[20,[1,1,1]],[22,[1,1,1]],[24,[40,1,2]],[41,2],[47,3],[56,1]]],[0],{"arch":"sm_70","keys":["cuda","gpu"],"kind":"cuda","max_num_threads":1024,"max_shared_memory_per_block":49152,"max_threads_per_block":1024,"registers_per_block":65536,"tag":"","thread_warp_size":32},[["TENSOR","float32",[8,15,15,80]],["TENSOR","float32",[1,1,80,480]],["TENSOR","float32",[1,1,1,480]],["TENSOR","float32",[8,15,15,480]]]]]
[0,[[[["GetBlock",[],["pad_temp","main"],["b0"]],["GetBlock",[],["conv2d_nhwc","main"],["b1"]],["GetBlock",[],["T_add","main"],["b2"]],["GetBlock",[],["compile_engine_const","main"],["b3"]],["GetBlock",[],["T_add_1","main"],["b4"]],["GetBlock",[],["compute","main"],["b5"]],["GetBlock",[],["compile_engine_const_1","main"],["b6"]],["GetBlock",[],["T_divide","main"],["b7"]],["GetBlock",[],["T_multiply","main"],["b8"]],["GetBlock",[],["root","main"],["b9"]],["Annotate",["b1","\"SSSRRSRS\""],["meta_schedule.tiling_structure"],[]],["GetLoops",["b1"],[],["l10","l11","l12","l13","l14","l15","l16"]],["SamplePerfectTile",["l10"],[5,64],["v17","v18","v19","v20","v21"]],["Split",["l10","v17","v18","v19","v20","v21"],[1],["l22","l23","l24","l25","l26"]],["SamplePerfectTile",["l11"],[5,64],["v27","v28","v29","v30","v31"]],["Split",["l11","v27","v28","v29","v30","v31"],[1],["l32","l33","l34","l35","l36"]],["SamplePerfectTile",["l12"],[5,64],["v37","v38","v39","v40","v41"]],["Split",["l12","v37","v38","v39","v40","v41"],[1],["l42","l43","l44","l45","l46"]],["SamplePerfectTile",["l13"],[5,64],["v47","v48","v49","v50","v51"]],["Split",["l13","v47","v48","v49","v50","v51"],[1],["l52","l53","l54","l55","l56"]],["SamplePerfectTile",["l14"],[3,64],["v57","v58","v59"]],["Split",["l14","v57","v58","v59"],[1],["l60","l61","l62"]],["SamplePerfectTile",["l15"],[3,64],["v63","v64","v65"]],["Split",["l15","v63","v64","v65"],[1],["l66","l67","l68"]],["SamplePerfectTile",["l16"],[3,64],["v69","v70","v71"]],["Split",["l16","v69","v70","v71"],[1],["l72","l73","l74"]],["Reorder",["l22","l32","l42","l52","l23","l33","l43","l53","l24","l34","l44","l54","l60","l66","l72","l61","l67","l73","l25","l35","l45","l55","l62","l68","l74","l26","l36","l46","l56"],[],[]],["Fuse",["l22","l32","l42","l52"],[1],["l75"]],["Bind",["l75"],["blockIdx.x"],[]],["Fuse",["l23","l33","l43","l53"],[1],["l76"]],["Bind",["l76"],["vthread.x"],[]],["Fuse",["l24","l34","l44","l54"],[1],["l77"]],["Bind",["l77"],["threadIdx.x"],[]],["Annotate",["b1",32],["meta_schedule.thread_extent_low_inclusive"],[]],["Annotate",["b1",1024],["meta_schedule.thread_extent_high_inclusive"],[]],["CacheWrite",["b1",[]],[0,"local"],["b78"]],["ReverseComputeAt",["b78","l77"],[1,-1],[]],["CacheRead",["b1",["b1"]],[0,"shared"],["b79"]],["ComputeAt",["b79","l72"],[1,-1],[]],["GetLoops",["b79"],[],["l80","l81","l82","l83","l84","l85","l86","l87","l88","l89"]],["Fuse",["l86","l87","l88","l89"],[1],["l90"]],["SampleCategorical",[],[[1,2,3,4],[0.25,0.25,0.25,0.25]],["v91"]],["Annotate",["b79","v91"],["meta_schedule.cooperative_fetch"],[]],["CacheRead",["b1",["b1"]],[1,"shared"],["b92"]],["ComputeAt",["b92","l72"],[1,-1],[]],["GetLoops",["b92"],[],["l93","l94","l95","l96","l97","l98","l99","l100","l101","l102"]],["Fuse",["l99","l100","l101","l102"],[1],["l103"]],["SampleCategorical",[],[[1,2,3,4],[0.25,0.25,0.25,0.25]],["v104"]],["Annotate",["b92","v104"],["meta_schedule.cooperative_fetch"],[]],["ComputeInline",["b6"],[],[]],["ComputeInline",["b3"],[],[]],["ComputeInline",["b7"],[],[]],["ComputeInline",["b5"],[],[]],["ComputeInline",["b4"],[],[]],["ComputeInline",["b2"],[],[]],["ComputeInline",["b0"],[],[]],["SampleCategorical",[],[[0,16,64,512,1024],[0.2000000000000000111,0.2000000000000000111,0.2000000000000000111,0.2000000000000000111,0.2000000000000000111]],["v105"]],["Annotate",["b9","v105"],["meta_schedule.unroll_explicit"],[]],["GetLoops",["b8"],[],["l106","l107","l108","l109"]],["Fuse",["l106","l107","l108","l109"],[1],["l110"]],["Split",["l110","None",256,1024],[1],["l111","l112","l113"]],["Reorder",["l112","l113","l111"],[],[]],["Bind",["l112"],["blockIdx.x"],[]],["Bind",["l113"],["threadIdx.x"],[]],["EnterPostproc",[],[],[]],["Unannotate",["b79"],["meta_schedule.cooperative_fetch"],[]],["GetLoops",["b79"],[],["l114","l115","l116","l117","l118","l119","l120"]],["Split",["l120","None",90,3],[1],["l121","l122","l123"]],["Vectorize",["l123"],[],[]],["Bind",["l122"],["threadIdx.x"],[]],["Unannotate",["b92"],["meta_schedule.cooperative_fetch"],[]],["GetLoops",["b92"],[],["l124","l125","l126","l127","l128","l129","l130"]],["Split",["l130","None",90,4],[1],["l131","l132","l133"]],["Vectorize",["l133"],[],[]],["Bind",["l132"],["threadIdx.x"],[]],["GetBlock",[],["root","main"],["b134"]],["Unannotate",["b134"],["meta_schedule.unroll_explicit"],[]],["GetChildBlocks",["b134"],[],["b135","b136","b137","b138","b139"]],["GetLoops",["b135"],[],["l140","l141","l142","l143","l144","l145","l146","l147","l148"]],["GetLoops",["b136"],[],["l149","l150","l151","l152","l153","l154","l155","l156","l157"]],["GetLoops",["b137"],[],["l158","l159","l160","l161","l162","l163","l164","l165","l166","l167","l168","l169","l170","l171","l172","l173","l174","l175","l176","l177"]],["GetLoops",["b138"],[],["l178","l179","l180","l181","l182","l183","l184"]],["GetLoops",["b139"],[],["l185","l186","l187"]],["GetBlock",[],["conv2d_nhwc","main"],["b188"]],["GetLoops",["b188"],[],["l189","l190","l191","l192","l193","l194","l195","l196","l197","l198","l199","l200","l201","l202","l203","l204","l205","l206","l207","l208"]],["DecomposeReduction",["b188","l192"],[],["b209"]]],[[12,[1,1,2,1,4]],[14,[5,1,3,1,1]],[16,[1,3,5,1,1]],[18,[4,4,3,2,5]],[20,[1,1,1]],[22,[1,1,1]],[24,[4,10,2]],[41,2],[47,3],[56,0]]],[0],{"arch":"sm_70","keys":["cuda","gpu"],"kind":"cuda","max_num_threads":1024,"max_shared_memory_per_block":49152,"max_threads_per_block":1024,"registers_per_block":65536,"tag":"","thread_warp_size":32},[["TENSOR","float32",[8,15,15,80]],["TENSOR","float32",[1,1,80,480]],["TENSOR","float32",[1,1,1,480]],["TENSOR","float32",[8,15,15,480]]]]]
[0,[[[["GetBlock",[],["pad_temp","main"],["b0"]],["GetBlock",[],["conv2d_nhwc","main"],["b1"]],["GetBlock",[],["T_add","main"],["b2"]],["GetBlock",[],["compile_engine_const","main"],["b3"]],["GetBlock",[],["T_add_1","main"],["b4"]],["GetBlock",[],["compute","main"],["b5"]],["GetBlock",[],["compile_engine_const_1","main"],["b6"]],["GetBlock",[],["T_divide","main"],["b7"]],["GetBlock",[],["T_multiply","main"],["b8"]],["GetBlock",[],["root","main"],["b9"]],["Annotate",["b1","\"SSSRRSRS\""],["meta_schedule.tiling_structure"],[]],["GetLoops",["b1"],[],["l10","l11","l12","l13","l14","l15","l16"]],["SamplePerfectTile",["l10"],[5,64],["v17","v18","v19","v20","v21"]],["Split",["l10","v17","v18","v19","v20","v21"],[1],["l22","l23","l24","l25","l26"]],["SamplePerfectTile",["l11"],[5,64],["v27","v28","v29","v30","v31"]],["Split",["l11","v27","v28","v29","v30","v31"],[1],["l32","l33","l34","l35","l36"]],["SamplePerfectTile",["l12"],[5,64],["v37","v38","v39","v40","v41"]],["Split",["l12","v37","v38","v39","v40","v41"],[1],["l42","l43","l44","l45","l46"]],["SamplePerfectTile",["l13"],[5,64],["v47","v48","v49","v50","v51"]],["Split",["l13","v47","v48","v49","v50","v51"],[1],["l52","l53","l54","l55","l56"]],["SamplePerfectTile",["l14"],[3,64],["v57","v58","v59"]],["Split",["l14","v57","v58","v59"],[1],["l60","l61","l62"]],["SamplePerfectTile",["l15"],[3,64],["v63","v64","v65"]],["Split",["l15","v63","v64","v65"],[1],["l66","l67","l68"]],["SamplePerfectTile",["l16"],[3,64],["v69","v70","v71"]],["Split",["l16","v69","v70","v71"],[1],["l72","l73","l74"]],["Reorder",["l22","l32","l42","l52","l23","l33","l43","l53","l24","l34","l44","l54","l60","l66","l72","l61","l67","l73","l25","l35","l45","l55","l62","l68","l74","l26","l36","l46","l56"],[],[]],["Fuse",["l22","l32","l42","l52"],[1],["l75"]],["Bind",["l75"],["blockIdx.x"],[]],["Fuse",["l23","l33","l43","l53"],[1],["l76"]],["Bind",["l76"],["vthread.x"],[]],["Fuse",["l24","l34","l44","l54"],[1],["l77"]],["Bind",["l77"],["threadIdx.x"],[]],["Annotate",["b1",32],["meta_schedule.thread_extent_low_inclusive"],[]],["Annotate",["b1",1024],["meta_schedule.thread_extent_high_inclusive"],[]],["CacheWrite",["b1",[]],[0,"local"],["b78"]],["ReverseComputeAt",["b78","l77"],[1,-1],[]],["CacheRead",["b1",["b1"]],[0,"shared"],["b79"]],["ComputeAt",["b79","l72"],[1,-1],[]],["GetLoops",["b79"],[],["l80","l81","l82","l83","l84","l85","l86","l87","l88","l89"]],["Fuse",["l86","l87","l88","l89"],[1],["l90"]],["SampleCategorical",[],[[1,2,3,4],[0.25,0.25,0.25,0.25]],["v91"]],["Annotate",["b79","v91"],["meta_schedule.cooperative_fetch"],[]],["CacheRead",["b1",["b1"]],[1,"shared"],["b92"]],["ComputeAt",["b92","l72"],[1,-1],[]],["GetLoops",["b92"],[],["l93","l94","l95","l96","l97","l98","l99","l100","l101","l102"]],["Fuse",["l99","l100","l101","l102"],[1],["l103"]],["SampleCategorical",[],[[1,2,3,4],[0.25,0.25,0.25,0.25]],["v104"]],["Annotate",["b92","v104"],["meta_schedule.cooperative_fetch"],[]],["ComputeInline",["b6"],[],[]],["ComputeInline",["b3"],[],[]],["ComputeInline",["b7"],[],[]],["ComputeInline",["b5"],[],[]],["ComputeInline",["b4"],[],[]],["ComputeInline",["b2"],[],[]],["ComputeInline",["b0"],[],[]],["SampleCategorical",[],[[0,16,64,512,1024],[0.2000000000000000111,0.2000000000000000111,0.2000000000000000111,0.2000000000000000111,0.2000000000000000111]],["v105"]],["Annotate",["b9","v105"],["meta_schedule.unroll_explicit"],[]],["GetLoops",["b8"],[],["l106","l107","l108","l109"]],["Fuse",["l106","l107","l108","l109"],[1],["l110"]],["Split",["l110","None",256,1024],[1],["l111","l112","l113"]],["Reorder",["l112","l113","l111"],[],[]],["Bind",["l112"],["blockIdx.x"],[]],["Bind",["l113"],["threadIdx.x"],[]],["EnterPostproc",[],[],[]],["Unannotate",["b79"],["meta_schedule.cooperative_fetch"],[]],["GetLoops",["b79"],[],["l114","l115","l116","l117","l118","l119","l120"]],["Split",["l120","None",75,3],[1],["l121","l122","l123"]],["Vectorize",["l123"],[],[]],["Bind",["l122"],["threadIdx.x"],[]],["Unannotate",["b92"],["meta_schedule.cooperative_fetch"],[]],["GetLoops",["b92"],[],["l124","l125","l126","l127","l128","l129","l130"]],["Split",["l130","None",75,4],[1],["l131","l132","l133"]],["Vectorize",["l133"],[],[]],["Bind",["l132"],["threadIdx.x"],[]],["GetBlock",[],["root","main"],["b134"]],["Unannotate",["b134"],["meta_schedule.unroll_explicit"],[]],["GetChildBlocks",["b134"],[],["b135","b136","b137","b138","b139"]],["GetLoops",["b135"],[],["l140","l141","l142","l143","l144","l145","l146","l147","l148"]],["Annotate",["l140",64],["pragma_auto_unroll_max_step"],[]],["Annotate",["l140",1],["pragma_unroll_explicit"],[]],["GetLoops",["b136"],[],["l149","l150","l151","l152","l153","l154","l155","l156","l157"]],["Annotate",["l149",64],["pragma_auto_unroll_max_step"],[]],["Annotate",["l149",1],["pragma_unroll_explicit"],[]],["GetLoops",["b137"],[],["l158","l159","l160","l161","l162","l163","l164","l165","l166","l167","l168","l169","l170","l171","l172","l173","l174","l175","l176","l177"]],["Annotate",["l158",64],["pragma_auto_unroll_max_step"],[]],["Annotate",["l158",1],["pragma_unroll_explicit"],[]],["GetLoops",["b138"],[],["l178","l179","l180","l181","l182","l183","l184"]],["Annotate",["l178",64],["pragma_auto_unroll_max_step"],[]],["Annotate",["l178",1],["pragma_unroll_explicit"],[]],["GetLoops",["b139"],[],["l185","l186","l187"]],["Annotate",["l185",64],["pragma_auto_unroll_max_step"],[]],["Annotate",["l185",1],["pragma_unroll_explicit"],[]],["GetBlock",[],["conv2d_nhwc","main"],["b188"]],["GetLoops",["b188"],[],["l189","l190","l191","l192","l193","l194","l195","l196","l197","l198","l199","l200","l201","l202","l203","l204","l205","l206","l207","l208"]],["DecomposeReduction",["b188","l192"],[],["b209"]]],[[12,[1,2,1,1,4]],[14,[1,1,5,1,3]],[16,[1,1,3,5,1]],[18,[12,4,5,1,2]],[20,[1,1,1]],[22,[1,1,1]],[24,[20,4,1]],[41,2],[47,3],[56,2]]],[0],{"arch":"sm_70","keys":["cuda","gpu"],"kind":"cuda","max_num_threads":1024,"max_shared_memory_per_block":49152,"max_threads_per_block":1024,"registers_per_block":65536,"tag":"","thread_warp_size":32},[["TENSOR","float32",[8,15,15,80]],["TENSOR","float32",[1,1,80,480]],["TENSOR","float32",[1,1,1,480]],["TENSOR","float32",[8,15,15,480]]]]]
[0,[[[["GetBlock",[],["pad_temp","main"],["b0"]],["GetBlock",[],["conv2d_nhwc","main"],["b1"]],["GetBlock",[],["T_add","main"],["b2"]],["GetBlock",[],["compile_engine_const","main"],["b3"]],["GetBlock",[],["T_add_1","main"],["b4"]],["GetBlock",[],["compute","main"],["b5"]],["GetBlock",[],["compile_engine_const_1","main"],["b6"]],["GetBlock",[],["T_divide","main"],["b7"]],["GetBlock",[],["T_multiply","main"],["b8"]],["GetBlock",[],["root","main"],["b9"]],["Annotate",["b1","\"SSSRRSRS\""],["meta_schedule.tiling_structure"],[]],["GetLoops",["b1"],[],["l10","l11","l12","l13","l14","l15","l16"]],["SamplePerfectTile",["l10"],[5,64],["v17","v18","v19","v20","v21"]],["Split",["l10","v17","v18","v19","v20","v21"],[1],["l22","l23","l24","l25","l26"]],["SamplePerfectTile",["l11"],[5,64],["v27","v28","v29","v30","v31"]],["Split",["l11","v27","v28","v29","v30","v31"],[1],["l32","l33","l34","l35","l36"]],["SamplePerfectTile",["l12"],[5,64],["v37","v38","v39","v40","v41"]],["Split",["l12","v37","v38","v39","v40","v41"],[1],["l42","l43","l44","l45","l46"]],["SamplePerfectTile",["l13"],[5,64],["v47","v48","v49","v50","v51"]],["Split",["l13","v47","v48","v49","v50","v51"],[1],["l52","l53","l54","l55","l56"]],["SamplePerfectTile",["l14"],[3,64],["v57","v58","v59"]],["Split",["l14","v57","v58","v59"],[1],["l60","l61","l62"]],["SamplePerfectTile",["l15"],[3,64],["v63","v64","v65"]],["Split",["l15","v63","v64","v65"],[1],["l66","l67","l68"]],["SamplePerfectTile",["l16"],[3,64],["v69","v70","v71"]],["Split",["l16","v69","v70","v71"],[1],["l72","l73","l74"]],["Reorder",["l22","l32","l42","l52","l23","l33","l43","l53","l24","l34","l44","l54","l60","l66","l72","l61","l67","l73","l25","l35","l45","l55","l62","l68","l74","l26","l36","l46","l56"],[],[]],["Fuse",["l22","l32","l42","l52"],[1],["l75"]],["Bind",["l75"],["blockIdx.x"],[]],["Fuse",["l23","l33","l43","l53"],[1],["l76"]],["Bind",["l76"],["vthread.x"],[]],["Fuse",["l24","l34","l44","l54"],[1],["l77"]],["Bind",["l77"],["threadIdx.x"],[]],["Annotate",["b1",32],["meta_schedule.thread_extent_low_inclusive"],[]],["Annotate",["b1",1024],["meta_schedule.thread_extent_high_inclusive"],[]],["CacheWrite",["b1",[]],[0,"local"],["b78"]],["ReverseComputeAt",["b78","l77"],[1,-1],[]],["CacheRead",["b1",["b1"]],[0,"shared"],["b79"]],["ComputeAt",["b79","l72"],[1,-1],[]],["GetLoops",["b79"],[],["l80","l81","l82","l83","l84","l85","l86","l87","l88","l89"]],["Fuse",["l86","l87","l88","l89"],[1],["l90"]],["SampleCategorical",[],[[1,2,3,4],[0.25,0.25,0.25,0.25]],["v91"]],["Annotate",["b79","v91"],["meta_schedule.cooperative_fetch"],[]],["CacheRead",["b1",["b1"]],[1,"shared"],["b92"]],["ComputeAt",["b92","l72"],[1,-1],[]],["GetLoops",["b92"],[],["l93","l94","l95","l96","l97","l98","l99","l100","l101","l102"]],["Fuse",["l99","l100","l101","l102"],[1],["l103"]],["SampleCategorical",[],[[1,2,3,4],[0.25,0.25,0.25,0.25]],["v104"]],["Annotate",["b92","v104"],["meta_schedule.cooperative_fetch"],[]],["ComputeInline",["b6"],[],[]],["ComputeInline",["b3"],[],[]],["ComputeInline",["b7"],[],[]],["ComputeInline",["b5"],[],[]],["ComputeInline",["b4"],[],[]],["ComputeInline",["b2"],[],[]],["ComputeInline",["b0"],[],[]],["SampleCategorical",[],[[0,16,64,512,1024],[0.2000000000000000111,0.2000000000000000111,0.2000000000000000111,0.2000000000000000111,0.2000000000000000111]],["v105"]],["Annotate",["b9","v105"],["meta_schedule.unroll_explicit"],[]],["GetLoops",["b8"],[],["l106","l107","l108","l109"]],["Fuse",["l106","l107","l108","l109"],[1],["l110"]],["Split",["l110","None",256,1024],[1],["l111","l112","l113"]],["Reorder",["l112","l113","l111"],[],[]],["Bind",["l112"],["blockIdx.x"],[]],["Bind",["l113"],["threadIdx.x"],[]],["EnterPostproc",[],[],[]],["Unannotate",["b79"],["meta_schedule.cooperative_fetch"],[]],["GetLoops",["b79"],[],["l114","l115","l116","l117","l118","l119","l120"]],["Split",["l120","None",45],[1],["l121","l122"]],["Bind",["l122"],["threadIdx.x"],[]],["Unannotate",["b92"],["meta_schedule.cooperative_fetch"],[]],["GetLoops",["b92"],[],["l123","l124","l125","l126","l127","l128","l129"]],["Split",["l129","None",45,2],[1],["l130","l131","l132"]],["Vectorize",["l132"],[],[]],["Bind",["l131"],["threadIdx.x"],[]],["GetBlock",[],["root","main"],["b133"]],["Unannotate",["b133"],["meta_schedule.unroll_explicit"],[]],["GetChildBlocks",["b133"],[],["b134","b135","b136","b137","b138"]],["GetLoops",["b134"],[],["l139","l140","l141","l142","l143","l144","l145","l146"]],["Annotate",["l139",1024],["pragma_auto_unroll_max_step"],[]],["Annotate",["l139",1],["pragma_unroll_explicit"],[]],["GetLoops",["b135"],[],["l147","l148","l149","l150","l151","l152","l153","l154","l155"]],["Annotate",["l147",1024],["pragma_auto_unroll_max_step"],[]],["Annotate",["l147",1],["pragma_unroll_explicit"],[]],["GetLoops",["b136"],[],["l156","l157","l158","l159","l160","l161","l162","l163","l164","l165","l166","l167","l168","l169","l170","l171","l172","l173","l174","l175"]],["Annotate",["l156",1024],["pragma_auto_unroll_max_step"],[]],["Annotate",["l156",1],["pragma_unroll_explicit"],[]],["GetLoops",["b137"],[],["l176","l177","l178","l179","l180","l181","l182"]],["Annotate",["l176",1024],["pragma_auto_unroll_max_step"],[]],["Annotate",["l176",1],["pragma_unroll_explicit"],[]],["GetLoops",["b138"],[],["l183","l184","l185"]],["Annotate",["l183",1024],["pragma_auto_unroll_max_step"],[]],["Annotate",["l183",1],["pragma_unroll_explicit"],[]],["GetBlock",[],["conv2d_nhwc","main"],["b186"]],["GetLoops",["b186"],[],["l187","l188","l189","l190","l191","l192","l193","l194","l195","l196","l197","l198","l199","l200","l201","l202","l203","l204","l205","l206"]],["DecomposeReduction",["b186","l190"],[],["b207"]]],[[12,[1,1,1,4,2]],[14,[5,1,3,1,1]],[16,[1,1,5,1,3]],[18,[5,4,3,1,8]],[20,[1,1,1]],[22,[1,1,1]],[24,[4,5,4]],[41,0],[47,1],[56,4]]],[0],{"arch":"sm_70","keys":["cuda","gpu"],"kind":"cuda","max_num_threads":1024,"max_shared_memory_per_block":49152,"max_threads_per_block":1024,"registers_per_block":65536,"tag":"","thread_warp_size":32},[["TENSOR","float32",[8,15,15,80]],["TENSOR","float32",[1,1,80,480]],["TENSOR","float32",[1,1,1,480]],["TENSOR","float32",[8,15,15,480]]]]]
[0,[[[["GetBlock",[],["pad_temp","main"],["b0"]],["GetBlock",[],["conv2d_nhwc","main"],["b1"]],["GetBlock",[],["T_add","main"],["b2"]],["GetBlock",[],["compile_engine_const","main"],["b3"]],["GetBlock",[],["T_add_1","main"],["b4"]],["GetBlock",[],["compute","main"],["b5"]],["GetBlock",[],["compile_engine_const_1","main"],["b6"]],["GetBlock",[],["T_divide","main"],["b7"]],["GetBlock",[],["T_multiply","main"],["b8"]],["GetBlock",[],["root","main"],["b9"]],["Annotate",["b1","\"SSSRRSRS\""],["meta_schedule.tiling_structure"],[]],["GetLoops",["b1"],[],["l10","l11","l12","l13","l14","l15","l16"]],["SamplePerfectTile",["l10"],[5,64],["v17","v18","v19","v20","v21"]],["Split",["l10","v17","v18","v19","v20","v21"],[1],["l22","l23","l24","l25","l26"]],["SamplePerfectTile",["l11"],[5,64],["v27","v28","v29","v30","v31"]],["Split",["l11","v27","v28","v29","v30","v31"],[1],["l32","l33","l34","l35","l36"]],["SamplePerfectTile",["l12"],[5,64],["v37","v38","v39","v40","v41"]],["Split",["l12","v37","v38","v39","v40","v41"],[1],["l42","l43","l44","l45","l46"]],["SamplePerfectTile",["l13"],[5,64],["v47","v48","v49","v50","v51"]],["Split",["l13","v47","v48","v49","v50","v51"],[1],["l52","l53","l54","l55","l56"]],["SamplePerfectTile",["l14"],[3,64],["v57","v58","v59"]],["Split",["l14","v57","v58","v59"],[1],["l60","l61","l62"]],["SamplePerfectTile",["l15"],[3,64],["v63","v64","v65"]],["Split",["l15","v63","v64","v65"],[1],["l66","l67","l68"]],["SamplePerfectTile",["l16"],[3,64],["v69","v70","v71"]],["Split",["l16","v69","v70","v71"],[1],["l72","l73","l74"]],["Reorder",["l22","l32","l42","l52","l23","l33","l43","l53","l24","l34","l44","l54","l60","l66","l72","l61","l67","l73","l25","l35","l45","l55","l62","l68","l74","l26","l36","l46","l56"],[],[]],["Fuse",["l22","l32","l42","l52"],[1],["l75"]],["Bind",["l75"],["blockIdx.x"],[]],["Fuse",["l23","l33","l43","l53"],[1],["l76"]],["Bind",["l76"],["vthread.x"],[]],["Fuse",["l24","l34","l44","l54"],[1],["l77"]],["Bind",["l77"],["threadIdx.x"],[]],["Annotate",["b1",32],["meta_schedule.thread_extent_low_inclusive"],[]],["Annotate",["b1",1024],["meta_schedule.thread_extent_high_inclusive"],[]],["CacheWrite",["b1",[]],[0,"local"],["b78"]],["ReverseComputeAt",["b78","l77"],[1,-1],[]],["CacheRead",["b1",["b1"]],[0,"shared"],["b79"]],["ComputeAt",["b79","l72"],[1,-1],[]],["GetLoops",["b79"],[],["l80","l81","l82","l83","l84","l85","l86","l87","l88","l89"]],["Fuse",["l86","l87","l88","l89"],[1],["l90"]],["SampleCategorical",[],[[1,2,3,4],[0.25,0.25,0.25,0.25]],["v91"]],["Annotate",["b79","v91"],["meta_schedule.cooperative_fetch"],[]],["CacheRead",["b1",["b1"]],[1,"shared"],["b92"]],["ComputeAt",["b92","l72"],[1,-1],[]],["GetLoops",["b92"],[],["l93","l94","l95","l96","l97","l98","l99","l100","l101","l102"]],["Fuse",["l99","l100","l101","l102"],[1],["l103"]],["SampleCategorical",[],[[1,2,3,4],[0.25,0.25,0.25,0.25]],["v104"]],["Annotate",["b92","v104"],["meta_schedule.cooperative_fetch"],[]],["ComputeInline",["b6"],[],[]],["ComputeInline",["b3"],[],[]],["ComputeInline",["b7"],[],[]],["ComputeInline",["b5"],[],[]],["ComputeInline",["b4"],[],[]],["ComputeInline",["b2"],[],[]],["ComputeInline",["b0"],[],[]],["SampleCategorical",[],[[0,16,64,512,1024],[0.2000000000000000111,0.2000000000000000111,0.2000000000000000111,0.2000000000000000111,0.2000000000000000111]],["v105"]],["Annotate",["b9","v105"],["meta_schedule.unroll_explicit"],[]],["GetLoops",["b8"],[],["l106","l107","l108","l109"]],["Fuse",["l106","l107","l108","l109"],[1],["l110"]],["Split",["l110","None",256,1024],[1],["l111","l112","l113"]],["Reorder",["l112","l113","l111"],[],[]],["Bind",["l112"],["blockIdx.x"],[]],["Bind",["l113"],["threadIdx.x"],[]],["EnterPostproc",[],[],[]],["Unannotate",["b79"],["meta_schedule.cooperative_fetch"],[]],["GetLoops",["b79"],[],["l114","l115","l116","l117","l118","l119","l120"]],["Split",["l120","None",50,4],[1],["l121","l122","l123"]],["Vectorize",["l123"],[],[]],["Bind",["l122"],["threadIdx.x"],[]],["Unannotate",["b92"],["meta_schedule.cooperative_fetch"],[]],["GetLoops",["b92"],[],["l124","l125","l126","l127","l128","l129","l130"]],["Split",["l130","None",50,4],[1],["l131","l132","l133"]],["Vectorize",["l133"],[],[]],["Bind",["l132"],["threadIdx.x"],[]],["GetBlock",[],["root","main"],["b134"]],["Unannotate",["b134"],["meta_schedule.unroll_explicit"],[]],["GetChildBlocks",["b134"],[],["b135","b136","b137","b138","b139"]],["GetLoops",["b135"],[],["l140","l141","l142","l143","l144","l145","l146","l147","l148"]],["Annotate",["l140",512],["pragma_auto_unroll_max_step"],[]],["Annotate",["l140",1],["pragma_unroll_explicit"],[]],["GetLoops",["b136"],[],["l149","l150","l151","l152","l153","l154","l155","l156","l157"]],["Annotate",["l149",512],["pragma_auto_unroll_max_step"],[]],["Annotate",["l149",1],["pragma_unroll_explicit"],[]],["GetLoops",["b137"],[],["l158","l159","l160","l161","l162","l163","l164","l165","l166","l167","l168","l169","l170","l171","l172","l173","l174","l175","l176","l177"]],["Annotate",["l158",512],["pragma_auto_unroll_max_step"],[]],["Annotate",["l158",1],["pragma_unroll_explicit"],[]],["GetLoops",["b138"],[],["l178","l179","l180","l181","l182","l183","l184"]],["Annotate",["l178",512],["pragma_auto_unroll_max_step"],[]],["Annotate",["l178",1],["pragma_unroll_explicit"],[]],["GetLoops",["b139"],[],["l185","l186","l187"]],["Annotate",["l185",512],["pragma_auto_unroll_max_step"],[]],["Annotate",["l185",1],["pragma_unroll_explicit"],[]],["GetBlock",[],["conv2d_nhwc","main"],["b188"]],["GetLoops",["b188"],[],["l189","l190","l191","l192","l193","l194","l195","l196","l197","l198","l199","l200","l201","l202","l203","l204","l205","l206","l207","l208"]],["DecomposeReduction",["b188","l192"],[],["b209"]]],[[12,[2,2,1,1,2]],[14,[1,1,5,1,3]],[16,[1,1,1,3,5]],[18,[4,1,10,4,3]],[20,[1,1,1]],[22,[1,1,1]],[24,[10,4,2]],[41,3],[47,3],[56,3]]],[0],{"arch":"sm_70","keys":["cuda","gpu"],"kind":"cuda","max_num_threads":1024,"max_shared_memory_per_block":49152,"max_threads_per_block":1024,"registers_per_block":65536,"tag":"","thread_warp_size":32},[["TENSOR","float32",[8,15,15,80]],["TENSOR","float32",[1,1,80,480]],["TENSOR","float32",[1,1,1,480]],["TENSOR","float32",[8,15,15,480]]]]]
[0,[[[["GetBlock",[],["pad_temp","main"],["b0"]],["GetBlock",[],["conv2d_nhwc","main"],["b1"]],["GetBlock",[],["T_add","main"],["b2"]],["GetBlock",[],["compile_engine_const","main"],["b3"]],["GetBlock",[],["T_add_1","main"],["b4"]],["GetBlock",[],["compute","main"],["b5"]],["GetBlock",[],["compile_engine_const_1","main"],["b6"]],["GetBlock",[],["T_divide","main"],["b7"]],["GetBlock",[],["T_multiply","main"],["b8"]],["GetBlock",[],["root","main"],["b9"]],["Annotate",["b1","\"SSSRRSRS\""],["meta_schedule.tiling_structure"],[]],["GetLoops",["b1"],[],["l10","l11","l12","l13","l14","l15","l16"]],["SamplePerfectTile",["l10"],[5,64],["v17","v18","v19","v20","v21"]],["Split",["l10","v17","v18","v19","v20","v21"],[1],["l22","l23","l24","l25","l26"]],["SamplePerfectTile",["l11"],[5,64],["v27","v28","v29","v30","v31"]],["Split",["l11","v27","v28","v29","v30","v31"],[1],["l32","l33","l34","l35","l36"]],["SamplePerfectTile",["l12"],[5,64],["v37","v38","v39","v40","v41"]],["Split",["l12","v37","v38","v39","v40","v41"],[1],["l42","l43","l44","l45","l46"]],["SamplePerfectTile",["l13"],[5,64],["v47","v48","v49","v50","v51"]],["Split",["l13","v47","v48","v49","v50","v51"],[1],["l52","l53","l54","l55","l56"]],["SamplePerfectTile",["l14"],[3,64],["v57","v58","v59"]],["Split",["l14","v57","v58","v59"],[1],["l60","l61","l62"]],["SamplePerfectTile",["l15"],[3,64],["v63","v64","v65"]],["Split",["l15","v63","v64","v65"],[1],["l66","l67","l68"]],["SamplePerfectTile",["l16"],[3,64],["v69","v70","v71"]],["Split",["l16","v69","v70","v71"],[1],["l72","l73","l74"]],["Reorder",["l22","l32","l42","l52","l23","l33","l43","l53","l24","l34","l44","l54","l60","l66","l72","l61","l67","l73","l25","l35","l45","l55","l62","l68","l74","l26","l36","l46","l56"],[],[]],["Fuse",["l22","l32","l42","l52"],[1],["l75"]],["Bind",["l75"],["blockIdx.x"],[]],["Fuse",["l23","l33","l43","l53"],[1],["l76"]],["Bind",["l76"],["vthread.x"],[]],["Fuse",["l24","l34","l44","l54"],[1],["l77"]],["Bind",["l77"],["threadIdx.x"],[]],["Annotate",["b1",32],["meta_schedule.thread_extent_low_inclusive"],[]],["Annotate",["b1",1024],["meta_schedule.thread_extent_high_inclusive"],[]],["CacheWrite",["b1",[]],[0,"local"],["b78"]],["ReverseComputeAt",["b78","l77"],[1,-1],[]],["CacheRead",["b1",["b1"]],[0,"shared"],["b79"]],["ComputeAt",["b79","l72"],[1,-1],[]],["GetLoops",["b79"],[],["l80","l81","l82","l83","l84","l85","l86","l87","l88","l89"]],["Fuse",["l86","l87","l88","l89"],[1],["l90"]],["SampleCategorical",[],[[1,2,3,4],[0.25,0.25,0.25,0.25]],["v91"]],["Annotate",["b79","v91"],["meta_schedule.cooperative_fetch"],[]],["CacheRead",["b1",["b1"]],[1,"shared"],["b92"]],["ComputeAt",["b92","l72"],[1,-1],[]],["GetLoops",["b92"],[],["l93","l94","l95","l96","l97","l98","l99","l100","l101","l102"]],["Fuse",["l99","l100","l101","l102"],[1],["l103"]],["SampleCategorical",[],[[1,2,3,4],[0.25,0.25,0.25,0.25]],["v104"]],["Annotate",["b92","v104"],["meta_schedule.cooperative_fetch"],[]],["ComputeInline",["b6"],[],[]],["ComputeInline",["b3"],[],[]],["ComputeInline",["b7"],[],[]],["ComputeInline",["b5"],[],[]],["ComputeInline",["b4"],[],[]],["ComputeInline",["b2"],[],[]],["ComputeInline",["b0"],[],[]],["SampleCategorical",[],[[0,16,64,512,1024],[0.2000000000000000111,0.2000000000000000111,0.2000000000000000111,0.2000000000000000111,0.2000000000000000111]],["v105"]],["Annotate",["b9","v105"],["meta_schedule.unroll_explicit"],[]],["GetLoops",["b8"],[],["l106","l107","l108","l109"]],["Fuse",["l106","l107","l108","l109"],[1],["l110"]],["Split",["l110","None",256,1024],[1],["l111","l112","l113"]],["Reorder",["l112","l113","l111"],[],[]],["Bind",["l112"],["blockIdx.x"],[]],["Bind",["l113"],["threadIdx.x"],[]],["EnterPostproc",[],[],[]],["Unannotate",["b79"],["meta_schedule.cooperative_fetch"],[]],["GetLoops",["b79"],[],["l114","l115","l116","l117","l118","l119","l120"]],["Split",["l120","None",40,3],[1],["l121","l122","l123"]],["Vectorize",["l123"],[],[]],["Bind",["l122"],["threadIdx.x"],[]],["Unannotate",["b92"],["meta_schedule.cooperative_fetch"],[]],["GetLoops",["b92"],[],["l124","l125","l126","l127","l128","l129","l130"]],["Split",["l130","None",40,4],[1],["l131","l132","l133"]],["Vectorize",["l133"],[],[]],["Bind",["l132"],["threadIdx.x"],[]],["GetBlock",[],["root","main"],["b134"]],["Unannotate",["b134"],["meta_schedule.unroll_explicit"],[]],["GetChildBlocks",["b134"],[],["b135","b136","b137","b138","b139"]],["GetLoops",["b135"],[],["l140","l141","l142","l143","l144","l145","l146","l147","l148"]],["GetLoops",["b136"],[],["l149","l150","l151","l152","l153","l154","l155","l156","l157"]],["GetLoops",["b137"],[],["l158","l159","l160","l161","l162","l163","l164","l165","l166","l167","l168","l169","l170","l171","l172","l173","l174","l175","l176","l177"]],["GetLoops",["b138"],[],["l178","l179","l180","l181","l182","l183","l184"]],["GetLoops",["b139"],[],["l185","l186","l187"]],["GetBlock",[],["conv2d_nhwc","main"],["b188"]],["GetLoops",["b188"],[],["l189","l190","l191","l192","l193","l194","l195","l196","l197","l198","l199","l200","l201","l202","l203","l204","l205","l206","l207","l208"]],["DecomposeReduction",["b188","l192"],[],["b209"]]],[[12,[1,2,1,2,2]],[14,[3,1,5,1,1]],[16,[5,3,1,1,1]],[18,[4,1,8,15,1]],[20,[1,1,1]],[22,[1,1,1]],[24,[10,4,2]],[41,2],[47,3],[56,0]]],[0],{"arch":"sm_70","keys":["cuda","gpu"],"kind":"cuda","max_num_threads":1024,"max_shared_memory_per_block":49152,"max_threads_per_block":1024,"registers_per_block":65536,"tag":"","thread_warp_size":32},[["TENSOR","float32",[8,15,15,80]],["TENSOR","float32",[1,1,80,480]],["TENSOR","float32",[1,1,1,480]],["TENSOR","float32",[8,15,15,480]]]]]
[0,[[[["GetBlock",[],["pad_temp","main"],["b0"]],["GetBlock",[],["conv2d_nhwc","main"],["b1"]],["GetBlock",[],["T_add","main"],["b2"]],["GetBlock",[],["compile_engine_const","main"],["b3"]],["GetBlock",[],["T_add_1","main"],["b4"]],["GetBlock",[],["compute","main"],["b5"]],["GetBlock",[],["compile_engine_const_1","main"],["b6"]],["GetBlock",[],["T_divide","main"],["b7"]],["GetBlock",[],["T_multiply","main"],["b8"]],["GetBlock",[],["root","main"],["b9"]],["Annotate",["b1","\"SSSRRSRS\""],["meta_schedule.tiling_structure"],[]],["GetLoops",["b1"],[],["l10","l11","l12","l13","l14","l15","l16"]],["SamplePerfectTile",["l10"],[5,64],["v17","v18","v19","v20","v21"]],["Split",["l10","v17","v18","v19","v20","v21"],[1],["l22","l23","l24","l25","l26"]],["SamplePerfectTile",["l11"],[5,64],["v27","v28","v29","v30","v31"]],["Split",["l11","v27","v28","v29","v30","v31"],[1],["l32","l33","l34","l35","l36"]],["SamplePerfectTile",["l12"],[5,64],["v37","v38","v39","v40","v41"]],["Split",["l12","v37","v38","v39","v40","v41"],[1],["l42","l43","l44","l45","l46"]],["SamplePerfectTile",["l13"],[5,64],["v47","v48","v49","v50","v51"]],["Split",["l13","v47","v48","v49","v50","v51"],[1],["l52","l53","l54","l55","l56"]],["SamplePerfectTile",["l14"],[3,64],["v57","v58","v59"]],["Split",["l14","v57","v58","v59"],[1],["l60","l61","l62"]],["SamplePerfectTile",["l15"],[3,64],["v63","v64","v65"]],["Split",["l15","v63","v64","v65"],[1],["l66","l67","l68"]],["SamplePerfectTile",["l16"],[3,64],["v69","v70","v71"]],["Split",["l16","v69","v70","v71"],[1],["l72","l73","l74"]],["Reorder",["l22","l32","l42","l52","l23","l33","l43","l53","l24","l34","l44","l54","l60","l66","l72","l61","l67","l73","l25","l35","l45","l55","l62","l68","l74","l26","l36","l46","l56"],[],[]],["Fuse",["l22","l32","l42","l52"],[1],["l75"]],["Bind",["l75"],["blockIdx.x"],[]],["Fuse",["l23","l33","l43","l53"],[1],["l76"]],["Bind",["l76"],["vthread.x"],[]],["Fuse",["l24","l34","l44","l54"],[1],["l77"]],["Bind",["l77"],["threadIdx.x"],[]],["Annotate",["b1",32],["meta_schedule.thread_extent_low_inclusive"],[]],["Annotate",["b1",1024],["meta_schedule.thread_extent_high_inclusive"],[]],["CacheWrite",["b1",[]],[0,"local"],["b78"]],["ReverseComputeAt",["b78","l77"],[1,-1],[]],["CacheRead",["b1",["b1"]],[0,"shared"],["b79"]],["ComputeAt",["b79","l72"],[1,-1],[]],["GetLoops",["b79"],[],["l80","l81","l82","l83","l84","l85","l86","l87","l88","l89"]],["Fuse",["l86","l87","l88","l89"],[1],["l90"]],["SampleCategorical",[],[[1,2,3,4],[0.25,0.25,0.25,0.25]],["v91"]],["Annotate",["b79","v91"],["meta_schedule.cooperative_fetch"],[]],["CacheRead",["b1",["b1"]],[1,"shared"],["b92"]],["ComputeAt",["b92","l72"],[1,-1],[]],["GetLoops",["b92"],[],["l93","l94","l95","l96","l97","l98","l99","l100","l101","l102"]],["Fuse",["l99","l100","l101","l102"],[1],["l103"]],["SampleCategorical",[],[[1,2,3,4],[0.25,0.25,0.25,0.25]],["v104"]],["Annotate",["b92","v104"],["meta_schedule.cooperative_fetch"],[]],["ComputeInline",["b6"],[],[]],["ComputeInline",["b3"],[],[]],["ComputeInline",["b7"],[],[]],["ComputeInline",["b5"],[],[]],["ComputeInline",["b4"],[],[]],["ComputeInline",["b2"],[],[]],["ComputeInline",["b0"],[],[]],["SampleCategorical",[],[[0,16,64,512,1024],[0.2000000000000000111,0.2000000000000000111,0.2000000000000000111,0.2000000000000000111,0.2000000000000000111]],["v105"]],["Annotate",["b9","v105"],["meta_schedule.unroll_explicit"],[]],["GetLoops",["b8"],[],["l106","l107","l108","l109"]],["Fuse",["l106","l107","l108","l109"],[1],["l110"]],["Split",["l110","None",256,1024],[1],["l111","l112","l113"]],["Reorder",["l112","l113","l111"],[],[]],["Bind",["l112"],["blockIdx.x"],[]],["Bind",["l113"],["threadIdx.x"],[]],["EnterPostproc",[],[],[]],["Unannotate",["b79"],["meta_schedule.cooperative_fetch"],[]],["GetLoops",["b79"],[],["l114","l115","l116","l117","l118","l119","l120"]],["Split",["l120","None",225],[1],["l121","l122"]],["Bind",["l122"],["threadIdx.x"],[]],["Unannotate",["b92"],["meta_schedule.cooperative_fetch"],[]],["GetLoops",["b92"],[],["l123","l124","l125","l126","l127","l128","l129"]],["Split",["l129","None",225],[1],["l130","l131"]],["Bind",["l131"],["threadIdx.x"],[]],["GetBlock",[],["root","main"],["b132"]],["Unannotate",["b132"],["meta_schedule.unroll_explicit"],[]],["GetChildBlocks",["b132"],[],["b133","b134","b135","b136","b137"]],["GetLoops",["b133"],[],["l138","l139","l140","l141","l142","l143","l144","l145"]],["Annotate",["l138",512],["pragma_auto_unroll_max_step"],[]],["Annotate",["l138",1],["pragma_unroll_explicit"],[]],["GetLoops",["b134"],[],["l146","l147","l148","l149","l150","l151","l152","l153"]],["Annotate",["l146",512],["pragma_auto_unroll_max_step"],[]],["Annotate",["l146",1],["pragma_unroll_explicit"],[]],["GetLoops",["b135"],[],["l154","l155","l156","l157","l158","l159","l160","l161","l162","l163","l164","l165","l166","l167","l168","l169","l170","l171","l172","l173"]],["Annotate",["l154",512],["pragma_auto_unroll_max_step"],[]],["Annotate",["l154",1],["pragma_unroll_explicit"],[]],["GetLoops",["b136"],[],["l174","l175","l176","l177","l178","l179","l180"]],["Annotate",["l174",512],["pragma_auto_unroll_max_step"],[]],["Annotate",["l174",1],["pragma_unroll_explicit"],[]],["GetLoops",["b137"],[],["l181","l182","l183"]],["Annotate",["l181",512],["pragma_auto_unroll_max_step"],[]],["Annotate",["l181",1],["pragma_unroll_explicit"],[]],["GetBlock",[],["conv2d_nhwc","main"],["b184"]],["GetLoops",["b184"],[],["l185","l186","l187","l188","l189","l190","l191","l192","l193","l194","l195","l196","l197","l198","l199","l200","l201","l202","l203","l204"]],["DecomposeReduction",["b184","l188"],[],["b205"]]],[[12,[1,4,1,1,2]],[14,[1,1,3,1,5]],[16,[1,1,15,1,1]],[18,[3,4,5,1,8]],[20,[1,1,1]],[22,[1,1,1]],[24,[40,1,2]],[41,0],[47,0],[56,3]]],[0],{"arch":"sm_70","keys":["cuda","gpu"],"kind":"cuda","max_num_threads":1024,"max_shared_memory_per_block":49152,"max_threads_per_block":1024,"registers_per_block":65536,"tag":"","thread_warp_size":32},[["TENSOR","float32",[8,15,15,80]],["TENSOR","float32",[1,1,80,480]],["TENSOR","float32",[1,1,1,480]],["TENSOR","float32",[8,15,15,480]]]]]
