[0,[[[["GetBlock",[],["pad_temp","main"],["b0"]],["GetBlock",[],["conv2d_nhwc","main"],["b1"]],["GetBlock",[],["T_add","main"],["b2"]],["GetBlock",[],["root","main"],["b3"]],["Annotate",["b1","\"SSSRRSRS\""],["meta_schedule.tiling_structure"],[]],["GetLoops",["b1"],[],["l4","l5","l6","l7","l8","l9","l10"]],["SamplePerfectTile",["l4"],[5,64],["v11","v12","v13","v14","v15"]],["Split",["l4","v11","v12","v13","v14","v15"],[1],["l16","l17","l18","l19","l20"]],["SamplePerfectTile",["l5"],[5,64],["v21","v22","v23","v24","v25"]],["Split",["l5","v21","v22","v23","v24","v25"],[1],["l26","l27","l28","l29","l30"]],["SamplePerfectTile",["l6"],[5,64],["v31","v32","v33","v34","v35"]],["Split",["l6","v31","v32","v33","v34","v35"],[1],["l36","l37","l38","l39","l40"]],["SamplePerfectTile",["l7"],[5,64],["v41","v42","v43","v44","v45"]],["Split",["l7","v41","v42","v43","v44","v45"],[1],["l46","l47","l48","l49","l50"]],["SamplePerfectTile",["l8"],[3,64],["v51","v52","v53"]],["Split",["l8","v51","v52","v53"],[1],["l54","l55","l56"]],["SamplePerfectTile",["l9"],[3,64],["v57","v58","v59"]],["Split",["l9","v57","v58","v59"],[1],["l60","l61","l62"]],["SamplePerfectTile",["l10"],[3,64],["v63","v64","v65"]],["Split",["l10","v63","v64","v65"],[1],["l66","l67","l68"]],["Reorder",["l16","l26","l36","l46","l17","l27","l37","l47","l18","l28","l38","l48","l54","l60","l66","l55","l61","l67","l19","l29","l39","l49","l56","l62","l68","l20","l30","l40","l50"],[],[]],["Fuse",["l16","l26","l36","l46"],[1],["l69"]],["Bind",["l69"],["blockIdx.x"],[]],["Fuse",["l17","l27","l37","l47"],[1],["l70"]],["Bind",["l70"],["vthread.x"],[]],["Fuse",["l18","l28","l38","l48"],[1],["l71"]],["Bind",["l71"],["threadIdx.x"],[]],["Annotate",["b1",32],["meta_schedule.thread_extent_low_inclusive"],[]],["Annotate",["b1",1024],["meta_schedule.thread_extent_high_inclusive"],[]],["CacheWrite",["b1",[]],[0,"local"],["b72"]],["ReverseComputeAt",["b72","l71"],[1,-1],[]],["CacheRead",["b1",["b1"]],[0,"shared"],["b73"]],["ComputeAt",["b73","l66"],[1,-1],[]],["GetLoops",["b73"],[],["l74","l75","l76","l77","l78","l79","l80","l81","l82","l83"]],["Fuse",["l80","l81","l82","l83"],[1],["l84"]],["SampleCategorical",[],[[1,2,3,4],[0.25,0.25,0.25,0.25]],["v85"]],["Annotate",["b73","v85"],["meta_schedule.cooperative_fetch"],[]],["CacheRead",["b1",["b1"]],[1,"shared"],["b86"]],["ComputeAt",["b86","l66"],[1,-1],[]],["GetLoops",["b86"],[],["l87","l88","l89","l90","l91","l92","l93","l94","l95","l96"]],["Fuse",["l93","l94","l95","l96"],[1],["l97"]],["SampleCategorical",[],[[1,2,3,4],[0.25,0.25,0.25,0.25]],["v98"]],["Annotate",["b86","v98"],["meta_schedule.cooperative_fetch"],[]],["ReverseComputeInline",["b2"],[],[]],["ComputeInline",["b0"],[],[]],["SampleCategorical",[],[[0,16,64,512,1024],[0.2000000000000000111,0.2000000000000000111,0.2000000000000000111,0.2000000000000000111,0.2000000000000000111]],["v99"]],["Annotate",["b3","v99"],["meta_schedule.unroll_explicit"],[]],["EnterPostproc",[],[],[]],["Unannotate",["b73"],["meta_schedule.cooperative_fetch"],[]],["GetLoops",["b73"],[],["l100","l101","l102","l103","l104","l105","l106"]],["Split",["l106","None",32,4],[1],["l107","l108","l109"]],["Vectorize",["l109"],[],[]],["Bind",["l108"],["threadIdx.x"],[]],["Unannotate",["b86"],["meta_schedule.cooperative_fetch"],[]],["GetLoops",["b86"],[],["l110","l111","l112","l113","l114","l115","l116"]],["Split",["l116","None",32,4],[1],["l117","l118","l119"]],["Vectorize",["l119"],[],[]],["Bind",["l118"],["threadIdx.x"],[]],["GetBlock",[],["root","main"],["b120"]],["Unannotate",["b120"],["meta_schedule.unroll_explicit"],[]],["GetChildBlocks",["b120"],[],["b121","b122","b123","b124"]],["GetLoops",["b121"],[],["l125","l126","l127","l128","l129","l130","l131","l132","l133"]],["Annotate",["l125",512],["pragma_auto_unroll_max_step"],[]],["Annotate",["l125",1],["pragma_unroll_explicit"],[]],["GetLoops",["b122"],[],["l134","l135","l136","l137","l138","l139","l140","l141","l142"]],["Annotate",["l134",512],["pragma_auto_unroll_max_step"],[]],["Annotate",["l134",1],["pragma_unroll_explicit"],[]],["GetLoops",["b123"],[],["l143","l144","l145","l146","l147","l148","l149","l150","l151","l152","l153","l154","l155","l156","l157","l158","l159","l160","l161","l162"]],["Annotate",["l143",512],["pragma_auto_unroll_max_step"],[]],["Annotate",["l143",1],["pragma_unroll_explicit"],[]],["GetLoops",["b124"],[],["l163","l164","l165","l166","l167","l168","l169"]],["Annotate",["l163",512],["pragma_auto_unroll_max_step"],[]],["Annotate",["l163",1],["pragma_unroll_explicit"],[]],["GetBlock",[],["conv2d_nhwc","main"],["b170"]],["GetLoops",["b170"],[],["l171","l172","l173","l174","l175","l176","l177","l178","l179","l180","l181","l182","l183","l184","l185","l186","l187","l188","l189","l190"]],["DecomposeReduction",["b170","l174"],[],["b191"]]],[[6,[1,1,1,1,1]],[8,[64,1,1,2,1]],[10,[1,1,4,8,4]],[12,[2,1,8,1,1]],[14,[1,1,1]],[16,[1,1,1]],[18,[4,2,4]],[35,3],[41,3],[45,3]]],[0],{"arch":"sm_70","keys":["cuda","gpu"],"kind":"cuda","max_num_threads":1024,"max_shared_memory_per_block":49152,"max_threads_per_block":1024,"registers_per_block":65536,"tag":"","thread_warp_size":32},[["TENSOR","float32",[1,128,128,32]],["TENSOR","float32",[1,1,32,16]],["TENSOR","float32",[1,1,1,16]],["TENSOR","float32",[1,128,128,16]]]]]
[0,[[[["GetBlock",[],["pad_temp","main"],["b0"]],["GetBlock",[],["conv2d_nhwc","main"],["b1"]],["GetBlock",[],["T_add","main"],["b2"]],["GetBlock",[],["root","main"],["b3"]],["Annotate",["b1","\"SSSRRSRS\""],["meta_schedule.tiling_structure"],[]],["GetLoops",["b1"],[],["l4","l5","l6","l7","l8","l9","l10"]],["SamplePerfectTile",["l4"],[5,64],["v11","v12","v13","v14","v15"]],["Split",["l4","v11","v12","v13","v14","v15"],[1],["l16","l17","l18","l19","l20"]],["SamplePerfectTile",["l5"],[5,64],["v21","v22","v23","v24","v25"]],["Split",["l5","v21","v22","v23","v24","v25"],[1],["l26","l27","l28","l29","l30"]],["SamplePerfectTile",["l6"],[5,64],["v31","v32","v33","v34","v35"]],["Split",["l6","v31","v32","v33","v34","v35"],[1],["l36","l37","l38","l39","l40"]],["SamplePerfectTile",["l7"],[5,64],["v41","v42","v43","v44","v45"]],["Split",["l7","v41","v42","v43","v44","v45"],[1],["l46","l47","l48","l49","l50"]],["SamplePerfectTile",["l8"],[3,64],["v51","v52","v53"]],["Split",["l8","v51","v52","v53"],[1],["l54","l55","l56"]],["SamplePerfectTile",["l9"],[3,64],["v57","v58","v59"]],["Split",["l9","v57","v58","v59"],[1],["l60","l61","l62"]],["SamplePerfectTile",["l10"],[3,64],["v63","v64","v65"]],["Split",["l10","v63","v64","v65"],[1],["l66","l67","l68"]],["Reorder",["l16","l26","l36","l46","l17","l27","l37","l47","l18","l28","l38","l48","l54","l60","l66","l55","l61","l67","l19","l29","l39","l49","l56","l62","l68","l20","l30","l40","l50"],[],[]],["Fuse",["l16","l26","l36","l46"],[1],["l69"]],["Bind",["l69"],["blockIdx.x"],[]],["Fuse",["l17","l27","l37","l47"],[1],["l70"]],["Bind",["l70"],["vthread.x"],[]],["Fuse",["l18","l28","l38","l48"],[1],["l71"]],["Bind",["l71"],["threadIdx.x"],[]],["Annotate",["b1",32],["meta_schedule.thread_extent_low_inclusive"],[]],["Annotate",["b1",1024],["meta_schedule.thread_extent_high_inclusive"],[]],["CacheWrite",["b1",[]],[0,"local"],["b72"]],["ReverseComputeAt",["b72","l71"],[1,-1],[]],["CacheRead",["b1",["b1"]],[0,"shared"],["b73"]],["ComputeAt",["b73","l66"],[1,-1],[]],["GetLoops",["b73"],[],["l74","l75","l76","l77","l78","l79","l80","l81","l82","l83"]],["Fuse",["l80","l81","l82","l83"],[1],["l84"]],["SampleCategorical",[],[[1,2,3,4],[0.25,0.25,0.25,0.25]],["v85"]],["Annotate",["b73","v85"],["meta_schedule.cooperative_fetch"],[]],["CacheRead",["b1",["b1"]],[1,"shared"],["b86"]],["ComputeAt",["b86","l66"],[1,-1],[]],["GetLoops",["b86"],[],["l87","l88","l89","l90","l91","l92","l93","l94","l95","l96"]],["Fuse",["l93","l94","l95","l96"],[1],["l97"]],["SampleCategorical",[],[[1,2,3,4],[0.25,0.25,0.25,0.25]],["v98"]],["Annotate",["b86","v98"],["meta_schedule.cooperative_fetch"],[]],["ReverseComputeInline",["b2"],[],[]],["ComputeInline",["b0"],[],[]],["SampleCategorical",[],[[0,16,64,512,1024],[0.2000000000000000111,0.2000000000000000111,0.2000000000000000111,0.2000000000000000111,0.2000000000000000111]],["v99"]],["Annotate",["b3","v99"],["meta_schedule.unroll_explicit"],[]],["EnterPostproc",[],[],[]],["Unannotate",["b73"],["meta_schedule.cooperative_fetch"],[]],["GetLoops",["b73"],[],["l100","l101","l102","l103","l104","l105","l106"]],["Split",["l106","None",64,2],[1],["l107","l108","l109"]],["Vectorize",["l109"],[],[]],["Bind",["l108"],["threadIdx.x"],[]],["Unannotate",["b86"],["meta_schedule.cooperative_fetch"],[]],["GetLoops",["b86"],[],["l110","l111","l112","l113","l114","l115","l116"]],["Split",["l116","None",64],[1],["l117","l118"]],["Bind",["l118"],["threadIdx.x"],[]],["GetBlock",[],["root","main"],["b119"]],["Unannotate",["b119"],["meta_schedule.unroll_explicit"],[]],["GetChildBlocks",["b119"],[],["b120","b121","b122","b123"]],["GetLoops",["b120"],[],["l124","l125","l126","l127","l128","l129","l130","l131","l132"]],["Annotate",["l124",512],["pragma_auto_unroll_max_step"],[]],["Annotate",["l124",1],["pragma_unroll_explicit"],[]],["GetLoops",["b121"],[],["l133","l134","l135","l136","l137","l138","l139","l140"]],["Annotate",["l133",512],["pragma_auto_unroll_max_step"],[]],["Annotate",["l133",1],["pragma_unroll_explicit"],[]],["GetLoops",["b122"],[],["l141","l142","l143","l144","l145","l146","l147","l148","l149","l150","l151","l152","l153","l154","l155","l156","l157","l158","l159","l160"]],["Annotate",["l141",512],["pragma_auto_unroll_max_step"],[]],["Annotate",["l141",1],["pragma_unroll_explicit"],[]],["GetLoops",["b123"],[],["l161","l162","l163","l164","l165","l166","l167"]],["Annotate",["l161",512],["pragma_auto_unroll_max_step"],[]],["Annotate",["l161",1],["pragma_unroll_explicit"],[]],["GetBlock",[],["conv2d_nhwc","main"],["b168"]],["GetLoops",["b168"],[],["l169","l170","l171","l172","l173","l174","l175","l176","l177","l178","l179","l180","l181","l182","l183","l184","l185","l186","l187","l188"]],["DecomposeReduction",["b168","l172"],[],["b189"]]],[[6,[1,1,1,1,1]],[8,[1,1,8,2,8]],[10,[4,1,4,4,2]],[12,[1,1,2,4,2]],[14,[1,1,1]],[16,[1,1,1]],[18,[16,1,2]],[35,1],[41,2],[45,3]]],[0],{"arch":"sm_70","keys":["cuda","gpu"],"kind":"cuda","max_num_threads":1024,"max_shared_memory_per_block":49152,"max_threads_per_block":1024,"registers_per_block":65536,"tag":"","thread_warp_size":32},[["TENSOR","float32",[1,128,128,32]],["TENSOR","float32",[1,1,32,16]],["TENSOR","float32",[1,1,1,16]],["TENSOR","float32",[1,128,128,16]]]]]
[0,[[[["GetBlock",[],["pad_temp","main"],["b0"]],["GetBlock",[],["conv2d_nhwc","main"],["b1"]],["GetBlock",[],["T_add","main"],["b2"]],["GetBlock",[],["root","main"],["b3"]],["Annotate",["b1","\"SSSRRSRS\""],["meta_schedule.tiling_structure"],[]],["GetLoops",["b1"],[],["l4","l5","l6","l7","l8","l9","l10"]],["SamplePerfectTile",["l4"],[5,64],["v11","v12","v13","v14","v15"]],["Split",["l4","v11","v12","v13","v14","v15"],[1],["l16","l17","l18","l19","l20"]],["SamplePerfectTile",["l5"],[5,64],["v21","v22","v23","v24","v25"]],["Split",["l5","v21","v22","v23","v24","v25"],[1],["l26","l27","l28","l29","l30"]],["SamplePerfectTile",["l6"],[5,64],["v31","v32","v33","v34","v35"]],["Split",["l6","v31","v32","v33","v34","v35"],[1],["l36","l37","l38","l39","l40"]],["SamplePerfectTile",["l7"],[5,64],["v41","v42","v43","v44","v45"]],["Split",["l7","v41","v42","v43","v44","v45"],[1],["l46","l47","l48","l49","l50"]],["SamplePerfectTile",["l8"],[3,64],["v51","v52","v53"]],["Split",["l8","v51","v52","v53"],[1],["l54","l55","l56"]],["SamplePerfectTile",["l9"],[3,64],["v57","v58","v59"]],["Split",["l9","v57","v58","v59"],[1],["l60","l61","l62"]],["SamplePerfectTile",["l10"],[3,64],["v63","v64","v65"]],["Split",["l10","v63","v64","v65"],[1],["l66","l67","l68"]],["Reorder",["l16","l26","l36","l46","l17","l27","l37","l47","l18","l28","l38","l48","l54","l60","l66","l55","l61","l67","l19","l29","l39","l49","l56","l62","l68","l20","l30","l40","l50"],[],[]],["Fuse",["l16","l26","l36","l46"],[1],["l69"]],["Bind",["l69"],["blockIdx.x"],[]],["Fuse",["l17","l27","l37","l47"],[1],["l70"]],["Bind",["l70"],["vthread.x"],[]],["Fuse",["l18","l28","l38","l48"],[1],["l71"]],["Bind",["l71"],["threadIdx.x"],[]],["Annotate",["b1",32],["meta_schedule.thread_extent_low_inclusive"],[]],["Annotate",["b1",1024],["meta_schedule.thread_extent_high_inclusive"],[]],["CacheWrite",["b1",[]],[0,"local"],["b72"]],["ReverseComputeAt",["b72","l71"],[1,-1],[]],["CacheRead",["b1",["b1"]],[0,"shared"],["b73"]],["ComputeAt",["b73","l66"],[1,-1],[]],["GetLoops",["b73"],[],["l74","l75","l76","l77","l78","l79","l80","l81","l82","l83"]],["Fuse",["l80","l81","l82","l83"],[1],["l84"]],["SampleCategorical",[],[[1,2,3,4],[0.25,0.25,0.25,0.25]],["v85"]],["Annotate",["b73","v85"],["meta_schedule.cooperative_fetch"],[]],["CacheRead",["b1",["b1"]],[1,"shared"],["b86"]],["ComputeAt",["b86","l66"],[1,-1],[]],["GetLoops",["b86"],[],["l87","l88","l89","l90","l91","l92","l93","l94","l95","l96"]],["Fuse",["l93","l94","l95","l96"],[1],["l97"]],["SampleCategorical",[],[[1,2,3,4],[0.25,0.25,0.25,0.25]],["v98"]],["Annotate",["b86","v98"],["meta_schedule.cooperative_fetch"],[]],["ReverseComputeInline",["b2"],[],[]],["ComputeInline",["b0"],[],[]],["SampleCategorical",[],[[0,16,64,512,1024],[0.2000000000000000111,0.2000000000000000111,0.2000000000000000111,0.2000000000000000111,0.2000000000000000111]],["v99"]],["Annotate",["b3","v99"],["meta_schedule.unroll_explicit"],[]],["EnterPostproc",[],[],[]],["Unannotate",["b73"],["meta_schedule.cooperative_fetch"],[]],["GetLoops",["b73"],[],["l100","l101","l102","l103","l104","l105","l106"]],["Split",["l106","None",32],[1],["l107","l108"]],["Bind",["l108"],["threadIdx.x"],[]],["Unannotate",["b86"],["meta_schedule.cooperative_fetch"],[]],["GetLoops",["b86"],[],["l109","l110","l111","l112","l113","l114","l115"]],["Split",["l115","None",32,4],[1],["l116","l117","l118"]],["Vectorize",["l118"],[],[]],["Bind",["l117"],["threadIdx.x"],[]],["GetBlock",[],["root","main"],["b119"]],["Unannotate",["b119"],["meta_schedule.unroll_explicit"],[]],["GetChildBlocks",["b119"],[],["b120","b121","b122","b123"]],["GetLoops",["b120"],[],["l124","l125","l126","l127","l128","l129","l130","l131"]],["Annotate",["l124",64],["pragma_auto_unroll_max_step"],[]],["Annotate",["l124",1],["pragma_unroll_explicit"],[]],["GetLoops",["b121"],[],["l132","l133","l134","l135","l136","l137","l138","l139","l140"]],["Annotate",["l132",64],["pragma_auto_unroll_max_step"],[]],["Annotate",["l132",1],["pragma_unroll_explicit"],[]],["GetLoops",["b122"],[],["l141","l142","l143","l144","l145","l146","l147","l148","l149","l150","l151","l152","l153","l154","l155","l156","l157","l158","l159","l160"]],["Annotate",["l141",64],["pragma_auto_unroll_max_step"],[]],["Annotate",["l141",1],["pragma_unroll_explicit"],[]],["GetLoops",["b123"],[],["l161","l162","l163","l164","l165","l166","l167"]],["Annotate",["l161",64],["pragma_auto_unroll_max_step"],[]],["Annotate",["l161",1],["pragma_unroll_explicit"],[]],["GetBlock",[],["conv2d_nhwc","main"],["b168"]],["GetLoops",["b168"],[],["l169","l170","l171","l172","l173","l174","l175","l176","l177","l178","l179","l180","l181","l182","l183","l184","l185","l186","l187","l188"]],["DecomposeReduction",["b168","l172"],[],["b189"]]],[[6,[1,1,1,1,1]],[8,[32,2,1,1,2]],[10,[1,8,16,1,1]],[12,[1,1,2,8,1]],[14,[1,1,1]],[16,[1,1,1]],[18,[2,2,8]],[35,0],[41,3],[45,2]]],[0],{"arch":"sm_70","keys":["cuda","gpu"],"kind":"cuda","max_num_threads":1024,"max_shared_memory_per_block":49152,"max_threads_per_block":1024,"registers_per_block":65536,"tag":"","thread_warp_size":32},[["TENSOR","float32",[1,128,128,32]],["TENSOR","float32",[1,1,32,16]],["TENSOR","float32",[1,1,1,16]],["TENSOR","float32",[1,128,128,16]]]]]
[0,[[[["GetBlock",[],["pad_temp","main"],["b0"]],["GetBlock",[],["conv2d_nhwc","main"],["b1"]],["GetBlock",[],["T_add","main"],["b2"]],["GetBlock",[],["root","main"],["b3"]],["Annotate",["b1","\"SSSRRSRS\""],["meta_schedule.tiling_structure"],[]],["GetLoops",["b1"],[],["l4","l5","l6","l7","l8","l9","l10"]],["SamplePerfectTile",["l4"],[5,64],["v11","v12","v13","v14","v15"]],["Split",["l4","v11","v12","v13","v14","v15"],[1],["l16","l17","l18","l19","l20"]],["SamplePerfectTile",["l5"],[5,64],["v21","v22","v23","v24","v25"]],["Split",["l5","v21","v22","v23","v24","v25"],[1],["l26","l27","l28","l29","l30"]],["SamplePerfectTile",["l6"],[5,64],["v31","v32","v33","v34","v35"]],["Split",["l6","v31","v32","v33","v34","v35"],[1],["l36","l37","l38","l39","l40"]],["SamplePerfectTile",["l7"],[5,64],["v41","v42","v43","v44","v45"]],["Split",["l7","v41","v42","v43","v44","v45"],[1],["l46","l47","l48","l49","l50"]],["SamplePerfectTile",["l8"],[3,64],["v51","v52","v53"]],["Split",["l8","v51","v52","v53"],[1],["l54","l55","l56"]],["SamplePerfectTile",["l9"],[3,64],["v57","v58","v59"]],["Split",["l9","v57","v58","v59"],[1],["l60","l61","l62"]],["SamplePerfectTile",["l10"],[3,64],["v63","v64","v65"]],["Split",["l10","v63","v64","v65"],[1],["l66","l67","l68"]],["Reorder",["l16","l26","l36","l46","l17","l27","l37","l47","l18","l28","l38","l48","l54","l60","l66","l55","l61","l67","l19","l29","l39","l49","l56","l62","l68","l20","l30","l40","l50"],[],[]],["Fuse",["l16","l26","l36","l46"],[1],["l69"]],["Bind",["l69"],["blockIdx.x"],[]],["Fuse",["l17","l27","l37","l47"],[1],["l70"]],["Bind",["l70"],["vthread.x"],[]],["Fuse",["l18","l28","l38","l48"],[1],["l71"]],["Bind",["l71"],["threadIdx.x"],[]],["Annotate",["b1",32],["meta_schedule.thread_extent_low_inclusive"],[]],["Annotate",["b1",1024],["meta_schedule.thread_extent_high_inclusive"],[]],["CacheWrite",["b1",[]],[0,"local"],["b72"]],["ReverseComputeAt",["b72","l71"],[1,-1],[]],["CacheRead",["b1",["b1"]],[0,"shared"],["b73"]],["ComputeAt",["b73","l66"],[1,-1],[]],["GetLoops",["b73"],[],["l74","l75","l76","l77","l78","l79","l80","l81","l82","l83"]],["Fuse",["l80","l81","l82","l83"],[1],["l84"]],["SampleCategorical",[],[[1,2,3,4],[0.25,0.25,0.25,0.25]],["v85"]],["Annotate",["b73","v85"],["meta_schedule.cooperative_fetch"],[]],["CacheRead",["b1",["b1"]],[1,"shared"],["b86"]],["ComputeAt",["b86","l66"],[1,-1],[]],["GetLoops",["b86"],[],["l87","l88","l89","l90","l91","l92","l93","l94","l95","l96"]],["Fuse",["l93","l94","l95","l96"],[1],["l97"]],["SampleCategorical",[],[[1,2,3,4],[0.25,0.25,0.25,0.25]],["v98"]],["Annotate",["b86","v98"],["meta_schedule.cooperative_fetch"],[]],["ReverseComputeInline",["b2"],[],[]],["ComputeInline",["b0"],[],[]],["SampleCategorical",[],[[0,16,64,512,1024],[0.2000000000000000111,0.2000000000000000111,0.2000000000000000111,0.2000000000000000111,0.2000000000000000111]],["v99"]],["Annotate",["b3","v99"],["meta_schedule.unroll_explicit"],[]],["EnterPostproc",[],[],[]],["Unannotate",["b73"],["meta_schedule.cooperative_fetch"],[]],["GetLoops",["b73"],[],["l100","l101","l102","l103","l104","l105","l106"]],["Split",["l106","None",32,2],[1],["l107","l108","l109"]],["Vectorize",["l109"],[],[]],["Bind",["l108"],["threadIdx.x"],[]],["Unannotate",["b86"],["meta_schedule.cooperative_fetch"],[]],["GetLoops",["b86"],[],["l110","l111","l112","l113","l114","l115","l116"]],["Split",["l116","None",32,2],[1],["l117","l118","l119"]],["Vectorize",["l119"],[],[]],["Bind",["l118"],["threadIdx.x"],[]],["GetBlock",[],["root","main"],["b120"]],["Unannotate",["b120"],["meta_schedule.unroll_explicit"],[]],["GetChildBlocks",["b120"],[],["b121","b122","b123","b124"]],["GetLoops",["b121"],[],["l125","l126","l127","l128","l129","l130","l131","l132","l133"]],["GetLoops",["b122"],[],["l134","l135","l136","l137","l138","l139","l140","l141","l142"]],["GetLoops",["b123"],[],["l143","l144","l145","l146","l147","l148","l149","l150","l151","l152","l153","l154","l155","l156","l157","l158","l159","l160","l161","l162"]],["GetLoops",["b124"],[],["l163","l164","l165","l166","l167","l168","l169"]],["GetBlock",[],["conv2d_nhwc","main"],["b170"]],["GetLoops",["b170"],[],["l171","l172","l173","l174","l175","l176","l177","l178","l179","l180","l181","l182","l183","l184","l185","l186","l187","l188","l189","l190"]],["DecomposeReduction",["b170","l174"],[],["b191"]]],[[6,[1,1,1,1,1]],[8,[2,2,4,4,2]],[10,[4,2,2,1,8]],[12,[1,4,4,1,1]],[14,[1,1,1]],[16,[1,1,1]],[18,[32,1,1]],[35,1],[41,1],[45,0]]],[0],{"arch":"sm_70","keys":["cuda","gpu"],"kind":"cuda","max_num_threads":1024,"max_shared_memory_per_block":49152,"max_threads_per_block":1024,"registers_per_block":65536,"tag":"","thread_warp_size":32},[["TENSOR","float32",[1,128,128,32]],["TENSOR","float32",[1,1,32,16]],["TENSOR","float32",[1,1,1,16]],["TENSOR","float32",[1,128,128,16]]]]]
[0,[[[["GetBlock",[],["pad_temp","main"],["b0"]],["GetBlock",[],["conv2d_nhwc","main"],["b1"]],["GetBlock",[],["T_add","main"],["b2"]],["GetBlock",[],["root","main"],["b3"]],["Annotate",["b1","\"SSSRRSRS\""],["meta_schedule.tiling_structure"],[]],["GetLoops",["b1"],[],["l4","l5","l6","l7","l8","l9","l10"]],["SamplePerfectTile",["l4"],[5,64],["v11","v12","v13","v14","v15"]],["Split",["l4","v11","v12","v13","v14","v15"],[1],["l16","l17","l18","l19","l20"]],["SamplePerfectTile",["l5"],[5,64],["v21","v22","v23","v24","v25"]],["Split",["l5","v21","v22","v23","v24","v25"],[1],["l26","l27","l28","l29","l30"]],["SamplePerfectTile",["l6"],[5,64],["v31","v32","v33","v34","v35"]],["Split",["l6","v31","v32","v33","v34","v35"],[1],["l36","l37","l38","l39","l40"]],["SamplePerfectTile",["l7"],[5,64],["v41","v42","v43","v44","v45"]],["Split",["l7","v41","v42","v43","v44","v45"],[1],["l46","l47","l48","l49","l50"]],["SamplePerfectTile",["l8"],[3,64],["v51","v52","v53"]],["Split",["l8","v51","v52","v53"],[1],["l54","l55","l56"]],["SamplePerfectTile",["l9"],[3,64],["v57","v58","v59"]],["Split",["l9","v57","v58","v59"],[1],["l60","l61","l62"]],["SamplePerfectTile",["l10"],[3,64],["v63","v64","v65"]],["Split",["l10","v63","v64","v65"],[1],["l66","l67","l68"]],["Reorder",["l16","l26","l36","l46","l17","l27","l37","l47","l18","l28","l38","l48","l54","l60","l66","l55","l61","l67","l19","l29","l39","l49","l56","l62","l68","l20","l30","l40","l50"],[],[]],["Fuse",["l16","l26","l36","l46"],[1],["l69"]],["Bind",["l69"],["blockIdx.x"],[]],["Fuse",["l17","l27","l37","l47"],[1],["l70"]],["Bind",["l70"],["vthread.x"],[]],["Fuse",["l18","l28","l38","l48"],[1],["l71"]],["Bind",["l71"],["threadIdx.x"],[]],["Annotate",["b1",32],["meta_schedule.thread_extent_low_inclusive"],[]],["Annotate",["b1",1024],["meta_schedule.thread_extent_high_inclusive"],[]],["CacheWrite",["b1",[]],[0,"local"],["b72"]],["ReverseComputeAt",["b72","l71"],[1,-1],[]],["CacheRead",["b1",["b1"]],[0,"shared"],["b73"]],["ComputeAt",["b73","l66"],[1,-1],[]],["GetLoops",["b73"],[],["l74","l75","l76","l77","l78","l79","l80","l81","l82","l83"]],["Fuse",["l80","l81","l82","l83"],[1],["l84"]],["SampleCategorical",[],[[1,2,3,4],[0.25,0.25,0.25,0.25]],["v85"]],["Annotate",["b73","v85"],["meta_schedule.cooperative_fetch"],[]],["CacheRead",["b1",["b1"]],[1,"shared"],["b86"]],["ComputeAt",["b86","l66"],[1,-1],[]],["GetLoops",["b86"],[],["l87","l88","l89","l90","l91","l92","l93","l94","l95","l96"]],["Fuse",["l93","l94","l95","l96"],[1],["l97"]],["SampleCategorical",[],[[1,2,3,4],[0.25,0.25,0.25,0.25]],["v98"]],["Annotate",["b86","v98"],["meta_schedule.cooperative_fetch"],[]],["ReverseComputeInline",["b2"],[],[]],["ComputeInline",["b0"],[],[]],["SampleCategorical",[],[[0,16,64,512,1024],[0.2000000000000000111,0.2000000000000000111,0.2000000000000000111,0.2000000000000000111,0.2000000000000000111]],["v99"]],["Annotate",["b3","v99"],["meta_schedule.unroll_explicit"],[]],["EnterPostproc",[],[],[]],["Unannotate",["b73"],["meta_schedule.cooperative_fetch"],[]],["GetLoops",["b73"],[],["l100","l101","l102","l103","l104","l105","l106"]],["Split",["l106","None",64],[1],["l107","l108"]],["Bind",["l108"],["threadIdx.x"],[]],["Unannotate",["b86"],["meta_schedule.cooperative_fetch"],[]],["GetLoops",["b86"],[],["l109","l110","l111","l112","l113","l114","l115"]],["Split",["l115","None",64,2],[1],["l116","l117","l118"]],["Vectorize",["l118"],[],[]],["Bind",["l117"],["threadIdx.x"],[]],["GetBlock",[],["root","main"],["b119"]],["Unannotate",["b119"],["meta_schedule.unroll_explicit"],[]],["GetChildBlocks",["b119"],[],["b120","b121","b122","b123"]],["GetLoops",["b120"],[],["l124","l125","l126","l127","l128","l129","l130","l131"]],["Annotate",["l124",512],["pragma_auto_unroll_max_step"],[]],["Annotate",["l124",1],["pragma_unroll_explicit"],[]],["GetLoops",["b121"],[],["l132","l133","l134","l135","l136","l137","l138","l139","l140"]],["Annotate",["l132",512],["pragma_auto_unroll_max_step"],[]],["Annotate",["l132",1],["pragma_unroll_explicit"],[]],["GetLoops",["b122"],[],["l141","l142","l143","l144","l145","l146","l147","l148","l149","l150","l151","l152","l153","l154","l155","l156","l157","l158","l159","l160"]],["Annotate",["l141",512],["pragma_auto_unroll_max_step"],[]],["Annotate",["l141",1],["pragma_unroll_explicit"],[]],["GetLoops",["b123"],[],["l161","l162","l163","l164","l165","l166","l167"]],["Annotate",["l161",512],["pragma_auto_unroll_max_step"],[]],["Annotate",["l161",1],["pragma_unroll_explicit"],[]],["GetBlock",[],["conv2d_nhwc","main"],["b168"]],["GetLoops",["b168"],[],["l169","l170","l171","l172","l173","l174","l175","l176","l177","l178","l179","l180","l181","l182","l183","l184","l185","l186","l187","l188"]],["DecomposeReduction",["b168","l172"],[],["b189"]]],[[6,[1,1,1,1,1]],[8,[8,2,2,1,4]],[10,[4,1,32,1,1]],[12,[4,2,1,1,2]],[14,[1,1,1]],[16,[1,1,1]],[18,[2,4,4]],[35,0],[41,1],[45,3]]],[0],{"arch":"sm_70","keys":["cuda","gpu"],"kind":"cuda","max_num_threads":1024,"max_shared_memory_per_block":49152,"max_threads_per_block":1024,"registers_per_block":65536,"tag":"","thread_warp_size":32},[["TENSOR","float32",[1,128,128,32]],["TENSOR","float32",[1,1,32,16]],["TENSOR","float32",[1,1,1,16]],["TENSOR","float32",[1,128,128,16]]]]]
[0,[[[["GetBlock",[],["pad_temp","main"],["b0"]],["GetBlock",[],["conv2d_nhwc","main"],["b1"]],["GetBlock",[],["T_add","main"],["b2"]],["GetBlock",[],["root","main"],["b3"]],["Annotate",["b1","\"SSSRRSRS\""],["meta_schedule.tiling_structure"],[]],["GetLoops",["b1"],[],["l4","l5","l6","l7","l8","l9","l10"]],["SamplePerfectTile",["l4"],[5,64],["v11","v12","v13","v14","v15"]],["Split",["l4","v11","v12","v13","v14","v15"],[1],["l16","l17","l18","l19","l20"]],["SamplePerfectTile",["l5"],[5,64],["v21","v22","v23","v24","v25"]],["Split",["l5","v21","v22","v23","v24","v25"],[1],["l26","l27","l28","l29","l30"]],["SamplePerfectTile",["l6"],[5,64],["v31","v32","v33","v34","v35"]],["Split",["l6","v31","v32","v33","v34","v35"],[1],["l36","l37","l38","l39","l40"]],["SamplePerfectTile",["l7"],[5,64],["v41","v42","v43","v44","v45"]],["Split",["l7","v41","v42","v43","v44","v45"],[1],["l46","l47","l48","l49","l50"]],["SamplePerfectTile",["l8"],[3,64],["v51","v52","v53"]],["Split",["l8","v51","v52","v53"],[1],["l54","l55","l56"]],["SamplePerfectTile",["l9"],[3,64],["v57","v58","v59"]],["Split",["l9","v57","v58","v59"],[1],["l60","l61","l62"]],["SamplePerfectTile",["l10"],[3,64],["v63","v64","v65"]],["Split",["l10","v63","v64","v65"],[1],["l66","l67","l68"]],["Reorder",["l16","l26","l36","l46","l17","l27","l37","l47","l18","l28","l38","l48","l54","l60","l66","l55","l61","l67","l19","l29","l39","l49","l56","l62","l68","l20","l30","l40","l50"],[],[]],["Fuse",["l16","l26","l36","l46"],[1],["l69"]],["Bind",["l69"],["blockIdx.x"],[]],["Fuse",["l17","l27","l37","l47"],[1],["l70"]],["Bind",["l70"],["vthread.x"],[]],["Fuse",["l18","l28","l38","l48"],[1],["l71"]],["Bind",["l71"],["threadIdx.x"],[]],["Annotate",["b1",32],["meta_schedule.thread_extent_low_inclusive"],[]],["Annotate",["b1",1024],["meta_schedule.thread_extent_high_inclusive"],[]],["CacheWrite",["b1",[]],[0,"local"],["b72"]],["ReverseComputeAt",["b72","l71"],[1,-1],[]],["CacheRead",["b1",["b1"]],[0,"shared"],["b73"]],["ComputeAt",["b73","l66"],[1,-1],[]],["GetLoops",["b73"],[],["l74","l75","l76","l77","l78","l79","l80","l81","l82","l83"]],["Fuse",["l80","l81","l82","l83"],[1],["l84"]],["SampleCategorical",[],[[1,2,3,4],[0.25,0.25,0.25,0.25]],["v85"]],["Annotate",["b73","v85"],["meta_schedule.cooperative_fetch"],[]],["CacheRead",["b1",["b1"]],[1,"shared"],["b86"]],["ComputeAt",["b86","l66"],[1,-1],[]],["GetLoops",["b86"],[],["l87","l88","l89","l90","l91","l92","l93","l94","l95","l96"]],["Fuse",["l93","l94","l95","l96"],[1],["l97"]],["SampleCategorical",[],[[1,2,3,4],[0.25,0.25,0.25,0.25]],["v98"]],["Annotate",["b86","v98"],["meta_schedule.cooperative_fetch"],[]],["ReverseComputeInline",["b2"],[],[]],["ComputeInline",["b0"],[],[]],["SampleCategorical",[],[[0,16,64,512,1024],[0.2000000000000000111,0.2000000000000000111,0.2000000000000000111,0.2000000000000000111,0.2000000000000000111]],["v99"]],["Annotate",["b3","v99"],["meta_schedule.unroll_explicit"],[]],["EnterPostproc",[],[],[]],["Unannotate",["b73"],["meta_schedule.cooperative_fetch"],[]],["GetLoops",["b73"],[],["l100","l101","l102","l103","l104","l105","l106"]],["Split",["l106","None",32,2],[1],["l107","l108","l109"]],["Vectorize",["l109"],[],[]],["Bind",["l108"],["threadIdx.x"],[]],["Unannotate",["b86"],["meta_schedule.cooperative_fetch"],[]],["GetLoops",["b86"],[],["l110","l111","l112","l113","l114","l115","l116"]],["Split",["l116","None",32,4],[1],["l117","l118","l119"]],["Vectorize",["l119"],[],[]],["Bind",["l118"],["threadIdx.x"],[]],["GetBlock",[],["root","main"],["b120"]],["Unannotate",["b120"],["meta_schedule.unroll_explicit"],[]],["GetChildBlocks",["b120"],[],["b121","b122","b123","b124"]],["GetLoops",["b121"],[],["l125","l126","l127","l128","l129","l130","l131","l132","l133"]],["Annotate",["l125",64],["pragma_auto_unroll_max_step"],[]],["Annotate",["l125",1],["pragma_unroll_explicit"],[]],["GetLoops",["b122"],[],["l134","l135","l136","l137","l138","l139","l140","l141","l142"]],["Annotate",["l134",64],["pragma_auto_unroll_max_step"],[]],["Annotate",["l134",1],["pragma_unroll_explicit"],[]],["GetLoops",["b123"],[],["l143","l144","l145","l146","l147","l148","l149","l150","l151","l152","l153","l154","l155","l156","l157","l158","l159","l160","l161","l162"]],["Annotate",["l143",64],["pragma_auto_unroll_max_step"],[]],["Annotate",["l143",1],["pragma_unroll_explicit"],[]],["GetLoops",["b124"],[],["l163","l164","l165","l166","l167","l168","l169"]],["Annotate",["l163",64],["pragma_auto_unroll_max_step"],[]],["Annotate",["l163",1],["pragma_unroll_explicit"],[]],["GetBlock",[],["conv2d_nhwc","main"],["b170"]],["GetLoops",["b170"],[],["l171","l172","l173","l174","l175","l176","l177","l178","l179","l180","l181","l182","l183","l184","l185","l186","l187","l188","l189","l190"]],["DecomposeReduction",["b170","l174"],[],["b191"]]],[[6,[1,1,1,1,1]],[8,[8,2,4,1,2]],[10,[8,1,8,1,2]],[12,[16,1,1,1,1]],[14,[1,1,1]],[16,[1,1,1]],[18,[2,8,2]],[35,1],[41,3],[45,2]]],[0],{"arch":"sm_70","keys":["cuda","gpu"],"kind":"cuda","max_num_threads":1024,"max_shared_memory_per_block":49152,"max_threads_per_block":1024,"registers_per_block":65536,"tag":"","thread_warp_size":32},[["TENSOR","float32",[1,128,128,32]],["TENSOR","float32",[1,1,32,16]],["TENSOR","float32",[1,1,1,16]],["TENSOR","float32",[1,128,128,16]]]]]
[0,[[[["GetBlock",[],["pad_temp","main"],["b0"]],["GetBlock",[],["conv2d_nhwc","main"],["b1"]],["GetBlock",[],["T_add","main"],["b2"]],["GetBlock",[],["root","main"],["b3"]],["Annotate",["b1","\"SSSRRSRS\""],["meta_schedule.tiling_structure"],[]],["GetLoops",["b1"],[],["l4","l5","l6","l7","l8","l9","l10"]],["SamplePerfectTile",["l4"],[5,64],["v11","v12","v13","v14","v15"]],["Split",["l4","v11","v12","v13","v14","v15"],[1],["l16","l17","l18","l19","l20"]],["SamplePerfectTile",["l5"],[5,64],["v21","v22","v23","v24","v25"]],["Split",["l5","v21","v22","v23","v24","v25"],[1],["l26","l27","l28","l29","l30"]],["SamplePerfectTile",["l6"],[5,64],["v31","v32","v33","v34","v35"]],["Split",["l6","v31","v32","v33","v34","v35"],[1],["l36","l37","l38","l39","l40"]],["SamplePerfectTile",["l7"],[5,64],["v41","v42","v43","v44","v45"]],["Split",["l7","v41","v42","v43","v44","v45"],[1],["l46","l47","l48","l49","l50"]],["SamplePerfectTile",["l8"],[3,64],["v51","v52","v53"]],["Split",["l8","v51","v52","v53"],[1],["l54","l55","l56"]],["SamplePerfectTile",["l9"],[3,64],["v57","v58","v59"]],["Split",["l9","v57","v58","v59"],[1],["l60","l61","l62"]],["SamplePerfectTile",["l10"],[3,64],["v63","v64","v65"]],["Split",["l10","v63","v64","v65"],[1],["l66","l67","l68"]],["Reorder",["l16","l26","l36","l46","l17","l27","l37","l47","l18","l28","l38","l48","l54","l60","l66","l55","l61","l67","l19","l29","l39","l49","l56","l62","l68","l20","l30","l40","l50"],[],[]],["Fuse",["l16","l26","l36","l46"],[1],["l69"]],["Bind",["l69"],["blockIdx.x"],[]],["Fuse",["l17","l27","l37","l47"],[1],["l70"]],["Bind",["l70"],["vthread.x"],[]],["Fuse",["l18","l28","l38","l48"],[1],["l71"]],["Bind",["l71"],["threadIdx.x"],[]],["Annotate",["b1",32],["meta_schedule.thread_extent_low_inclusive"],[]],["Annotate",["b1",1024],["meta_schedule.thread_extent_high_inclusive"],[]],["CacheWrite",["b1",[]],[0,"local"],["b72"]],["ReverseComputeAt",["b72","l71"],[1,-1],[]],["CacheRead",["b1",["b1"]],[0,"shared"],["b73"]],["ComputeAt",["b73","l66"],[1,-1],[]],["GetLoops",["b73"],[],["l74","l75","l76","l77","l78","l79","l80","l81","l82","l83"]],["Fuse",["l80","l81","l82","l83"],[1],["l84"]],["SampleCategorical",[],[[1,2,3,4],[0.25,0.25,0.25,0.25]],["v85"]],["Annotate",["b73","v85"],["meta_schedule.cooperative_fetch"],[]],["CacheRead",["b1",["b1"]],[1,"shared"],["b86"]],["ComputeAt",["b86","l66"],[1,-1],[]],["GetLoops",["b86"],[],["l87","l88","l89","l90","l91","l92","l93","l94","l95","l96"]],["Fuse",["l93","l94","l95","l96"],[1],["l97"]],["SampleCategorical",[],[[1,2,3,4],[0.25,0.25,0.25,0.25]],["v98"]],["Annotate",["b86","v98"],["meta_schedule.cooperative_fetch"],[]],["ReverseComputeInline",["b2"],[],[]],["ComputeInline",["b0"],[],[]],["SampleCategorical",[],[[0,16,64,512,1024],[0.2000000000000000111,0.2000000000000000111,0.2000000000000000111,0.2000000000000000111,0.2000000000000000111]],["v99"]],["Annotate",["b3","v99"],["meta_schedule.unroll_explicit"],[]],["EnterPostproc",[],[],[]],["Unannotate",["b73"],["meta_schedule.cooperative_fetch"],[]],["GetLoops",["b73"],[],["l100","l101","l102","l103","l104","l105","l106"]],["Split",["l106","None",64,4],[1],["l107","l108","l109"]],["Vectorize",["l109"],[],[]],["Bind",["l108"],["threadIdx.x"],[]],["Unannotate",["b86"],["meta_schedule.cooperative_fetch"],[]],["GetLoops",["b86"],[],["l110","l111","l112","l113","l114","l115","l116"]],["Split",["l116","None",64],[1],["l117","l118"]],["Bind",["l118"],["threadIdx.x"],[]],["GetBlock",[],["root","main"],["b119"]],["Unannotate",["b119"],["meta_schedule.unroll_explicit"],[]],["GetChildBlocks",["b119"],[],["b120","b121","b122","b123"]],["GetLoops",["b120"],[],["l124","l125","l126","l127","l128","l129","l130","l131","l132"]],["Annotate",["l124",512],["pragma_auto_unroll_max_step"],[]],["Annotate",["l124",1],["pragma_unroll_explicit"],[]],["GetLoops",["b121"],[],["l133","l134","l135","l136","l137","l138","l139","l140"]],["Annotate",["l133",512],["pragma_auto_unroll_max_step"],[]],["Annotate",["l133",1],["pragma_unroll_explicit"],[]],["GetLoops",["b122"],[],["l141","l142","l143","l144","l145","l146","l147","l148","l149","l150","l151","l152","l153","l154","l155","l156","l157","l158","l159","l160"]],["Annotate",["l141",512],["pragma_auto_unroll_max_step"],[]],["Annotate",["l141",1],["pragma_unroll_explicit"],[]],["GetLoops",["b123"],[],["l161","l162","l163","l164","l165","l166","l167"]],["Annotate",["l161",512],["pragma_auto_unroll_max_step"],[]],["Annotate",["l161",1],["pragma_unroll_explicit"],[]],["GetBlock",[],["conv2d_nhwc","main"],["b168"]],["GetLoops",["b168"],[],["l169","l170","l171","l172","l173","l174","l175","l176","l177","l178","l179","l180","l181","l182","l183","l184","l185","l186","l187","l188"]],["DecomposeReduction",["b168","l172"],[],["b189"]]],[[6,[1,1,1,1,1]],[8,[1,2,16,1,4]],[10,[32,2,1,2,1]],[12,[2,2,4,1,1]],[14,[1,1,1]],[16,[1,1,1]],[18,[4,2,4]],[35,3],[41,2],[45,3]]],[0],{"arch":"sm_70","keys":["cuda","gpu"],"kind":"cuda","max_num_threads":1024,"max_shared_memory_per_block":49152,"max_threads_per_block":1024,"registers_per_block":65536,"tag":"","thread_warp_size":32},[["TENSOR","float32",[1,128,128,32]],["TENSOR","float32",[1,1,32,16]],["TENSOR","float32",[1,1,1,16]],["TENSOR","float32",[1,128,128,16]]]]]
[0,[[[["GetBlock",[],["pad_temp","main"],["b0"]],["GetBlock",[],["conv2d_nhwc","main"],["b1"]],["GetBlock",[],["T_add","main"],["b2"]],["GetBlock",[],["root","main"],["b3"]],["Annotate",["b1","\"SSSRRSRS\""],["meta_schedule.tiling_structure"],[]],["GetLoops",["b1"],[],["l4","l5","l6","l7","l8","l9","l10"]],["SamplePerfectTile",["l4"],[5,64],["v11","v12","v13","v14","v15"]],["Split",["l4","v11","v12","v13","v14","v15"],[1],["l16","l17","l18","l19","l20"]],["SamplePerfectTile",["l5"],[5,64],["v21","v22","v23","v24","v25"]],["Split",["l5","v21","v22","v23","v24","v25"],[1],["l26","l27","l28","l29","l30"]],["SamplePerfectTile",["l6"],[5,64],["v31","v32","v33","v34","v35"]],["Split",["l6","v31","v32","v33","v34","v35"],[1],["l36","l37","l38","l39","l40"]],["SamplePerfectTile",["l7"],[5,64],["v41","v42","v43","v44","v45"]],["Split",["l7","v41","v42","v43","v44","v45"],[1],["l46","l47","l48","l49","l50"]],["SamplePerfectTile",["l8"],[3,64],["v51","v52","v53"]],["Split",["l8","v51","v52","v53"],[1],["l54","l55","l56"]],["SamplePerfectTile",["l9"],[3,64],["v57","v58","v59"]],["Split",["l9","v57","v58","v59"],[1],["l60","l61","l62"]],["SamplePerfectTile",["l10"],[3,64],["v63","v64","v65"]],["Split",["l10","v63","v64","v65"],[1],["l66","l67","l68"]],["Reorder",["l16","l26","l36","l46","l17","l27","l37","l47","l18","l28","l38","l48","l54","l60","l66","l55","l61","l67","l19","l29","l39","l49","l56","l62","l68","l20","l30","l40","l50"],[],[]],["Fuse",["l16","l26","l36","l46"],[1],["l69"]],["Bind",["l69"],["blockIdx.x"],[]],["Fuse",["l17","l27","l37","l47"],[1],["l70"]],["Bind",["l70"],["vthread.x"],[]],["Fuse",["l18","l28","l38","l48"],[1],["l71"]],["Bind",["l71"],["threadIdx.x"],[]],["Annotate",["b1",32],["meta_schedule.thread_extent_low_inclusive"],[]],["Annotate",["b1",1024],["meta_schedule.thread_extent_high_inclusive"],[]],["CacheWrite",["b1",[]],[0,"local"],["b72"]],["ReverseComputeAt",["b72","l71"],[1,-1],[]],["CacheRead",["b1",["b1"]],[0,"shared"],["b73"]],["ComputeAt",["b73","l66"],[1,-1],[]],["GetLoops",["b73"],[],["l74","l75","l76","l77","l78","l79","l80","l81","l82","l83"]],["Fuse",["l80","l81","l82","l83"],[1],["l84"]],["SampleCategorical",[],[[1,2,3,4],[0.25,0.25,0.25,0.25]],["v85"]],["Annotate",["b73","v85"],["meta_schedule.cooperative_fetch"],[]],["CacheRead",["b1",["b1"]],[1,"shared"],["b86"]],["ComputeAt",["b86","l66"],[1,-1],[]],["GetLoops",["b86"],[],["l87","l88","l89","l90","l91","l92","l93","l94","l95","l96"]],["Fuse",["l93","l94","l95","l96"],[1],["l97"]],["SampleCategorical",[],[[1,2,3,4],[0.25,0.25,0.25,0.25]],["v98"]],["Annotate",["b86","v98"],["meta_schedule.cooperative_fetch"],[]],["ReverseComputeInline",["b2"],[],[]],["ComputeInline",["b0"],[],[]],["SampleCategorical",[],[[0,16,64,512,1024],[0.2000000000000000111,0.2000000000000000111,0.2000000000000000111,0.2000000000000000111,0.2000000000000000111]],["v99"]],["Annotate",["b3","v99"],["meta_schedule.unroll_explicit"],[]],["EnterPostproc",[],[],[]],["Unannotate",["b73"],["meta_schedule.cooperative_fetch"],[]],["GetLoops",["b73"],[],["l100","l101","l102","l103","l104","l105","l106"]],["Split",["l106","None",32,4],[1],["l107","l108","l109"]],["Vectorize",["l109"],[],[]],["Bind",["l108"],["threadIdx.x"],[]],["Unannotate",["b86"],["meta_schedule.cooperative_fetch"],[]],["GetLoops",["b86"],[],["l110","l111","l112","l113","l114","l115","l116"]],["Split",["l116","None",32],[1],["l117","l118"]],["Bind",["l118"],["threadIdx.x"],[]],["GetBlock",[],["root","main"],["b119"]],["Unannotate",["b119"],["meta_schedule.unroll_explicit"],[]],["GetChildBlocks",["b119"],[],["b120","b121","b122","b123"]],["GetLoops",["b120"],[],["l124","l125","l126","l127","l128","l129","l130","l131","l132"]],["Annotate",["l124",16],["pragma_auto_unroll_max_step"],[]],["Annotate",["l124",1],["pragma_unroll_explicit"],[]],["GetLoops",["b121"],[],["l133","l134","l135","l136","l137","l138","l139","l140"]],["Annotate",["l133",16],["pragma_auto_unroll_max_step"],[]],["Annotate",["l133",1],["pragma_unroll_explicit"],[]],["GetLoops",["b122"],[],["l141","l142","l143","l144","l145","l146","l147","l148","l149","l150","l151","l152","l153","l154","l155","l156","l157","l158","l159","l160"]],["Annotate",["l141",16],["pragma_auto_unroll_max_step"],[]],["Annotate",["l141",1],["pragma_unroll_explicit"],[]],["GetLoops",["b123"],[],["l161","l162","l163","l164","l165","l166","l167"]],["Annotate",["l161",16],["pragma_auto_unroll_max_step"],[]],["Annotate",["l161",1],["pragma_unroll_explicit"],[]],["GetBlock",[],["conv2d_nhwc","main"],["b168"]],["GetLoops",["b168"],[],["l169","l170","l171","l172","l173","l174","l175","l176","l177","l178","l179","l180","l181","l182","l183","l184","l185","l186","l187","l188"]],["DecomposeReduction",["b168","l172"],[],["b189"]]],[[6,[1,1,1,1,1]],[8,[4,8,4,1,1]],[10,[8,1,2,2,4]],[12,[1,4,4,1,1]],[14,[1,1,1]],[16,[1,1,1]],[18,[2,2,8]],[35,3],[41,0],[45,1]]],[0],{"arch":"sm_70","keys":["cuda","gpu"],"kind":"cuda","max_num_threads":1024,"max_shared_memory_per_block":49152,"max_threads_per_block":1024,"registers_per_block":65536,"tag":"","thread_warp_size":32},[["TENSOR","float32",[1,128,128,32]],["TENSOR","float32",[1,1,32,16]],["TENSOR","float32",[1,1,1,16]],["TENSOR","float32",[1,128,128,16]]]]]
[0,[[[["GetBlock",[],["pad_temp","main"],["b0"]],["GetBlock",[],["conv2d_nhwc","main"],["b1"]],["GetBlock",[],["T_add","main"],["b2"]],["GetBlock",[],["root","main"],["b3"]],["Annotate",["b1","\"SSSRRSRS\""],["meta_schedule.tiling_structure"],[]],["GetLoops",["b1"],[],["l4","l5","l6","l7","l8","l9","l10"]],["SamplePerfectTile",["l4"],[5,64],["v11","v12","v13","v14","v15"]],["Split",["l4","v11","v12","v13","v14","v15"],[1],["l16","l17","l18","l19","l20"]],["SamplePerfectTile",["l5"],[5,64],["v21","v22","v23","v24","v25"]],["Split",["l5","v21","v22","v23","v24","v25"],[1],["l26","l27","l28","l29","l30"]],["SamplePerfectTile",["l6"],[5,64],["v31","v32","v33","v34","v35"]],["Split",["l6","v31","v32","v33","v34","v35"],[1],["l36","l37","l38","l39","l40"]],["SamplePerfectTile",["l7"],[5,64],["v41","v42","v43","v44","v45"]],["Split",["l7","v41","v42","v43","v44","v45"],[1],["l46","l47","l48","l49","l50"]],["SamplePerfectTile",["l8"],[3,64],["v51","v52","v53"]],["Split",["l8","v51","v52","v53"],[1],["l54","l55","l56"]],["SamplePerfectTile",["l9"],[3,64],["v57","v58","v59"]],["Split",["l9","v57","v58","v59"],[1],["l60","l61","l62"]],["SamplePerfectTile",["l10"],[3,64],["v63","v64","v65"]],["Split",["l10","v63","v64","v65"],[1],["l66","l67","l68"]],["Reorder",["l16","l26","l36","l46","l17","l27","l37","l47","l18","l28","l38","l48","l54","l60","l66","l55","l61","l67","l19","l29","l39","l49","l56","l62","l68","l20","l30","l40","l50"],[],[]],["Fuse",["l16","l26","l36","l46"],[1],["l69"]],["Bind",["l69"],["blockIdx.x"],[]],["Fuse",["l17","l27","l37","l47"],[1],["l70"]],["Bind",["l70"],["vthread.x"],[]],["Fuse",["l18","l28","l38","l48"],[1],["l71"]],["Bind",["l71"],["threadIdx.x"],[]],["Annotate",["b1",32],["meta_schedule.thread_extent_low_inclusive"],[]],["Annotate",["b1",1024],["meta_schedule.thread_extent_high_inclusive"],[]],["CacheWrite",["b1",[]],[0,"local"],["b72"]],["ReverseComputeAt",["b72","l71"],[1,-1],[]],["CacheRead",["b1",["b1"]],[0,"shared"],["b73"]],["ComputeAt",["b73","l66"],[1,-1],[]],["GetLoops",["b73"],[],["l74","l75","l76","l77","l78","l79","l80","l81","l82","l83"]],["Fuse",["l80","l81","l82","l83"],[1],["l84"]],["SampleCategorical",[],[[1,2,3,4],[0.25,0.25,0.25,0.25]],["v85"]],["Annotate",["b73","v85"],["meta_schedule.cooperative_fetch"],[]],["CacheRead",["b1",["b1"]],[1,"shared"],["b86"]],["ComputeAt",["b86","l66"],[1,-1],[]],["GetLoops",["b86"],[],["l87","l88","l89","l90","l91","l92","l93","l94","l95","l96"]],["Fuse",["l93","l94","l95","l96"],[1],["l97"]],["SampleCategorical",[],[[1,2,3,4],[0.25,0.25,0.25,0.25]],["v98"]],["Annotate",["b86","v98"],["meta_schedule.cooperative_fetch"],[]],["ReverseComputeInline",["b2"],[],[]],["ComputeInline",["b0"],[],[]],["SampleCategorical",[],[[0,16,64,512,1024],[0.2000000000000000111,0.2000000000000000111,0.2000000000000000111,0.2000000000000000111,0.2000000000000000111]],["v99"]],["Annotate",["b3","v99"],["meta_schedule.unroll_explicit"],[]],["EnterPostproc",[],[],[]],["Unannotate",["b73"],["meta_schedule.cooperative_fetch"],[]],["GetLoops",["b73"],[],["l100","l101","l102","l103","l104","l105","l106"]],["Split",["l106","None",128,4],[1],["l107","l108","l109"]],["Vectorize",["l109"],[],[]],["Bind",["l108"],["threadIdx.x"],[]],["Unannotate",["b86"],["meta_schedule.cooperative_fetch"],[]],["GetLoops",["b86"],[],["l110","l111","l112","l113","l114","l115","l116"]],["Split",["l116","None",128],[1],["l117","l118"]],["Bind",["l118"],["threadIdx.x"],[]],["GetBlock",[],["root","main"],["b119"]],["Unannotate",["b119"],["meta_schedule.unroll_explicit"],[]],["GetChildBlocks",["b119"],[],["b120","b121","b122","b123"]],["GetLoops",["b120"],[],["l124","l125","l126","l127","l128","l129","l130","l131","l132"]],["Annotate",["l124",16],["pragma_auto_unroll_max_step"],[]],["Annotate",["l124",1],["pragma_unroll_explicit"],[]],["GetLoops",["b121"],[],["l133","l134","l135","l136","l137","l138","l139","l140"]],["Annotate",["l133",16],["pragma_auto_unroll_max_step"],[]],["Annotate",["l133",1],["pragma_unroll_explicit"],[]],["GetLoops",["b122"],[],["l141","l142","l143","l144","l145","l146","l147","l148","l149","l150","l151","l152","l153","l154","l155","l156","l157","l158","l159","l160"]],["Annotate",["l141",16],["pragma_auto_unroll_max_step"],[]],["Annotate",["l141",1],["pragma_unroll_explicit"],[]],["GetLoops",["b123"],[],["l161","l162","l163","l164","l165","l166","l167"]],["Annotate",["l161",16],["pragma_auto_unroll_max_step"],[]],["Annotate",["l161",1],["pragma_unroll_explicit"],[]],["GetBlock",[],["conv2d_nhwc","main"],["b168"]],["GetLoops",["b168"],[],["l169","l170","l171","l172","l173","l174","l175","l176","l177","l178","l179","l180","l181","l182","l183","l184","l185","l186","l187","l188"]],["DecomposeReduction",["b168","l172"],[],["b189"]]],[[6,[1,1,1,1,1]],[8,[2,1,1,64,1]],[10,[2,1,16,1,4]],[12,[1,1,8,1,2]],[14,[1,1,1]],[16,[1,1,1]],[18,[16,1,2]],[35,3],[41,2],[45,1]]],[0],{"arch":"sm_70","keys":["cuda","gpu"],"kind":"cuda","max_num_threads":1024,"max_shared_memory_per_block":49152,"max_threads_per_block":1024,"registers_per_block":65536,"tag":"","thread_warp_size":32},[["TENSOR","float32",[1,128,128,32]],["TENSOR","float32",[1,1,32,16]],["TENSOR","float32",[1,1,1,16]],["TENSOR","float32",[1,128,128,16]]]]]
[0,[[[["GetBlock",[],["pad_temp","main"],["b0"]],["GetBlock",[],["conv2d_nhwc","main"],["b1"]],["GetBlock",[],["T_add","main"],["b2"]],["GetBlock",[],["root","main"],["b3"]],["Annotate",["b1","\"SSSRRSRS\""],["meta_schedule.tiling_structure"],[]],["GetLoops",["b1"],[],["l4","l5","l6","l7","l8","l9","l10"]],["SamplePerfectTile",["l4"],[5,64],["v11","v12","v13","v14","v15"]],["Split",["l4","v11","v12","v13","v14","v15"],[1],["l16","l17","l18","l19","l20"]],["SamplePerfectTile",["l5"],[5,64],["v21","v22","v23","v24","v25"]],["Split",["l5","v21","v22","v23","v24","v25"],[1],["l26","l27","l28","l29","l30"]],["SamplePerfectTile",["l6"],[5,64],["v31","v32","v33","v34","v35"]],["Split",["l6","v31","v32","v33","v34","v35"],[1],["l36","l37","l38","l39","l40"]],["SamplePerfectTile",["l7"],[5,64],["v41","v42","v43","v44","v45"]],["Split",["l7","v41","v42","v43","v44","v45"],[1],["l46","l47","l48","l49","l50"]],["SamplePerfectTile",["l8"],[3,64],["v51","v52","v53"]],["Split",["l8","v51","v52","v53"],[1],["l54","l55","l56"]],["SamplePerfectTile",["l9"],[3,64],["v57","v58","v59"]],["Split",["l9","v57","v58","v59"],[1],["l60","l61","l62"]],["SamplePerfectTile",["l10"],[3,64],["v63","v64","v65"]],["Split",["l10","v63","v64","v65"],[1],["l66","l67","l68"]],["Reorder",["l16","l26","l36","l46","l17","l27","l37","l47","l18","l28","l38","l48","l54","l60","l66","l55","l61","l67","l19","l29","l39","l49","l56","l62","l68","l20","l30","l40","l50"],[],[]],["Fuse",["l16","l26","l36","l46"],[1],["l69"]],["Bind",["l69"],["blockIdx.x"],[]],["Fuse",["l17","l27","l37","l47"],[1],["l70"]],["Bind",["l70"],["vthread.x"],[]],["Fuse",["l18","l28","l38","l48"],[1],["l71"]],["Bind",["l71"],["threadIdx.x"],[]],["Annotate",["b1",32],["meta_schedule.thread_extent_low_inclusive"],[]],["Annotate",["b1",1024],["meta_schedule.thread_extent_high_inclusive"],[]],["CacheWrite",["b1",[]],[0,"local"],["b72"]],["ReverseComputeAt",["b72","l71"],[1,-1],[]],["CacheRead",["b1",["b1"]],[0,"shared"],["b73"]],["ComputeAt",["b73","l66"],[1,-1],[]],["GetLoops",["b73"],[],["l74","l75","l76","l77","l78","l79","l80","l81","l82","l83"]],["Fuse",["l80","l81","l82","l83"],[1],["l84"]],["SampleCategorical",[],[[1,2,3,4],[0.25,0.25,0.25,0.25]],["v85"]],["Annotate",["b73","v85"],["meta_schedule.cooperative_fetch"],[]],["CacheRead",["b1",["b1"]],[1,"shared"],["b86"]],["ComputeAt",["b86","l66"],[1,-1],[]],["GetLoops",["b86"],[],["l87","l88","l89","l90","l91","l92","l93","l94","l95","l96"]],["Fuse",["l93","l94","l95","l96"],[1],["l97"]],["SampleCategorical",[],[[1,2,3,4],[0.25,0.25,0.25,0.25]],["v98"]],["Annotate",["b86","v98"],["meta_schedule.cooperative_fetch"],[]],["ReverseComputeInline",["b2"],[],[]],["ComputeInline",["b0"],[],[]],["SampleCategorical",[],[[0,16,64,512,1024],[0.2000000000000000111,0.2000000000000000111,0.2000000000000000111,0.2000000000000000111,0.2000000000000000111]],["v99"]],["Annotate",["b3","v99"],["meta_schedule.unroll_explicit"],[]],["EnterPostproc",[],[],[]],["Unannotate",["b73"],["meta_schedule.cooperative_fetch"],[]],["GetLoops",["b73"],[],["l100","l101","l102","l103","l104","l105","l106"]],["Split",["l106","None",64,2],[1],["l107","l108","l109"]],["Vectorize",["l109"],[],[]],["Bind",["l108"],["threadIdx.x"],[]],["Unannotate",["b86"],["meta_schedule.cooperative_fetch"],[]],["GetLoops",["b86"],[],["l110","l111","l112","l113","l114","l115","l116"]],["Split",["l116","None",64],[1],["l117","l118"]],["Bind",["l118"],["threadIdx.x"],[]],["GetBlock",[],["root","main"],["b119"]],["Unannotate",["b119"],["meta_schedule.unroll_explicit"],[]],["GetChildBlocks",["b119"],[],["b120","b121","b122","b123"]],["GetLoops",["b120"],[],["l124","l125","l126","l127","l128","l129","l130","l131","l132"]],["Annotate",["l124",1024],["pragma_auto_unroll_max_step"],[]],["Annotate",["l124",1],["pragma_unroll_explicit"],[]],["GetLoops",["b121"],[],["l133","l134","l135","l136","l137","l138","l139","l140"]],["Annotate",["l133",1024],["pragma_auto_unroll_max_step"],[]],["Annotate",["l133",1],["pragma_unroll_explicit"],[]],["GetLoops",["b122"],[],["l141","l142","l143","l144","l145","l146","l147","l148","l149","l150","l151","l152","l153","l154","l155","l156","l157","l158","l159","l160"]],["Annotate",["l141",1024],["pragma_auto_unroll_max_step"],[]],["Annotate",["l141",1],["pragma_unroll_explicit"],[]],["GetLoops",["b123"],[],["l161","l162","l163","l164","l165","l166","l167"]],["Annotate",["l161",1024],["pragma_auto_unroll_max_step"],[]],["Annotate",["l161",1],["pragma_unroll_explicit"],[]],["GetBlock",[],["conv2d_nhwc","main"],["b168"]],["GetLoops",["b168"],[],["l169","l170","l171","l172","l173","l174","l175","l176","l177","l178","l179","l180","l181","l182","l183","l184","l185","l186","l187","l188"]],["DecomposeReduction",["b168","l172"],[],["b189"]]],[[6,[1,1,1,1,1]],[8,[16,1,4,1,2]],[10,[1,1,16,2,4]],[12,[2,1,1,1,8]],[14,[1,1,1]],[16,[1,1,1]],[18,[4,2,4]],[35,1],[41,0],[45,4]]],[0],{"arch":"sm_70","keys":["cuda","gpu"],"kind":"cuda","max_num_threads":1024,"max_shared_memory_per_block":49152,"max_threads_per_block":1024,"registers_per_block":65536,"tag":"","thread_warp_size":32},[["TENSOR","float32",[1,128,128,32]],["TENSOR","float32",[1,1,32,16]],["TENSOR","float32",[1,1,1,16]],["TENSOR","float32",[1,128,128,16]]]]]
[0,[[[["GetBlock",[],["pad_temp","main"],["b0"]],["GetBlock",[],["conv2d_nhwc","main"],["b1"]],["GetBlock",[],["T_add","main"],["b2"]],["GetBlock",[],["root","main"],["b3"]],["Annotate",["b1","\"SSSRRSRS\""],["meta_schedule.tiling_structure"],[]],["GetLoops",["b1"],[],["l4","l5","l6","l7","l8","l9","l10"]],["SamplePerfectTile",["l4"],[5,64],["v11","v12","v13","v14","v15"]],["Split",["l4","v11","v12","v13","v14","v15"],[1],["l16","l17","l18","l19","l20"]],["SamplePerfectTile",["l5"],[5,64],["v21","v22","v23","v24","v25"]],["Split",["l5","v21","v22","v23","v24","v25"],[1],["l26","l27","l28","l29","l30"]],["SamplePerfectTile",["l6"],[5,64],["v31","v32","v33","v34","v35"]],["Split",["l6","v31","v32","v33","v34","v35"],[1],["l36","l37","l38","l39","l40"]],["SamplePerfectTile",["l7"],[5,64],["v41","v42","v43","v44","v45"]],["Split",["l7","v41","v42","v43","v44","v45"],[1],["l46","l47","l48","l49","l50"]],["SamplePerfectTile",["l8"],[3,64],["v51","v52","v53"]],["Split",["l8","v51","v52","v53"],[1],["l54","l55","l56"]],["SamplePerfectTile",["l9"],[3,64],["v57","v58","v59"]],["Split",["l9","v57","v58","v59"],[1],["l60","l61","l62"]],["SamplePerfectTile",["l10"],[3,64],["v63","v64","v65"]],["Split",["l10","v63","v64","v65"],[1],["l66","l67","l68"]],["Reorder",["l16","l26","l36","l46","l17","l27","l37","l47","l18","l28","l38","l48","l54","l60","l66","l55","l61","l67","l19","l29","l39","l49","l56","l62","l68","l20","l30","l40","l50"],[],[]],["Fuse",["l16","l26","l36","l46"],[1],["l69"]],["Bind",["l69"],["blockIdx.x"],[]],["Fuse",["l17","l27","l37","l47"],[1],["l70"]],["Bind",["l70"],["vthread.x"],[]],["Fuse",["l18","l28","l38","l48"],[1],["l71"]],["Bind",["l71"],["threadIdx.x"],[]],["Annotate",["b1",32],["meta_schedule.thread_extent_low_inclusive"],[]],["Annotate",["b1",1024],["meta_schedule.thread_extent_high_inclusive"],[]],["CacheWrite",["b1",[]],[0,"local"],["b72"]],["ReverseComputeAt",["b72","l71"],[1,-1],[]],["CacheRead",["b1",["b1"]],[0,"shared"],["b73"]],["ComputeAt",["b73","l66"],[1,-1],[]],["GetLoops",["b73"],[],["l74","l75","l76","l77","l78","l79","l80","l81","l82","l83"]],["Fuse",["l80","l81","l82","l83"],[1],["l84"]],["SampleCategorical",[],[[1,2,3,4],[0.25,0.25,0.25,0.25]],["v85"]],["Annotate",["b73","v85"],["meta_schedule.cooperative_fetch"],[]],["CacheRead",["b1",["b1"]],[1,"shared"],["b86"]],["ComputeAt",["b86","l66"],[1,-1],[]],["GetLoops",["b86"],[],["l87","l88","l89","l90","l91","l92","l93","l94","l95","l96"]],["Fuse",["l93","l94","l95","l96"],[1],["l97"]],["SampleCategorical",[],[[1,2,3,4],[0.25,0.25,0.25,0.25]],["v98"]],["Annotate",["b86","v98"],["meta_schedule.cooperative_fetch"],[]],["ReverseComputeInline",["b2"],[],[]],["ComputeInline",["b0"],[],[]],["SampleCategorical",[],[[0,16,64,512,1024],[0.2000000000000000111,0.2000000000000000111,0.2000000000000000111,0.2000000000000000111,0.2000000000000000111]],["v99"]],["Annotate",["b3","v99"],["meta_schedule.unroll_explicit"],[]],["EnterPostproc",[],[],[]],["Unannotate",["b73"],["meta_schedule.cooperative_fetch"],[]],["GetLoops",["b73"],[],["l100","l101","l102","l103","l104","l105","l106"]],["Split",["l106","None",32,2],[1],["l107","l108","l109"]],["Vectorize",["l109"],[],[]],["Bind",["l108"],["threadIdx.x"],[]],["Unannotate",["b86"],["meta_schedule.cooperative_fetch"],[]],["GetLoops",["b86"],[],["l110","l111","l112","l113","l114","l115","l116"]],["Split",["l116","None",32,2],[1],["l117","l118","l119"]],["Vectorize",["l119"],[],[]],["Bind",["l118"],["threadIdx.x"],[]],["GetBlock",[],["root","main"],["b120"]],["Unannotate",["b120"],["meta_schedule.unroll_explicit"],[]],["GetChildBlocks",["b120"],[],["b121","b122","b123","b124"]],["GetLoops",["b121"],[],["l125","l126","l127","l128","l129","l130","l131","l132","l133"]],["Annotate",["l125",1024],["pragma_auto_unroll_max_step"],[]],["Annotate",["l125",1],["pragma_unroll_explicit"],[]],["GetLoops",["b122"],[],["l134","l135","l136","l137","l138","l139","l140","l141","l142"]],["Annotate",["l134",1024],["pragma_auto_unroll_max_step"],[]],["Annotate",["l134",1],["pragma_unroll_explicit"],[]],["GetLoops",["b123"],[],["l143","l144","l145","l146","l147","l148","l149","l150","l151","l152","l153","l154","l155","l156","l157","l158","l159","l160","l161","l162"]],["Annotate",["l143",1024],["pragma_auto_unroll_max_step"],[]],["Annotate",["l143",1],["pragma_unroll_explicit"],[]],["GetLoops",["b124"],[],["l163","l164","l165","l166","l167","l168","l169"]],["Annotate",["l163",1024],["pragma_auto_unroll_max_step"],[]],["Annotate",["l163",1],["pragma_unroll_explicit"],[]],["GetBlock",[],["conv2d_nhwc","main"],["b170"]],["GetLoops",["b170"],[],["l171","l172","l173","l174","l175","l176","l177","l178","l179","l180","l181","l182","l183","l184","l185","l186","l187","l188","l189","l190"]],["DecomposeReduction",["b170","l174"],[],["b191"]]],[[6,[1,1,1,1,1]],[8,[2,2,16,2,1]],[10,[2,8,2,1,4]],[12,[1,1,1,2,8]],[14,[1,1,1]],[16,[1,1,1]],[18,[16,1,2]],[35,1],[41,1],[45,4]]],[0],{"arch":"sm_70","keys":["cuda","gpu"],"kind":"cuda","max_num_threads":1024,"max_shared_memory_per_block":49152,"max_threads_per_block":1024,"registers_per_block":65536,"tag":"","thread_warp_size":32},[["TENSOR","float32",[1,128,128,32]],["TENSOR","float32",[1,1,32,16]],["TENSOR","float32",[1,1,1,16]],["TENSOR","float32",[1,128,128,16]]]]]
[0,[[[["GetBlock",[],["pad_temp","main"],["b0"]],["GetBlock",[],["conv2d_nhwc","main"],["b1"]],["GetBlock",[],["T_add","main"],["b2"]],["GetBlock",[],["root","main"],["b3"]],["Annotate",["b1","\"SSSRRSRS\""],["meta_schedule.tiling_structure"],[]],["GetLoops",["b1"],[],["l4","l5","l6","l7","l8","l9","l10"]],["SamplePerfectTile",["l4"],[5,64],["v11","v12","v13","v14","v15"]],["Split",["l4","v11","v12","v13","v14","v15"],[1],["l16","l17","l18","l19","l20"]],["SamplePerfectTile",["l5"],[5,64],["v21","v22","v23","v24","v25"]],["Split",["l5","v21","v22","v23","v24","v25"],[1],["l26","l27","l28","l29","l30"]],["SamplePerfectTile",["l6"],[5,64],["v31","v32","v33","v34","v35"]],["Split",["l6","v31","v32","v33","v34","v35"],[1],["l36","l37","l38","l39","l40"]],["SamplePerfectTile",["l7"],[5,64],["v41","v42","v43","v44","v45"]],["Split",["l7","v41","v42","v43","v44","v45"],[1],["l46","l47","l48","l49","l50"]],["SamplePerfectTile",["l8"],[3,64],["v51","v52","v53"]],["Split",["l8","v51","v52","v53"],[1],["l54","l55","l56"]],["SamplePerfectTile",["l9"],[3,64],["v57","v58","v59"]],["Split",["l9","v57","v58","v59"],[1],["l60","l61","l62"]],["SamplePerfectTile",["l10"],[3,64],["v63","v64","v65"]],["Split",["l10","v63","v64","v65"],[1],["l66","l67","l68"]],["Reorder",["l16","l26","l36","l46","l17","l27","l37","l47","l18","l28","l38","l48","l54","l60","l66","l55","l61","l67","l19","l29","l39","l49","l56","l62","l68","l20","l30","l40","l50"],[],[]],["Fuse",["l16","l26","l36","l46"],[1],["l69"]],["Bind",["l69"],["blockIdx.x"],[]],["Fuse",["l17","l27","l37","l47"],[1],["l70"]],["Bind",["l70"],["vthread.x"],[]],["Fuse",["l18","l28","l38","l48"],[1],["l71"]],["Bind",["l71"],["threadIdx.x"],[]],["Annotate",["b1",32],["meta_schedule.thread_extent_low_inclusive"],[]],["Annotate",["b1",1024],["meta_schedule.thread_extent_high_inclusive"],[]],["CacheWrite",["b1",[]],[0,"local"],["b72"]],["ReverseComputeAt",["b72","l71"],[1,-1],[]],["CacheRead",["b1",["b1"]],[0,"shared"],["b73"]],["ComputeAt",["b73","l66"],[1,-1],[]],["GetLoops",["b73"],[],["l74","l75","l76","l77","l78","l79","l80","l81","l82","l83"]],["Fuse",["l80","l81","l82","l83"],[1],["l84"]],["SampleCategorical",[],[[1,2,3,4],[0.25,0.25,0.25,0.25]],["v85"]],["Annotate",["b73","v85"],["meta_schedule.cooperative_fetch"],[]],["CacheRead",["b1",["b1"]],[1,"shared"],["b86"]],["ComputeAt",["b86","l66"],[1,-1],[]],["GetLoops",["b86"],[],["l87","l88","l89","l90","l91","l92","l93","l94","l95","l96"]],["Fuse",["l93","l94","l95","l96"],[1],["l97"]],["SampleCategorical",[],[[1,2,3,4],[0.25,0.25,0.25,0.25]],["v98"]],["Annotate",["b86","v98"],["meta_schedule.cooperative_fetch"],[]],["ReverseComputeInline",["b2"],[],[]],["ComputeInline",["b0"],[],[]],["SampleCategorical",[],[[0,16,64,512,1024],[0.2000000000000000111,0.2000000000000000111,0.2000000000000000111,0.2000000000000000111,0.2000000000000000111]],["v99"]],["Annotate",["b3","v99"],["meta_schedule.unroll_explicit"],[]],["EnterPostproc",[],[],[]],["Unannotate",["b73"],["meta_schedule.cooperative_fetch"],[]],["GetLoops",["b73"],[],["l100","l101","l102","l103","l104","l105","l106"]],["Split",["l106","None",64,4],[1],["l107","l108","l109"]],["Vectorize",["l109"],[],[]],["Bind",["l108"],["threadIdx.x"],[]],["Unannotate",["b86"],["meta_schedule.cooperative_fetch"],[]],["GetLoops",["b86"],[],["l110","l111","l112","l113","l114","l115","l116"]],["Split",["l116","None",64],[1],["l117","l118"]],["Bind",["l118"],["threadIdx.x"],[]],["GetBlock",[],["root","main"],["b119"]],["Unannotate",["b119"],["meta_schedule.unroll_explicit"],[]],["GetChildBlocks",["b119"],[],["b120","b121","b122","b123"]],["GetLoops",["b120"],[],["l124","l125","l126","l127","l128","l129","l130","l131","l132"]],["Annotate",["l124",512],["pragma_auto_unroll_max_step"],[]],["Annotate",["l124",1],["pragma_unroll_explicit"],[]],["GetLoops",["b121"],[],["l133","l134","l135","l136","l137","l138","l139","l140"]],["Annotate",["l133",512],["pragma_auto_unroll_max_step"],[]],["Annotate",["l133",1],["pragma_unroll_explicit"],[]],["GetLoops",["b122"],[],["l141","l142","l143","l144","l145","l146","l147","l148","l149","l150","l151","l152","l153","l154","l155","l156","l157","l158","l159","l160"]],["Annotate",["l141",512],["pragma_auto_unroll_max_step"],[]],["Annotate",["l141",1],["pragma_unroll_explicit"],[]],["GetLoops",["b123"],[],["l161","l162","l163","l164","l165","l166","l167"]],["Annotate",["l161",512],["pragma_auto_unroll_max_step"],[]],["Annotate",["l161",1],["pragma_unroll_explicit"],[]],["GetBlock",[],["conv2d_nhwc","main"],["b168"]],["GetLoops",["b168"],[],["l169","l170","l171","l172","l173","l174","l175","l176","l177","l178","l179","l180","l181","l182","l183","l184","l185","l186","l187","l188"]],["DecomposeReduction",["b168","l172"],[],["b189"]]],[[6,[1,1,1,1,1]],[8,[4,1,32,1,1]],[10,[4,1,2,1,16]],[12,[4,4,1,1,1]],[14,[1,1,1]],[16,[1,1,1]],[18,[16,1,2]],[35,3],[41,2],[45,3]]],[0],{"arch":"sm_70","keys":["cuda","gpu"],"kind":"cuda","max_num_threads":1024,"max_shared_memory_per_block":49152,"max_threads_per_block":1024,"registers_per_block":65536,"tag":"","thread_warp_size":32},[["TENSOR","float32",[1,128,128,32]],["TENSOR","float32",[1,1,32,16]],["TENSOR","float32",[1,1,1,16]],["TENSOR","float32",[1,128,128,16]]]]]
[0,[[[["GetBlock",[],["pad_temp","main"],["b0"]],["GetBlock",[],["conv2d_nhwc","main"],["b1"]],["GetBlock",[],["T_add","main"],["b2"]],["GetBlock",[],["root","main"],["b3"]],["Annotate",["b1","\"SSSRRSRS\""],["meta_schedule.tiling_structure"],[]],["GetLoops",["b1"],[],["l4","l5","l6","l7","l8","l9","l10"]],["SamplePerfectTile",["l4"],[5,64],["v11","v12","v13","v14","v15"]],["Split",["l4","v11","v12","v13","v14","v15"],[1],["l16","l17","l18","l19","l20"]],["SamplePerfectTile",["l5"],[5,64],["v21","v22","v23","v24","v25"]],["Split",["l5","v21","v22","v23","v24","v25"],[1],["l26","l27","l28","l29","l30"]],["SamplePerfectTile",["l6"],[5,64],["v31","v32","v33","v34","v35"]],["Split",["l6","v31","v32","v33","v34","v35"],[1],["l36","l37","l38","l39","l40"]],["SamplePerfectTile",["l7"],[5,64],["v41","v42","v43","v44","v45"]],["Split",["l7","v41","v42","v43","v44","v45"],[1],["l46","l47","l48","l49","l50"]],["SamplePerfectTile",["l8"],[3,64],["v51","v52","v53"]],["Split",["l8","v51","v52","v53"],[1],["l54","l55","l56"]],["SamplePerfectTile",["l9"],[3,64],["v57","v58","v59"]],["Split",["l9","v57","v58","v59"],[1],["l60","l61","l62"]],["SamplePerfectTile",["l10"],[3,64],["v63","v64","v65"]],["Split",["l10","v63","v64","v65"],[1],["l66","l67","l68"]],["Reorder",["l16","l26","l36","l46","l17","l27","l37","l47","l18","l28","l38","l48","l54","l60","l66","l55","l61","l67","l19","l29","l39","l49","l56","l62","l68","l20","l30","l40","l50"],[],[]],["Fuse",["l16","l26","l36","l46"],[1],["l69"]],["Bind",["l69"],["blockIdx.x"],[]],["Fuse",["l17","l27","l37","l47"],[1],["l70"]],["Bind",["l70"],["vthread.x"],[]],["Fuse",["l18","l28","l38","l48"],[1],["l71"]],["Bind",["l71"],["threadIdx.x"],[]],["Annotate",["b1",32],["meta_schedule.thread_extent_low_inclusive"],[]],["Annotate",["b1",1024],["meta_schedule.thread_extent_high_inclusive"],[]],["CacheWrite",["b1",[]],[0,"local"],["b72"]],["ReverseComputeAt",["b72","l71"],[1,-1],[]],["CacheRead",["b1",["b1"]],[0,"shared"],["b73"]],["ComputeAt",["b73","l66"],[1,-1],[]],["GetLoops",["b73"],[],["l74","l75","l76","l77","l78","l79","l80","l81","l82","l83"]],["Fuse",["l80","l81","l82","l83"],[1],["l84"]],["SampleCategorical",[],[[1,2,3,4],[0.25,0.25,0.25,0.25]],["v85"]],["Annotate",["b73","v85"],["meta_schedule.cooperative_fetch"],[]],["CacheRead",["b1",["b1"]],[1,"shared"],["b86"]],["ComputeAt",["b86","l66"],[1,-1],[]],["GetLoops",["b86"],[],["l87","l88","l89","l90","l91","l92","l93","l94","l95","l96"]],["Fuse",["l93","l94","l95","l96"],[1],["l97"]],["SampleCategorical",[],[[1,2,3,4],[0.25,0.25,0.25,0.25]],["v98"]],["Annotate",["b86","v98"],["meta_schedule.cooperative_fetch"],[]],["ReverseComputeInline",["b2"],[],[]],["ComputeInline",["b0"],[],[]],["SampleCategorical",[],[[0,16,64,512,1024],[0.2000000000000000111,0.2000000000000000111,0.2000000000000000111,0.2000000000000000111,0.2000000000000000111]],["v99"]],["Annotate",["b3","v99"],["meta_schedule.unroll_explicit"],[]],["EnterPostproc",[],[],[]],["Unannotate",["b73"],["meta_schedule.cooperative_fetch"],[]],["GetLoops",["b73"],[],["l100","l101","l102","l103","l104","l105","l106"]],["Split",["l106","None",32,4],[1],["l107","l108","l109"]],["Vectorize",["l109"],[],[]],["Bind",["l108"],["threadIdx.x"],[]],["Unannotate",["b86"],["meta_schedule.cooperative_fetch"],[]],["GetLoops",["b86"],[],["l110","l111","l112","l113","l114","l115","l116"]],["Split",["l116","None",32],[1],["l117","l118"]],["Bind",["l118"],["threadIdx.x"],[]],["GetBlock",[],["root","main"],["b119"]],["Unannotate",["b119"],["meta_schedule.unroll_explicit"],[]],["GetChildBlocks",["b119"],[],["b120","b121","b122","b123"]],["GetLoops",["b120"],[],["l124","l125","l126","l127","l128","l129","l130","l131","l132"]],["Annotate",["l124",512],["pragma_auto_unroll_max_step"],[]],["Annotate",["l124",1],["pragma_unroll_explicit"],[]],["GetLoops",["b121"],[],["l133","l134","l135","l136","l137","l138","l139","l140"]],["Annotate",["l133",512],["pragma_auto_unroll_max_step"],[]],["Annotate",["l133",1],["pragma_unroll_explicit"],[]],["GetLoops",["b122"],[],["l141","l142","l143","l144","l145","l146","l147","l148","l149","l150","l151","l152","l153","l154","l155","l156","l157","l158","l159","l160"]],["Annotate",["l141",512],["pragma_auto_unroll_max_step"],[]],["Annotate",["l141",1],["pragma_unroll_explicit"],[]],["GetLoops",["b123"],[],["l161","l162","l163","l164","l165","l166","l167"]],["Annotate",["l161",512],["pragma_auto_unroll_max_step"],[]],["Annotate",["l161",1],["pragma_unroll_explicit"],[]],["GetBlock",[],["conv2d_nhwc","main"],["b168"]],["GetLoops",["b168"],[],["l169","l170","l171","l172","l173","l174","l175","l176","l177","l178","l179","l180","l181","l182","l183","l184","l185","l186","l187","l188"]],["DecomposeReduction",["b168","l172"],[],["b189"]]],[[6,[1,1,1,1,1]],[8,[16,1,4,1,2]],[10,[2,8,8,1,1]],[12,[8,1,1,2,1]],[14,[1,1,1]],[16,[1,1,1]],[18,[8,1,4]],[35,3],[41,0],[45,3]]],[0],{"arch":"sm_70","keys":["cuda","gpu"],"kind":"cuda","max_num_threads":1024,"max_shared_memory_per_block":49152,"max_threads_per_block":1024,"registers_per_block":65536,"tag":"","thread_warp_size":32},[["TENSOR","float32",[1,128,128,32]],["TENSOR","float32",[1,1,32,16]],["TENSOR","float32",[1,1,1,16]],["TENSOR","float32",[1,128,128,16]]]]]
[0,[[[["GetBlock",[],["pad_temp","main"],["b0"]],["GetBlock",[],["conv2d_nhwc","main"],["b1"]],["GetBlock",[],["T_add","main"],["b2"]],["GetBlock",[],["root","main"],["b3"]],["Annotate",["b1","\"SSSRRSRS\""],["meta_schedule.tiling_structure"],[]],["GetLoops",["b1"],[],["l4","l5","l6","l7","l8","l9","l10"]],["SamplePerfectTile",["l4"],[5,64],["v11","v12","v13","v14","v15"]],["Split",["l4","v11","v12","v13","v14","v15"],[1],["l16","l17","l18","l19","l20"]],["SamplePerfectTile",["l5"],[5,64],["v21","v22","v23","v24","v25"]],["Split",["l5","v21","v22","v23","v24","v25"],[1],["l26","l27","l28","l29","l30"]],["SamplePerfectTile",["l6"],[5,64],["v31","v32","v33","v34","v35"]],["Split",["l6","v31","v32","v33","v34","v35"],[1],["l36","l37","l38","l39","l40"]],["SamplePerfectTile",["l7"],[5,64],["v41","v42","v43","v44","v45"]],["Split",["l7","v41","v42","v43","v44","v45"],[1],["l46","l47","l48","l49","l50"]],["SamplePerfectTile",["l8"],[3,64],["v51","v52","v53"]],["Split",["l8","v51","v52","v53"],[1],["l54","l55","l56"]],["SamplePerfectTile",["l9"],[3,64],["v57","v58","v59"]],["Split",["l9","v57","v58","v59"],[1],["l60","l61","l62"]],["SamplePerfectTile",["l10"],[3,64],["v63","v64","v65"]],["Split",["l10","v63","v64","v65"],[1],["l66","l67","l68"]],["Reorder",["l16","l26","l36","l46","l17","l27","l37","l47","l18","l28","l38","l48","l54","l60","l66","l55","l61","l67","l19","l29","l39","l49","l56","l62","l68","l20","l30","l40","l50"],[],[]],["Fuse",["l16","l26","l36","l46"],[1],["l69"]],["Bind",["l69"],["blockIdx.x"],[]],["Fuse",["l17","l27","l37","l47"],[1],["l70"]],["Bind",["l70"],["vthread.x"],[]],["Fuse",["l18","l28","l38","l48"],[1],["l71"]],["Bind",["l71"],["threadIdx.x"],[]],["Annotate",["b1",32],["meta_schedule.thread_extent_low_inclusive"],[]],["Annotate",["b1",1024],["meta_schedule.thread_extent_high_inclusive"],[]],["CacheWrite",["b1",[]],[0,"local"],["b72"]],["ReverseComputeAt",["b72","l71"],[1,-1],[]],["CacheRead",["b1",["b1"]],[0,"shared"],["b73"]],["ComputeAt",["b73","l66"],[1,-1],[]],["GetLoops",["b73"],[],["l74","l75","l76","l77","l78","l79","l80","l81","l82","l83"]],["Fuse",["l80","l81","l82","l83"],[1],["l84"]],["SampleCategorical",[],[[1,2,3,4],[0.25,0.25,0.25,0.25]],["v85"]],["Annotate",["b73","v85"],["meta_schedule.cooperative_fetch"],[]],["CacheRead",["b1",["b1"]],[1,"shared"],["b86"]],["ComputeAt",["b86","l66"],[1,-1],[]],["GetLoops",["b86"],[],["l87","l88","l89","l90","l91","l92","l93","l94","l95","l96"]],["Fuse",["l93","l94","l95","l96"],[1],["l97"]],["SampleCategorical",[],[[1,2,3,4],[0.25,0.25,0.25,0.25]],["v98"]],["Annotate",["b86","v98"],["meta_schedule.cooperative_fetch"],[]],["ReverseComputeInline",["b2"],[],[]],["ComputeInline",["b0"],[],[]],["SampleCategorical",[],[[0,16,64,512,1024],[0.2000000000000000111,0.2000000000000000111,0.2000000000000000111,0.2000000000000000111,0.2000000000000000111]],["v99"]],["Annotate",["b3","v99"],["meta_schedule.unroll_explicit"],[]],["EnterPostproc",[],[],[]],["Unannotate",["b73"],["meta_schedule.cooperative_fetch"],[]],["GetLoops",["b73"],[],["l100","l101","l102","l103","l104","l105","l106"]],["Split",["l106","None",32,2],[1],["l107","l108","l109"]],["Vectorize",["l109"],[],[]],["Bind",["l108"],["threadIdx.x"],[]],["Unannotate",["b86"],["meta_schedule.cooperative_fetch"],[]],["GetLoops",["b86"],[],["l110","l111","l112","l113","l114","l115","l116"]],["Split",["l116","None",32],[1],["l117","l118"]],["Bind",["l118"],["threadIdx.x"],[]],["GetBlock",[],["root","main"],["b119"]],["Unannotate",["b119"],["meta_schedule.unroll_explicit"],[]],["GetChildBlocks",["b119"],[],["b120","b121","b122","b123"]],["GetLoops",["b120"],[],["l124","l125","l126","l127","l128","l129","l130","l131","l132"]],["Annotate",["l124",64],["pragma_auto_unroll_max_step"],[]],["Annotate",["l124",1],["pragma_unroll_explicit"],[]],["GetLoops",["b121"],[],["l133","l134","l135","l136","l137","l138","l139","l140"]],["Annotate",["l133",64],["pragma_auto_unroll_max_step"],[]],["Annotate",["l133",1],["pragma_unroll_explicit"],[]],["GetLoops",["b122"],[],["l141","l142","l143","l144","l145","l146","l147","l148","l149","l150","l151","l152","l153","l154","l155","l156","l157","l158","l159","l160"]],["Annotate",["l141",64],["pragma_auto_unroll_max_step"],[]],["Annotate",["l141",1],["pragma_unroll_explicit"],[]],["GetLoops",["b123"],[],["l161","l162","l163","l164","l165","l166","l167"]],["Annotate",["l161",64],["pragma_auto_unroll_max_step"],[]],["Annotate",["l161",1],["pragma_unroll_explicit"],[]],["GetBlock",[],["conv2d_nhwc","main"],["b168"]],["GetLoops",["b168"],[],["l169","l170","l171","l172","l173","l174","l175","l176","l177","l178","l179","l180","l181","l182","l183","l184","l185","l186","l187","l188"]],["DecomposeReduction",["b168","l172"],[],["b189"]]],[[6,[1,1,1,1,1]],[8,[16,2,4,1,1]],[10,[2,4,2,4,2]],[12,[1,1,4,1,4]],[14,[1,1,1]],[16,[1,1,1]],[18,[2,2,8]],[35,1],[41,2],[45,2]]],[0],{"arch":"sm_70","keys":["cuda","gpu"],"kind":"cuda","max_num_threads":1024,"max_shared_memory_per_block":49152,"max_threads_per_block":1024,"registers_per_block":65536,"tag":"","thread_warp_size":32},[["TENSOR","float32",[1,128,128,32]],["TENSOR","float32",[1,1,32,16]],["TENSOR","float32",[1,1,1,16]],["TENSOR","float32",[1,128,128,16]]]]]
[0,[[[["GetBlock",[],["pad_temp","main"],["b0"]],["GetBlock",[],["conv2d_nhwc","main"],["b1"]],["GetBlock",[],["T_add","main"],["b2"]],["GetBlock",[],["root","main"],["b3"]],["Annotate",["b1","\"SSSRRSRS\""],["meta_schedule.tiling_structure"],[]],["GetLoops",["b1"],[],["l4","l5","l6","l7","l8","l9","l10"]],["SamplePerfectTile",["l4"],[5,64],["v11","v12","v13","v14","v15"]],["Split",["l4","v11","v12","v13","v14","v15"],[1],["l16","l17","l18","l19","l20"]],["SamplePerfectTile",["l5"],[5,64],["v21","v22","v23","v24","v25"]],["Split",["l5","v21","v22","v23","v24","v25"],[1],["l26","l27","l28","l29","l30"]],["SamplePerfectTile",["l6"],[5,64],["v31","v32","v33","v34","v35"]],["Split",["l6","v31","v32","v33","v34","v35"],[1],["l36","l37","l38","l39","l40"]],["SamplePerfectTile",["l7"],[5,64],["v41","v42","v43","v44","v45"]],["Split",["l7","v41","v42","v43","v44","v45"],[1],["l46","l47","l48","l49","l50"]],["SamplePerfectTile",["l8"],[3,64],["v51","v52","v53"]],["Split",["l8","v51","v52","v53"],[1],["l54","l55","l56"]],["SamplePerfectTile",["l9"],[3,64],["v57","v58","v59"]],["Split",["l9","v57","v58","v59"],[1],["l60","l61","l62"]],["SamplePerfectTile",["l10"],[3,64],["v63","v64","v65"]],["Split",["l10","v63","v64","v65"],[1],["l66","l67","l68"]],["Reorder",["l16","l26","l36","l46","l17","l27","l37","l47","l18","l28","l38","l48","l54","l60","l66","l55","l61","l67","l19","l29","l39","l49","l56","l62","l68","l20","l30","l40","l50"],[],[]],["Fuse",["l16","l26","l36","l46"],[1],["l69"]],["Bind",["l69"],["blockIdx.x"],[]],["Fuse",["l17","l27","l37","l47"],[1],["l70"]],["Bind",["l70"],["vthread.x"],[]],["Fuse",["l18","l28","l38","l48"],[1],["l71"]],["Bind",["l71"],["threadIdx.x"],[]],["Annotate",["b1",32],["meta_schedule.thread_extent_low_inclusive"],[]],["Annotate",["b1",1024],["meta_schedule.thread_extent_high_inclusive"],[]],["CacheWrite",["b1",[]],[0,"local"],["b72"]],["ReverseComputeAt",["b72","l71"],[1,-1],[]],["CacheRead",["b1",["b1"]],[0,"shared"],["b73"]],["ComputeAt",["b73","l66"],[1,-1],[]],["GetLoops",["b73"],[],["l74","l75","l76","l77","l78","l79","l80","l81","l82","l83"]],["Fuse",["l80","l81","l82","l83"],[1],["l84"]],["SampleCategorical",[],[[1,2,3,4],[0.25,0.25,0.25,0.25]],["v85"]],["Annotate",["b73","v85"],["meta_schedule.cooperative_fetch"],[]],["CacheRead",["b1",["b1"]],[1,"shared"],["b86"]],["ComputeAt",["b86","l66"],[1,-1],[]],["GetLoops",["b86"],[],["l87","l88","l89","l90","l91","l92","l93","l94","l95","l96"]],["Fuse",["l93","l94","l95","l96"],[1],["l97"]],["SampleCategorical",[],[[1,2,3,4],[0.25,0.25,0.25,0.25]],["v98"]],["Annotate",["b86","v98"],["meta_schedule.cooperative_fetch"],[]],["ReverseComputeInline",["b2"],[],[]],["ComputeInline",["b0"],[],[]],["SampleCategorical",[],[[0,16,64,512,1024],[0.2000000000000000111,0.2000000000000000111,0.2000000000000000111,0.2000000000000000111,0.2000000000000000111]],["v99"]],["Annotate",["b3","v99"],["meta_schedule.unroll_explicit"],[]],["EnterPostproc",[],[],[]],["Unannotate",["b73"],["meta_schedule.cooperative_fetch"],[]],["GetLoops",["b73"],[],["l100","l101","l102","l103","l104","l105","l106"]],["Split",["l106","None",64],[1],["l107","l108"]],["Bind",["l108"],["threadIdx.x"],[]],["Unannotate",["b86"],["meta_schedule.cooperative_fetch"],[]],["GetLoops",["b86"],[],["l109","l110","l111","l112","l113","l114","l115"]],["Split",["l115","None",64,4],[1],["l116","l117","l118"]],["Vectorize",["l118"],[],[]],["Bind",["l117"],["threadIdx.x"],[]],["GetBlock",[],["root","main"],["b119"]],["Unannotate",["b119"],["meta_schedule.unroll_explicit"],[]],["GetChildBlocks",["b119"],[],["b120","b121","b122","b123"]],["GetLoops",["b120"],[],["l124","l125","l126","l127","l128","l129","l130","l131"]],["Annotate",["l124",64],["pragma_auto_unroll_max_step"],[]],["Annotate",["l124",1],["pragma_unroll_explicit"],[]],["GetLoops",["b121"],[],["l132","l133","l134","l135","l136","l137","l138","l139","l140"]],["Annotate",["l132",64],["pragma_auto_unroll_max_step"],[]],["Annotate",["l132",1],["pragma_unroll_explicit"],[]],["GetLoops",["b122"],[],["l141","l142","l143","l144","l145","l146","l147","l148","l149","l150","l151","l152","l153","l154","l155","l156","l157","l158","l159","l160"]],["Annotate",["l141",64],["pragma_auto_unroll_max_step"],[]],["Annotate",["l141",1],["pragma_unroll_explicit"],[]],["GetLoops",["b123"],[],["l161","l162","l163","l164","l165","l166","l167"]],["Annotate",["l161",64],["pragma_auto_unroll_max_step"],[]],["Annotate",["l161",1],["pragma_unroll_explicit"],[]],["GetBlock",[],["conv2d_nhwc","main"],["b168"]],["GetLoops",["b168"],[],["l169","l170","l171","l172","l173","l174","l175","l176","l177","l178","l179","l180","l181","l182","l183","l184","l185","l186","l187","l188"]],["DecomposeReduction",["b168","l172"],[],["b189"]]],[[6,[1,1,1,1,1]],[8,[32,1,1,2,2]],[10,[2,2,32,1,1]],[12,[2,2,2,2,1]],[14,[1,1,1]],[16,[1,1,1]],[18,[16,1,2]],[35,2],[41,3],[45,2]]],[0],{"arch":"sm_70","keys":["cuda","gpu"],"kind":"cuda","max_num_threads":1024,"max_shared_memory_per_block":49152,"max_threads_per_block":1024,"registers_per_block":65536,"tag":"","thread_warp_size":32},[["TENSOR","float32",[1,128,128,32]],["TENSOR","float32",[1,1,32,16]],["TENSOR","float32",[1,1,1,16]],["TENSOR","float32",[1,128,128,16]]]]]
[0,[[[["GetBlock",[],["pad_temp","main"],["b0"]],["GetBlock",[],["conv2d_nhwc","main"],["b1"]],["GetBlock",[],["T_add","main"],["b2"]],["GetBlock",[],["root","main"],["b3"]],["Annotate",["b1","\"SSSRRSRS\""],["meta_schedule.tiling_structure"],[]],["GetLoops",["b1"],[],["l4","l5","l6","l7","l8","l9","l10"]],["SamplePerfectTile",["l4"],[5,64],["v11","v12","v13","v14","v15"]],["Split",["l4","v11","v12","v13","v14","v15"],[1],["l16","l17","l18","l19","l20"]],["SamplePerfectTile",["l5"],[5,64],["v21","v22","v23","v24","v25"]],["Split",["l5","v21","v22","v23","v24","v25"],[1],["l26","l27","l28","l29","l30"]],["SamplePerfectTile",["l6"],[5,64],["v31","v32","v33","v34","v35"]],["Split",["l6","v31","v32","v33","v34","v35"],[1],["l36","l37","l38","l39","l40"]],["SamplePerfectTile",["l7"],[5,64],["v41","v42","v43","v44","v45"]],["Split",["l7","v41","v42","v43","v44","v45"],[1],["l46","l47","l48","l49","l50"]],["SamplePerfectTile",["l8"],[3,64],["v51","v52","v53"]],["Split",["l8","v51","v52","v53"],[1],["l54","l55","l56"]],["SamplePerfectTile",["l9"],[3,64],["v57","v58","v59"]],["Split",["l9","v57","v58","v59"],[1],["l60","l61","l62"]],["SamplePerfectTile",["l10"],[3,64],["v63","v64","v65"]],["Split",["l10","v63","v64","v65"],[1],["l66","l67","l68"]],["Reorder",["l16","l26","l36","l46","l17","l27","l37","l47","l18","l28","l38","l48","l54","l60","l66","l55","l61","l67","l19","l29","l39","l49","l56","l62","l68","l20","l30","l40","l50"],[],[]],["Fuse",["l16","l26","l36","l46"],[1],["l69"]],["Bind",["l69"],["blockIdx.x"],[]],["Fuse",["l17","l27","l37","l47"],[1],["l70"]],["Bind",["l70"],["vthread.x"],[]],["Fuse",["l18","l28","l38","l48"],[1],["l71"]],["Bind",["l71"],["threadIdx.x"],[]],["Annotate",["b1",32],["meta_schedule.thread_extent_low_inclusive"],[]],["Annotate",["b1",1024],["meta_schedule.thread_extent_high_inclusive"],[]],["CacheWrite",["b1",[]],[0,"local"],["b72"]],["ReverseComputeAt",["b72","l71"],[1,-1],[]],["CacheRead",["b1",["b1"]],[0,"shared"],["b73"]],["ComputeAt",["b73","l66"],[1,-1],[]],["GetLoops",["b73"],[],["l74","l75","l76","l77","l78","l79","l80","l81","l82","l83"]],["Fuse",["l80","l81","l82","l83"],[1],["l84"]],["SampleCategorical",[],[[1,2,3,4],[0.25,0.25,0.25,0.25]],["v85"]],["Annotate",["b73","v85"],["meta_schedule.cooperative_fetch"],[]],["CacheRead",["b1",["b1"]],[1,"shared"],["b86"]],["ComputeAt",["b86","l66"],[1,-1],[]],["GetLoops",["b86"],[],["l87","l88","l89","l90","l91","l92","l93","l94","l95","l96"]],["Fuse",["l93","l94","l95","l96"],[1],["l97"]],["SampleCategorical",[],[[1,2,3,4],[0.25,0.25,0.25,0.25]],["v98"]],["Annotate",["b86","v98"],["meta_schedule.cooperative_fetch"],[]],["ReverseComputeInline",["b2"],[],[]],["ComputeInline",["b0"],[],[]],["SampleCategorical",[],[[0,16,64,512,1024],[0.2000000000000000111,0.2000000000000000111,0.2000000000000000111,0.2000000000000000111,0.2000000000000000111]],["v99"]],["Annotate",["b3","v99"],["meta_schedule.unroll_explicit"],[]],["EnterPostproc",[],[],[]],["Unannotate",["b73"],["meta_schedule.cooperative_fetch"],[]],["GetLoops",["b73"],[],["l100","l101","l102","l103","l104","l105","l106"]],["Split",["l106","None",256,2],[1],["l107","l108","l109"]],["Vectorize",["l109"],[],[]],["Bind",["l108"],["threadIdx.x"],[]],["Unannotate",["b86"],["meta_schedule.cooperative_fetch"],[]],["GetLoops",["b86"],[],["l110","l111","l112","l113","l114","l115","l116"]],["Split",["l116","None",256,4],[1],["l117","l118","l119"]],["Vectorize",["l119"],[],[]],["Bind",["l118"],["threadIdx.x"],[]],["GetBlock",[],["root","main"],["b120"]],["Unannotate",["b120"],["meta_schedule.unroll_explicit"],[]],["GetChildBlocks",["b120"],[],["b121","b122","b123","b124"]],["GetLoops",["b121"],[],["l125","l126","l127","l128","l129","l130","l131","l132","l133"]],["Annotate",["l125",1024],["pragma_auto_unroll_max_step"],[]],["Annotate",["l125",1],["pragma_unroll_explicit"],[]],["GetLoops",["b122"],[],["l134","l135","l136","l137","l138","l139","l140","l141","l142"]],["Annotate",["l134",1024],["pragma_auto_unroll_max_step"],[]],["Annotate",["l134",1],["pragma_unroll_explicit"],[]],["GetLoops",["b123"],[],["l143","l144","l145","l146","l147","l148","l149","l150","l151","l152","l153","l154","l155","l156","l157","l158","l159","l160","l161","l162"]],["Annotate",["l143",1024],["pragma_auto_unroll_max_step"],[]],["Annotate",["l143",1],["pragma_unroll_explicit"],[]],["GetLoops",["b124"],[],["l163","l164","l165","l166","l167","l168","l169"]],["Annotate",["l163",1024],["pragma_auto_unroll_max_step"],[]],["Annotate",["l163",1],["pragma_unroll_explicit"],[]],["GetBlock",[],["conv2d_nhwc","main"],["b170"]],["GetLoops",["b170"],[],["l171","l172","l173","l174","l175","l176","l177","l178","l179","l180","l181","l182","l183","l184","l185","l186","l187","l188","l189","l190"]],["DecomposeReduction",["b170","l174"],[],["b191"]]],[[6,[1,1,1,1,1]],[8,[1,1,64,2,1]],[10,[32,1,2,1,2]],[12,[1,1,2,1,8]],[14,[1,1,1]],[16,[1,1,1]],[18,[4,4,2]],[35,1],[41,3],[45,4]]],[0],{"arch":"sm_70","keys":["cuda","gpu"],"kind":"cuda","max_num_threads":1024,"max_shared_memory_per_block":49152,"max_threads_per_block":1024,"registers_per_block":65536,"tag":"","thread_warp_size":32},[["TENSOR","float32",[1,128,128,32]],["TENSOR","float32",[1,1,32,16]],["TENSOR","float32",[1,1,1,16]],["TENSOR","float32",[1,128,128,16]]]]]
