[0,[[[["GetBlock",[],["adaptive_pool_sum","main"],["b0"]],["GetBlock",[],["adaptive_pool_avg","main"],["b1"]],["GetBlock",[],["root","main"],["b2"]],["Unannotate",["b1"],["schedule_rule"],[]],["SampleCategorical",[],[[0,16,64,512,1024],[0.2000000000000000111,0.2000000000000000111,0.2000000000000000111,0.2000000000000000111,0.2000000000000000111]],["v3"]],["Annotate",["b2","v3"],["meta_schedule.unroll_explicit"],[]],["GetLoops",["b1"],[],["l4","l5","l6","l7"]],["Fuse",["l4","l5","l6","l7"],[1],["l8"]],["SampleCategorical",[],[[32,64,128,256,512],[0.2000000000000000111,0.2000000000000000111,0.2000000000000000111,0.2000000000000000111,0.2000000000000000111]],["v9"]],["Split",["l8","None","v9"],[1],["l10","l11"]],["Bind",["l10"],["blockIdx.x"],[]],["Bind",["l11"],["threadIdx.x"],[]],["GetLoops",["b0"],[],["l12","l13","l14","l15","l16","l17"]],["Fuse",["l12","l13","l14","l15"],[1],["l18"]],["SampleCategorical",[],[[32,64,128,256,512],[0.2000000000000000111,0.2000000000000000111,0.2000000000000000111,0.2000000000000000111,0.2000000000000000111]],["v19"]],["Split",["l18","None","v19"],[1],["l20","l21"]],["Bind",["l20"],["blockIdx.x"],[]],["Bind",["l21"],["threadIdx.x"],[]],["EnterPostproc",[],[],[]],["GetBlock",[],["root","main"],["b22"]],["Unannotate",["b22"],["meta_schedule.unroll_explicit"],[]],["GetChildBlocks",["b22"],[],["b23","b24"]],["GetLoops",["b23"],[],["l25","l26","l27","l28"]],["Annotate",["l25",16],["pragma_auto_unroll_max_step"],[]],["Annotate",["l25",1],["pragma_unroll_explicit"],[]],["GetLoops",["b24"],[],["l29","l30"]],["Annotate",["l29",16],["pragma_auto_unroll_max_step"],[]],["Annotate",["l29",1],["pragma_unroll_explicit"],[]],["GetBlock",[],["adaptive_pool_sum","main"],["b31"]],["GetLoops",["b31"],[],["l32","l33","l34","l35"]],["DecomposeReduction",["b31","l34"],[],["b36"]]],[[4,1],[8,0],[14,2]]],[0],{"arch":"sm_70","keys":["cuda","gpu"],"kind":"cuda","max_num_threads":1024,"max_shared_memory_per_block":49152,"max_threads_per_block":1024,"registers_per_block":65536,"tag":"","thread_warp_size":32},[["TENSOR","float32",[8,32,32,72]],["TENSOR","float32",[8,1,1,72]]]]]
[0,[[[["GetBlock",[],["adaptive_pool_sum","main"],["b0"]],["GetBlock",[],["adaptive_pool_avg","main"],["b1"]],["GetBlock",[],["root","main"],["b2"]],["Unannotate",["b1"],["schedule_rule"],[]],["SampleCategorical",[],[[0,16,64,512,1024],[0.2000000000000000111,0.2000000000000000111,0.2000000000000000111,0.2000000000000000111,0.2000000000000000111]],["v3"]],["Annotate",["b2","v3"],["meta_schedule.unroll_explicit"],[]],["GetLoops",["b1"],[],["l4","l5","l6","l7"]],["Fuse",["l4","l5","l6","l7"],[1],["l8"]],["SampleCategorical",[],[[32,64,128,256,512],[0.2000000000000000111,0.2000000000000000111,0.2000000000000000111,0.2000000000000000111,0.2000000000000000111]],["v9"]],["Split",["l8","None","v9"],[1],["l10","l11"]],["Bind",["l10"],["blockIdx.x"],[]],["Bind",["l11"],["threadIdx.x"],[]],["GetLoops",["b0"],[],["l12","l13","l14","l15","l16","l17"]],["Fuse",["l12","l13","l14","l15"],[1],["l18"]],["SampleCategorical",[],[[32,64,128,256,512],[0.2000000000000000111,0.2000000000000000111,0.2000000000000000111,0.2000000000000000111,0.2000000000000000111]],["v19"]],["Split",["l18","None","v19"],[1],["l20","l21"]],["Bind",["l20"],["blockIdx.x"],[]],["Bind",["l21"],["threadIdx.x"],[]],["EnterPostproc",[],[],[]],["GetBlock",[],["root","main"],["b22"]],["Unannotate",["b22"],["meta_schedule.unroll_explicit"],[]],["GetChildBlocks",["b22"],[],["b23","b24"]],["GetLoops",["b23"],[],["l25","l26","l27","l28"]],["Annotate",["l25",16],["pragma_auto_unroll_max_step"],[]],["Annotate",["l25",1],["pragma_unroll_explicit"],[]],["GetLoops",["b24"],[],["l29","l30"]],["Annotate",["l29",16],["pragma_auto_unroll_max_step"],[]],["Annotate",["l29",1],["pragma_unroll_explicit"],[]],["GetBlock",[],["adaptive_pool_sum","main"],["b31"]],["GetLoops",["b31"],[],["l32","l33","l34","l35"]],["DecomposeReduction",["b31","l34"],[],["b36"]]],[[4,1],[8,2],[14,3]]],[0],{"arch":"sm_70","keys":["cuda","gpu"],"kind":"cuda","max_num_threads":1024,"max_shared_memory_per_block":49152,"max_threads_per_block":1024,"registers_per_block":65536,"tag":"","thread_warp_size":32},[["TENSOR","float32",[8,32,32,72]],["TENSOR","float32",[8,1,1,72]]]]]
[0,[[[["GetBlock",[],["adaptive_pool_sum","main"],["b0"]],["GetBlock",[],["adaptive_pool_avg","main"],["b1"]],["GetBlock",[],["root","main"],["b2"]],["Unannotate",["b1"],["schedule_rule"],[]],["SampleCategorical",[],[[0,16,64,512,1024],[0.2000000000000000111,0.2000000000000000111,0.2000000000000000111,0.2000000000000000111,0.2000000000000000111]],["v3"]],["Annotate",["b2","v3"],["meta_schedule.unroll_explicit"],[]],["GetLoops",["b1"],[],["l4","l5","l6","l7"]],["Fuse",["l4","l5","l6","l7"],[1],["l8"]],["SampleCategorical",[],[[32,64,128,256,512],[0.2000000000000000111,0.2000000000000000111,0.2000000000000000111,0.2000000000000000111,0.2000000000000000111]],["v9"]],["Split",["l8","None","v9"],[1],["l10","l11"]],["Bind",["l10"],["blockIdx.x"],[]],["Bind",["l11"],["threadIdx.x"],[]],["GetLoops",["b0"],[],["l12","l13","l14","l15","l16","l17"]],["Fuse",["l12","l13","l14","l15"],[1],["l18"]],["SampleCategorical",[],[[32,64,128,256,512],[0.2000000000000000111,0.2000000000000000111,0.2000000000000000111,0.2000000000000000111,0.2000000000000000111]],["v19"]],["Split",["l18","None","v19"],[1],["l20","l21"]],["Bind",["l20"],["blockIdx.x"],[]],["Bind",["l21"],["threadIdx.x"],[]],["EnterPostproc",[],[],[]],["GetBlock",[],["root","main"],["b22"]],["Unannotate",["b22"],["meta_schedule.unroll_explicit"],[]],["GetChildBlocks",["b22"],[],["b23","b24"]],["GetLoops",["b23"],[],["l25","l26","l27","l28"]],["Annotate",["l25",512],["pragma_auto_unroll_max_step"],[]],["Annotate",["l25",1],["pragma_unroll_explicit"],[]],["GetLoops",["b24"],[],["l29","l30"]],["Annotate",["l29",512],["pragma_auto_unroll_max_step"],[]],["Annotate",["l29",1],["pragma_unroll_explicit"],[]],["GetBlock",[],["adaptive_pool_sum","main"],["b31"]],["GetLoops",["b31"],[],["l32","l33","l34","l35"]],["DecomposeReduction",["b31","l34"],[],["b36"]]],[[4,3],[8,2],[14,4]]],[0],{"arch":"sm_70","keys":["cuda","gpu"],"kind":"cuda","max_num_threads":1024,"max_shared_memory_per_block":49152,"max_threads_per_block":1024,"registers_per_block":65536,"tag":"","thread_warp_size":32},[["TENSOR","float32",[8,32,32,72]],["TENSOR","float32",[8,1,1,72]]]]]
[0,[[[["GetBlock",[],["adaptive_pool_sum","main"],["b0"]],["GetBlock",[],["adaptive_pool_avg","main"],["b1"]],["GetBlock",[],["root","main"],["b2"]],["Unannotate",["b1"],["schedule_rule"],[]],["SampleCategorical",[],[[0,16,64,512,1024],[0.2000000000000000111,0.2000000000000000111,0.2000000000000000111,0.2000000000000000111,0.2000000000000000111]],["v3"]],["Annotate",["b2","v3"],["meta_schedule.unroll_explicit"],[]],["GetLoops",["b1"],[],["l4","l5","l6","l7"]],["Fuse",["l4","l5","l6","l7"],[1],["l8"]],["SampleCategorical",[],[[32,64,128,256,512],[0.2000000000000000111,0.2000000000000000111,0.2000000000000000111,0.2000000000000000111,0.2000000000000000111]],["v9"]],["Split",["l8","None","v9"],[1],["l10","l11"]],["Bind",["l10"],["blockIdx.x"],[]],["Bind",["l11"],["threadIdx.x"],[]],["GetLoops",["b0"],[],["l12","l13","l14","l15","l16","l17"]],["Fuse",["l12","l13","l14","l15"],[1],["l18"]],["SampleCategorical",[],[[32,64,128,256,512],[0.2000000000000000111,0.2000000000000000111,0.2000000000000000111,0.2000000000000000111,0.2000000000000000111]],["v19"]],["Split",["l18","None","v19"],[1],["l20","l21"]],["Bind",["l20"],["blockIdx.x"],[]],["Bind",["l21"],["threadIdx.x"],[]],["EnterPostproc",[],[],[]],["GetBlock",[],["root","main"],["b22"]],["Unannotate",["b22"],["meta_schedule.unroll_explicit"],[]],["GetChildBlocks",["b22"],[],["b23","b24"]],["GetLoops",["b23"],[],["l25","l26","l27","l28"]],["GetLoops",["b24"],[],["l29","l30"]],["GetBlock",[],["adaptive_pool_sum","main"],["b31"]],["GetLoops",["b31"],[],["l32","l33","l34","l35"]],["DecomposeReduction",["b31","l34"],[],["b36"]]],[[4,0],[8,0],[14,4]]],[0],{"arch":"sm_70","keys":["cuda","gpu"],"kind":"cuda","max_num_threads":1024,"max_shared_memory_per_block":49152,"max_threads_per_block":1024,"registers_per_block":65536,"tag":"","thread_warp_size":32},[["TENSOR","float32",[8,32,32,72]],["TENSOR","float32",[8,1,1,72]]]]]
[0,[[[["GetBlock",[],["adaptive_pool_sum","main"],["b0"]],["GetBlock",[],["adaptive_pool_avg","main"],["b1"]],["GetBlock",[],["root","main"],["b2"]],["Unannotate",["b1"],["schedule_rule"],[]],["GetConsumers",["b0"],[],["b3"]],["GetLoops",["b3"],[],["l4","l5","l6","l7"]],["SampleCategorical",[],[[4,8,16,32,64,128,256,512],[0.125,0.125,0.125,0.125,0.125,0.125,0.125,0.125]],["v8"]],["Split",["l7","None","v8"],[1],["l9","l10"]],["Bind",["l10"],["threadIdx.x"],[]],["ComputeAt",["b0","l9"],[1,-1],[]],["SetScope",["b0"],[0,"shared"],[]],["GetLoops",["b0"],[],["l11","l12","l13","l14","l15","l16","l17","l18","l19","l20"]],["Fuse",["l19","l20"],[1],["l21"]],["Split",["l21","None","v8"],[1],["l22","l23"]],["Bind",["l23"],["threadIdx.x"],[]],["SampleCategorical",[],[[0,16,64,512,1024],[0.2000000000000000111,0.2000000000000000111,0.2000000000000000111,0.2000000000000000111,0.2000000000000000111]],["v24"]],["Annotate",["b2","v24"],["meta_schedule.unroll_explicit"],[]],["GetLoops",["b1"],[],["l25","l26","l27","l28","l29"]],["Fuse",["l25","l26","l27","l28"],[1],["l30"]],["Bind",["l30"],["blockIdx.x"],[]],["EnterPostproc",[],[],[]],["GetBlock",[],["root","main"],["b31"]],["Unannotate",["b31"],["meta_schedule.unroll_explicit"],[]],["GetChildBlocks",["b31"],[],["b32","b33"]],["GetLoops",["b32"],[],["l34","l35","l36","l37","l38","l39","l40"]],["GetLoops",["b33"],[],["l41","l42"]]],[[6,0],[15,0]]],[0],{"arch":"sm_70","keys":["cuda","gpu"],"kind":"cuda","max_num_threads":1024,"max_shared_memory_per_block":49152,"max_threads_per_block":1024,"registers_per_block":65536,"tag":"","thread_warp_size":32},[["TENSOR","float32",[8,32,32,72]],["TENSOR","float32",[8,1,1,72]]]]]
[0,[[[["GetBlock",[],["adaptive_pool_sum","main"],["b0"]],["GetBlock",[],["adaptive_pool_avg","main"],["b1"]],["GetBlock",[],["root","main"],["b2"]],["Unannotate",["b1"],["schedule_rule"],[]],["SampleCategorical",[],[[0,16,64,512,1024],[0.2000000000000000111,0.2000000000000000111,0.2000000000000000111,0.2000000000000000111,0.2000000000000000111]],["v3"]],["Annotate",["b2","v3"],["meta_schedule.unroll_explicit"],[]],["GetLoops",["b1"],[],["l4","l5","l6","l7"]],["Fuse",["l4","l5","l6","l7"],[1],["l8"]],["SampleCategorical",[],[[32,64,128,256,512],[0.2000000000000000111,0.2000000000000000111,0.2000000000000000111,0.2000000000000000111,0.2000000000000000111]],["v9"]],["Split",["l8","None","v9"],[1],["l10","l11"]],["Bind",["l10"],["blockIdx.x"],[]],["Bind",["l11"],["threadIdx.x"],[]],["GetLoops",["b0"],[],["l12","l13","l14","l15","l16","l17"]],["Fuse",["l12","l13","l14","l15"],[1],["l18"]],["SampleCategorical",[],[[32,64,128,256,512],[0.2000000000000000111,0.2000000000000000111,0.2000000000000000111,0.2000000000000000111,0.2000000000000000111]],["v19"]],["Split",["l18","None","v19"],[1],["l20","l21"]],["Bind",["l20"],["blockIdx.x"],[]],["Bind",["l21"],["threadIdx.x"],[]],["EnterPostproc",[],[],[]],["GetBlock",[],["root","main"],["b22"]],["Unannotate",["b22"],["meta_schedule.unroll_explicit"],[]],["GetChildBlocks",["b22"],[],["b23","b24"]],["GetLoops",["b23"],[],["l25","l26","l27","l28"]],["Annotate",["l25",16],["pragma_auto_unroll_max_step"],[]],["Annotate",["l25",1],["pragma_unroll_explicit"],[]],["GetLoops",["b24"],[],["l29","l30"]],["Annotate",["l29",16],["pragma_auto_unroll_max_step"],[]],["Annotate",["l29",1],["pragma_unroll_explicit"],[]],["GetBlock",[],["adaptive_pool_sum","main"],["b31"]],["GetLoops",["b31"],[],["l32","l33","l34","l35"]],["DecomposeReduction",["b31","l34"],[],["b36"]]],[[4,1],[8,1],[14,0]]],[0],{"arch":"sm_70","keys":["cuda","gpu"],"kind":"cuda","max_num_threads":1024,"max_shared_memory_per_block":49152,"max_threads_per_block":1024,"registers_per_block":65536,"tag":"","thread_warp_size":32},[["TENSOR","float32",[8,32,32,72]],["TENSOR","float32",[8,1,1,72]]]]]
[0,[[[["GetBlock",[],["adaptive_pool_sum","main"],["b0"]],["GetBlock",[],["adaptive_pool_avg","main"],["b1"]],["GetBlock",[],["root","main"],["b2"]],["Unannotate",["b1"],["schedule_rule"],[]],["GetConsumers",["b0"],[],["b3"]],["GetLoops",["b3"],[],["l4","l5","l6","l7"]],["SampleCategorical",[],[[4,8,16,32,64,128,256,512],[0.125,0.125,0.125,0.125,0.125,0.125,0.125,0.125]],["v8"]],["Split",["l7","None","v8"],[1],["l9","l10"]],["Bind",["l10"],["threadIdx.x"],[]],["ComputeAt",["b0","l9"],[1,-1],[]],["SetScope",["b0"],[0,"shared"],[]],["GetLoops",["b0"],[],["l11","l12","l13","l14","l15","l16","l17","l18","l19","l20"]],["Fuse",["l19","l20"],[1],["l21"]],["Split",["l21","None","v8"],[1],["l22","l23"]],["Bind",["l23"],["threadIdx.x"],[]],["SampleCategorical",[],[[0,16,64,512,1024],[0.2000000000000000111,0.2000000000000000111,0.2000000000000000111,0.2000000000000000111,0.2000000000000000111]],["v24"]],["Annotate",["b2","v24"],["meta_schedule.unroll_explicit"],[]],["GetLoops",["b1"],[],["l25","l26","l27","l28","l29"]],["Fuse",["l25","l26","l27","l28"],[1],["l30"]],["Bind",["l30"],["blockIdx.x"],[]],["EnterPostproc",[],[],[]],["GetBlock",[],["root","main"],["b31"]],["Unannotate",["b31"],["meta_schedule.unroll_explicit"],[]],["GetChildBlocks",["b31"],[],["b32","b33"]],["GetLoops",["b32"],[],["l34","l35","l36","l37","l38","l39","l40"]],["Annotate",["l34",1024],["pragma_auto_unroll_max_step"],[]],["Annotate",["l34",1],["pragma_unroll_explicit"],[]],["GetLoops",["b33"],[],["l41","l42"]],["Annotate",["l41",1024],["pragma_auto_unroll_max_step"],[]],["Annotate",["l41",1],["pragma_unroll_explicit"],[]]],[[6,5],[15,4]]],[0],{"arch":"sm_70","keys":["cuda","gpu"],"kind":"cuda","max_num_threads":1024,"max_shared_memory_per_block":49152,"max_threads_per_block":1024,"registers_per_block":65536,"tag":"","thread_warp_size":32},[["TENSOR","float32",[8,32,32,72]],["TENSOR","float32",[8,1,1,72]]]]]
[0,[[[["GetBlock",[],["adaptive_pool_sum","main"],["b0"]],["GetBlock",[],["adaptive_pool_avg","main"],["b1"]],["GetBlock",[],["root","main"],["b2"]],["Unannotate",["b1"],["schedule_rule"],[]],["SampleCategorical",[],[[0,16,64,512,1024],[0.2000000000000000111,0.2000000000000000111,0.2000000000000000111,0.2000000000000000111,0.2000000000000000111]],["v3"]],["Annotate",["b2","v3"],["meta_schedule.unroll_explicit"],[]],["GetLoops",["b1"],[],["l4","l5","l6","l7"]],["Fuse",["l4","l5","l6","l7"],[1],["l8"]],["SampleCategorical",[],[[32,64,128,256,512],[0.2000000000000000111,0.2000000000000000111,0.2000000000000000111,0.2000000000000000111,0.2000000000000000111]],["v9"]],["Split",["l8","None","v9"],[1],["l10","l11"]],["Bind",["l10"],["blockIdx.x"],[]],["Bind",["l11"],["threadIdx.x"],[]],["GetLoops",["b0"],[],["l12","l13","l14","l15","l16","l17"]],["Fuse",["l12","l13","l14","l15"],[1],["l18"]],["SampleCategorical",[],[[32,64,128,256,512],[0.2000000000000000111,0.2000000000000000111,0.2000000000000000111,0.2000000000000000111,0.2000000000000000111]],["v19"]],["Split",["l18","None","v19"],[1],["l20","l21"]],["Bind",["l20"],["blockIdx.x"],[]],["Bind",["l21"],["threadIdx.x"],[]],["EnterPostproc",[],[],[]],["GetBlock",[],["root","main"],["b22"]],["Unannotate",["b22"],["meta_schedule.unroll_explicit"],[]],["GetChildBlocks",["b22"],[],["b23","b24"]],["GetLoops",["b23"],[],["l25","l26","l27","l28"]],["GetLoops",["b24"],[],["l29","l30"]],["GetBlock",[],["adaptive_pool_sum","main"],["b31"]],["GetLoops",["b31"],[],["l32","l33","l34","l35"]],["DecomposeReduction",["b31","l34"],[],["b36"]]],[[4,0],[8,4],[14,3]]],[0],{"arch":"sm_70","keys":["cuda","gpu"],"kind":"cuda","max_num_threads":1024,"max_shared_memory_per_block":49152,"max_threads_per_block":1024,"registers_per_block":65536,"tag":"","thread_warp_size":32},[["TENSOR","float32",[8,32,32,72]],["TENSOR","float32",[8,1,1,72]]]]]
[0,[[[["GetBlock",[],["adaptive_pool_sum","main"],["b0"]],["GetBlock",[],["adaptive_pool_avg","main"],["b1"]],["GetBlock",[],["root","main"],["b2"]],["Unannotate",["b1"],["schedule_rule"],[]],["GetConsumers",["b0"],[],["b3"]],["GetLoops",["b3"],[],["l4","l5","l6","l7"]],["SampleCategorical",[],[[4,8,16,32,64,128,256,512],[0.125,0.125,0.125,0.125,0.125,0.125,0.125,0.125]],["v8"]],["Split",["l7","None","v8"],[1],["l9","l10"]],["Bind",["l10"],["threadIdx.x"],[]],["ComputeAt",["b0","l9"],[1,-1],[]],["SetScope",["b0"],[0,"shared"],[]],["GetLoops",["b0"],[],["l11","l12","l13","l14","l15","l16","l17","l18","l19","l20"]],["Fuse",["l19","l20"],[1],["l21"]],["Split",["l21","None","v8"],[1],["l22","l23"]],["Bind",["l23"],["threadIdx.x"],[]],["SampleCategorical",[],[[0,16,64,512,1024],[0.2000000000000000111,0.2000000000000000111,0.2000000000000000111,0.2000000000000000111,0.2000000000000000111]],["v24"]],["Annotate",["b2","v24"],["meta_schedule.unroll_explicit"],[]],["GetLoops",["b1"],[],["l25","l26","l27","l28","l29"]],["Fuse",["l25","l26","l27","l28"],[1],["l30"]],["Bind",["l30"],["blockIdx.x"],[]],["EnterPostproc",[],[],[]],["GetBlock",[],["root","main"],["b31"]],["Unannotate",["b31"],["meta_schedule.unroll_explicit"],[]],["GetChildBlocks",["b31"],[],["b32","b33"]],["GetLoops",["b32"],[],["l34","l35","l36","l37","l38","l39","l40"]],["Annotate",["l34",16],["pragma_auto_unroll_max_step"],[]],["Annotate",["l34",1],["pragma_unroll_explicit"],[]],["GetLoops",["b33"],[],["l41","l42"]],["Annotate",["l41",16],["pragma_auto_unroll_max_step"],[]],["Annotate",["l41",1],["pragma_unroll_explicit"],[]]],[[6,3],[15,1]]],[0],{"arch":"sm_70","keys":["cuda","gpu"],"kind":"cuda","max_num_threads":1024,"max_shared_memory_per_block":49152,"max_threads_per_block":1024,"registers_per_block":65536,"tag":"","thread_warp_size":32},[["TENSOR","float32",[8,32,32,72]],["TENSOR","float32",[8,1,1,72]]]]]
[0,[[[["GetBlock",[],["adaptive_pool_sum","main"],["b0"]],["GetBlock",[],["adaptive_pool_avg","main"],["b1"]],["GetBlock",[],["root","main"],["b2"]],["Unannotate",["b1"],["schedule_rule"],[]],["SampleCategorical",[],[[0,16,64,512,1024],[0.2000000000000000111,0.2000000000000000111,0.2000000000000000111,0.2000000000000000111,0.2000000000000000111]],["v3"]],["Annotate",["b2","v3"],["meta_schedule.unroll_explicit"],[]],["GetLoops",["b1"],[],["l4","l5","l6","l7"]],["Fuse",["l4","l5","l6","l7"],[1],["l8"]],["SampleCategorical",[],[[32,64,128,256,512],[0.2000000000000000111,0.2000000000000000111,0.2000000000000000111,0.2000000000000000111,0.2000000000000000111]],["v9"]],["Split",["l8","None","v9"],[1],["l10","l11"]],["Bind",["l10"],["blockIdx.x"],[]],["Bind",["l11"],["threadIdx.x"],[]],["GetLoops",["b0"],[],["l12","l13","l14","l15","l16","l17"]],["Fuse",["l12","l13","l14","l15"],[1],["l18"]],["SampleCategorical",[],[[32,64,128,256,512],[0.2000000000000000111,0.2000000000000000111,0.2000000000000000111,0.2000000000000000111,0.2000000000000000111]],["v19"]],["Split",["l18","None","v19"],[1],["l20","l21"]],["Bind",["l20"],["blockIdx.x"],[]],["Bind",["l21"],["threadIdx.x"],[]],["EnterPostproc",[],[],[]],["GetBlock",[],["root","main"],["b22"]],["Unannotate",["b22"],["meta_schedule.unroll_explicit"],[]],["GetChildBlocks",["b22"],[],["b23","b24"]],["GetLoops",["b23"],[],["l25","l26","l27","l28"]],["GetLoops",["b24"],[],["l29","l30"]],["GetBlock",[],["adaptive_pool_sum","main"],["b31"]],["GetLoops",["b31"],[],["l32","l33","l34","l35"]],["DecomposeReduction",["b31","l34"],[],["b36"]]],[[4,0],[8,0],[14,2]]],[0],{"arch":"sm_70","keys":["cuda","gpu"],"kind":"cuda","max_num_threads":1024,"max_shared_memory_per_block":49152,"max_threads_per_block":1024,"registers_per_block":65536,"tag":"","thread_warp_size":32},[["TENSOR","float32",[8,32,32,72]],["TENSOR","float32",[8,1,1,72]]]]]
[0,[[[["GetBlock",[],["adaptive_pool_sum","main"],["b0"]],["GetBlock",[],["adaptive_pool_avg","main"],["b1"]],["GetBlock",[],["root","main"],["b2"]],["Unannotate",["b1"],["schedule_rule"],[]],["SampleCategorical",[],[[0,16,64,512,1024],[0.2000000000000000111,0.2000000000000000111,0.2000000000000000111,0.2000000000000000111,0.2000000000000000111]],["v3"]],["Annotate",["b2","v3"],["meta_schedule.unroll_explicit"],[]],["GetLoops",["b1"],[],["l4","l5","l6","l7"]],["Fuse",["l4","l5","l6","l7"],[1],["l8"]],["SampleCategorical",[],[[32,64,128,256,512],[0.2000000000000000111,0.2000000000000000111,0.2000000000000000111,0.2000000000000000111,0.2000000000000000111]],["v9"]],["Split",["l8","None","v9"],[1],["l10","l11"]],["Bind",["l10"],["blockIdx.x"],[]],["Bind",["l11"],["threadIdx.x"],[]],["GetLoops",["b0"],[],["l12","l13","l14","l15","l16","l17"]],["Fuse",["l12","l13","l14","l15"],[1],["l18"]],["SampleCategorical",[],[[32,64,128,256,512],[0.2000000000000000111,0.2000000000000000111,0.2000000000000000111,0.2000000000000000111,0.2000000000000000111]],["v19"]],["Split",["l18","None","v19"],[1],["l20","l21"]],["Bind",["l20"],["blockIdx.x"],[]],["Bind",["l21"],["threadIdx.x"],[]],["EnterPostproc",[],[],[]],["GetBlock",[],["root","main"],["b22"]],["Unannotate",["b22"],["meta_schedule.unroll_explicit"],[]],["GetChildBlocks",["b22"],[],["b23","b24"]],["GetLoops",["b23"],[],["l25","l26","l27","l28"]],["Annotate",["l25",64],["pragma_auto_unroll_max_step"],[]],["Annotate",["l25",1],["pragma_unroll_explicit"],[]],["GetLoops",["b24"],[],["l29","l30"]],["Annotate",["l29",64],["pragma_auto_unroll_max_step"],[]],["Annotate",["l29",1],["pragma_unroll_explicit"],[]],["GetBlock",[],["adaptive_pool_sum","main"],["b31"]],["GetLoops",["b31"],[],["l32","l33","l34","l35"]],["DecomposeReduction",["b31","l34"],[],["b36"]]],[[4,2],[8,1],[14,0]]],[0],{"arch":"sm_70","keys":["cuda","gpu"],"kind":"cuda","max_num_threads":1024,"max_shared_memory_per_block":49152,"max_threads_per_block":1024,"registers_per_block":65536,"tag":"","thread_warp_size":32},[["TENSOR","float32",[8,32,32,72]],["TENSOR","float32",[8,1,1,72]]]]]
[0,[[[["GetBlock",[],["adaptive_pool_sum","main"],["b0"]],["GetBlock",[],["adaptive_pool_avg","main"],["b1"]],["GetBlock",[],["root","main"],["b2"]],["Unannotate",["b1"],["schedule_rule"],[]],["GetConsumers",["b0"],[],["b3"]],["GetLoops",["b3"],[],["l4","l5","l6","l7"]],["SampleCategorical",[],[[4,8,16,32,64,128,256,512],[0.125,0.125,0.125,0.125,0.125,0.125,0.125,0.125]],["v8"]],["Split",["l7","None","v8"],[1],["l9","l10"]],["Bind",["l10"],["threadIdx.x"],[]],["ComputeAt",["b0","l9"],[1,-1],[]],["SetScope",["b0"],[0,"shared"],[]],["GetLoops",["b0"],[],["l11","l12","l13","l14","l15","l16","l17","l18","l19","l20"]],["Fuse",["l19","l20"],[1],["l21"]],["Split",["l21","None","v8"],[1],["l22","l23"]],["Bind",["l23"],["threadIdx.x"],[]],["SampleCategorical",[],[[0,16,64,512,1024],[0.2000000000000000111,0.2000000000000000111,0.2000000000000000111,0.2000000000000000111,0.2000000000000000111]],["v24"]],["Annotate",["b2","v24"],["meta_schedule.unroll_explicit"],[]],["GetLoops",["b1"],[],["l25","l26","l27","l28","l29"]],["Fuse",["l25","l26","l27","l28"],[1],["l30"]],["Bind",["l30"],["blockIdx.x"],[]],["EnterPostproc",[],[],[]],["GetBlock",[],["root","main"],["b31"]],["Unannotate",["b31"],["meta_schedule.unroll_explicit"],[]],["GetChildBlocks",["b31"],[],["b32","b33"]],["GetLoops",["b32"],[],["l34","l35","l36","l37","l38","l39","l40"]],["Annotate",["l34",64],["pragma_auto_unroll_max_step"],[]],["Annotate",["l34",1],["pragma_unroll_explicit"],[]],["GetLoops",["b33"],[],["l41","l42"]],["Annotate",["l41",64],["pragma_auto_unroll_max_step"],[]],["Annotate",["l41",1],["pragma_unroll_explicit"],[]]],[[6,1],[15,2]]],[0],{"arch":"sm_70","keys":["cuda","gpu"],"kind":"cuda","max_num_threads":1024,"max_shared_memory_per_block":49152,"max_threads_per_block":1024,"registers_per_block":65536,"tag":"","thread_warp_size":32},[["TENSOR","float32",[8,32,32,72]],["TENSOR","float32",[8,1,1,72]]]]]
[0,[[[["GetBlock",[],["adaptive_pool_sum","main"],["b0"]],["GetBlock",[],["adaptive_pool_avg","main"],["b1"]],["GetBlock",[],["root","main"],["b2"]],["Unannotate",["b1"],["schedule_rule"],[]],["GetConsumers",["b0"],[],["b3"]],["GetLoops",["b3"],[],["l4","l5","l6","l7"]],["SampleCategorical",[],[[4,8,16,32,64,128,256,512],[0.125,0.125,0.125,0.125,0.125,0.125,0.125,0.125]],["v8"]],["Split",["l7","None","v8"],[1],["l9","l10"]],["Bind",["l10"],["threadIdx.x"],[]],["ComputeAt",["b0","l9"],[1,-1],[]],["SetScope",["b0"],[0,"shared"],[]],["GetLoops",["b0"],[],["l11","l12","l13","l14","l15","l16","l17","l18","l19","l20"]],["Fuse",["l19","l20"],[1],["l21"]],["Split",["l21","None","v8"],[1],["l22","l23"]],["Bind",["l23"],["threadIdx.x"],[]],["SampleCategorical",[],[[0,16,64,512,1024],[0.2000000000000000111,0.2000000000000000111,0.2000000000000000111,0.2000000000000000111,0.2000000000000000111]],["v24"]],["Annotate",["b2","v24"],["meta_schedule.unroll_explicit"],[]],["GetLoops",["b1"],[],["l25","l26","l27","l28","l29"]],["Fuse",["l25","l26","l27","l28"],[1],["l30"]],["Bind",["l30"],["blockIdx.x"],[]],["EnterPostproc",[],[],[]],["GetBlock",[],["root","main"],["b31"]],["Unannotate",["b31"],["meta_schedule.unroll_explicit"],[]],["GetChildBlocks",["b31"],[],["b32","b33"]],["GetLoops",["b32"],[],["l34","l35","l36","l37","l38","l39","l40"]],["Annotate",["l34",1024],["pragma_auto_unroll_max_step"],[]],["Annotate",["l34",1],["pragma_unroll_explicit"],[]],["GetLoops",["b33"],[],["l41","l42"]],["Annotate",["l41",1024],["pragma_auto_unroll_max_step"],[]],["Annotate",["l41",1],["pragma_unroll_explicit"],[]]],[[6,3],[15,4]]],[0],{"arch":"sm_70","keys":["cuda","gpu"],"kind":"cuda","max_num_threads":1024,"max_shared_memory_per_block":49152,"max_threads_per_block":1024,"registers_per_block":65536,"tag":"","thread_warp_size":32},[["TENSOR","float32",[8,32,32,72]],["TENSOR","float32",[8,1,1,72]]]]]
[0,[[[["GetBlock",[],["adaptive_pool_sum","main"],["b0"]],["GetBlock",[],["adaptive_pool_avg","main"],["b1"]],["GetBlock",[],["root","main"],["b2"]],["Unannotate",["b1"],["schedule_rule"],[]],["GetConsumers",["b0"],[],["b3"]],["GetLoops",["b3"],[],["l4","l5","l6","l7"]],["SampleCategorical",[],[[4,8,16,32,64,128,256,512],[0.125,0.125,0.125,0.125,0.125,0.125,0.125,0.125]],["v8"]],["Split",["l7","None","v8"],[1],["l9","l10"]],["Bind",["l10"],["threadIdx.x"],[]],["ComputeAt",["b0","l9"],[1,-1],[]],["SetScope",["b0"],[0,"shared"],[]],["GetLoops",["b0"],[],["l11","l12","l13","l14","l15","l16","l17","l18","l19","l20"]],["Fuse",["l19","l20"],[1],["l21"]],["Split",["l21","None","v8"],[1],["l22","l23"]],["Bind",["l23"],["threadIdx.x"],[]],["SampleCategorical",[],[[0,16,64,512,1024],[0.2000000000000000111,0.2000000000000000111,0.2000000000000000111,0.2000000000000000111,0.2000000000000000111]],["v24"]],["Annotate",["b2","v24"],["meta_schedule.unroll_explicit"],[]],["GetLoops",["b1"],[],["l25","l26","l27","l28","l29"]],["Fuse",["l25","l26","l27","l28"],[1],["l30"]],["Bind",["l30"],["blockIdx.x"],[]],["EnterPostproc",[],[],[]],["GetBlock",[],["root","main"],["b31"]],["Unannotate",["b31"],["meta_schedule.unroll_explicit"],[]],["GetChildBlocks",["b31"],[],["b32","b33"]],["GetLoops",["b32"],[],["l34","l35","l36","l37","l38","l39","l40"]],["GetLoops",["b33"],[],["l41","l42"]]],[[6,6],[15,0]]],[0],{"arch":"sm_70","keys":["cuda","gpu"],"kind":"cuda","max_num_threads":1024,"max_shared_memory_per_block":49152,"max_threads_per_block":1024,"registers_per_block":65536,"tag":"","thread_warp_size":32},[["TENSOR","float32",[8,32,32,72]],["TENSOR","float32",[8,1,1,72]]]]]
[0,[[[["GetBlock",[],["adaptive_pool_sum","main"],["b0"]],["GetBlock",[],["adaptive_pool_avg","main"],["b1"]],["GetBlock",[],["root","main"],["b2"]],["Unannotate",["b1"],["schedule_rule"],[]],["GetConsumers",["b0"],[],["b3"]],["GetLoops",["b3"],[],["l4","l5","l6","l7"]],["SampleCategorical",[],[[4,8,16,32,64,128,256,512],[0.125,0.125,0.125,0.125,0.125,0.125,0.125,0.125]],["v8"]],["Split",["l7","None","v8"],[1],["l9","l10"]],["Bind",["l10"],["threadIdx.x"],[]],["ComputeAt",["b0","l9"],[1,-1],[]],["SetScope",["b0"],[0,"shared"],[]],["GetLoops",["b0"],[],["l11","l12","l13","l14","l15","l16","l17","l18","l19","l20"]],["Fuse",["l19","l20"],[1],["l21"]],["Split",["l21","None","v8"],[1],["l22","l23"]],["Bind",["l23"],["threadIdx.x"],[]],["SampleCategorical",[],[[0,16,64,512,1024],[0.2000000000000000111,0.2000000000000000111,0.2000000000000000111,0.2000000000000000111,0.2000000000000000111]],["v24"]],["Annotate",["b2","v24"],["meta_schedule.unroll_explicit"],[]],["GetLoops",["b1"],[],["l25","l26","l27","l28","l29"]],["Fuse",["l25","l26","l27","l28"],[1],["l30"]],["Bind",["l30"],["blockIdx.x"],[]],["EnterPostproc",[],[],[]],["GetBlock",[],["root","main"],["b31"]],["Unannotate",["b31"],["meta_schedule.unroll_explicit"],[]],["GetChildBlocks",["b31"],[],["b32","b33"]],["GetLoops",["b32"],[],["l34","l35","l36","l37","l38","l39","l40"]],["Annotate",["l34",512],["pragma_auto_unroll_max_step"],[]],["Annotate",["l34",1],["pragma_unroll_explicit"],[]],["GetLoops",["b33"],[],["l41","l42"]],["Annotate",["l41",512],["pragma_auto_unroll_max_step"],[]],["Annotate",["l41",1],["pragma_unroll_explicit"],[]]],[[6,5],[15,3]]],[0],{"arch":"sm_70","keys":["cuda","gpu"],"kind":"cuda","max_num_threads":1024,"max_shared_memory_per_block":49152,"max_threads_per_block":1024,"registers_per_block":65536,"tag":"","thread_warp_size":32},[["TENSOR","float32",[8,32,32,72]],["TENSOR","float32",[8,1,1,72]]]]]
[0,[[[["GetBlock",[],["adaptive_pool_sum","main"],["b0"]],["GetBlock",[],["adaptive_pool_avg","main"],["b1"]],["GetBlock",[],["root","main"],["b2"]],["Unannotate",["b1"],["schedule_rule"],[]],["SampleCategorical",[],[[0,16,64,512,1024],[0.2000000000000000111,0.2000000000000000111,0.2000000000000000111,0.2000000000000000111,0.2000000000000000111]],["v3"]],["Annotate",["b2","v3"],["meta_schedule.unroll_explicit"],[]],["GetLoops",["b1"],[],["l4","l5","l6","l7"]],["Fuse",["l4","l5","l6","l7"],[1],["l8"]],["SampleCategorical",[],[[32,64,128,256,512],[0.2000000000000000111,0.2000000000000000111,0.2000000000000000111,0.2000000000000000111,0.2000000000000000111]],["v9"]],["Split",["l8","None","v9"],[1],["l10","l11"]],["Bind",["l10"],["blockIdx.x"],[]],["Bind",["l11"],["threadIdx.x"],[]],["GetLoops",["b0"],[],["l12","l13","l14","l15","l16","l17"]],["Fuse",["l12","l13","l14","l15"],[1],["l18"]],["SampleCategorical",[],[[32,64,128,256,512],[0.2000000000000000111,0.2000000000000000111,0.2000000000000000111,0.2000000000000000111,0.2000000000000000111]],["v19"]],["Split",["l18","None","v19"],[1],["l20","l21"]],["Bind",["l20"],["blockIdx.x"],[]],["Bind",["l21"],["threadIdx.x"],[]],["EnterPostproc",[],[],[]],["GetBlock",[],["root","main"],["b22"]],["Unannotate",["b22"],["meta_schedule.unroll_explicit"],[]],["GetChildBlocks",["b22"],[],["b23","b24"]],["GetLoops",["b23"],[],["l25","l26","l27","l28"]],["Annotate",["l25",64],["pragma_auto_unroll_max_step"],[]],["Annotate",["l25",1],["pragma_unroll_explicit"],[]],["GetLoops",["b24"],[],["l29","l30"]],["Annotate",["l29",64],["pragma_auto_unroll_max_step"],[]],["Annotate",["l29",1],["pragma_unroll_explicit"],[]],["GetBlock",[],["adaptive_pool_sum","main"],["b31"]],["GetLoops",["b31"],[],["l32","l33","l34","l35"]],["DecomposeReduction",["b31","l34"],[],["b36"]]],[[4,2],[8,1],[14,3]]],[0],{"arch":"sm_70","keys":["cuda","gpu"],"kind":"cuda","max_num_threads":1024,"max_shared_memory_per_block":49152,"max_threads_per_block":1024,"registers_per_block":65536,"tag":"","thread_warp_size":32},[["TENSOR","float32",[8,32,32,72]],["TENSOR","float32",[8,1,1,72]]]]]
