[0,[[[["GetBlock",[],["PaddedInput","main"],["b0"]],["GetBlock",[],["DepthwiseConv2d","main"],["b1"]],["GetBlock",[],["T_add","main"],["b2"]],["GetBlock",[],["T_relu","main"],["b3"]],["GetBlock",[],["root","main"],["b4"]],["Annotate",["b1","\"SSSRRSRS\""],["meta_schedule.tiling_structure"],[]],["GetLoops",["b1"],[],["l5","l6","l7","l8","l9","l10"]],["SamplePerfectTile",["l5"],[5,64],["v11","v12","v13","v14","v15"]],["Split",["l5","v11","v12","v13","v14","v15"],[1],["l16","l17","l18","l19","l20"]],["SamplePerfectTile",["l6"],[5,64],["v21","v22","v23","v24","v25"]],["Split",["l6","v21","v22","v23","v24","v25"],[1],["l26","l27","l28","l29","l30"]],["SamplePerfectTile",["l7"],[5,64],["v31","v32","v33","v34","v35"]],["Split",["l7","v31","v32","v33","v34","v35"],[1],["l36","l37","l38","l39","l40"]],["SamplePerfectTile",["l8"],[5,64],["v41","v42","v43","v44","v45"]],["Split",["l8","v41","v42","v43","v44","v45"],[1],["l46","l47","l48","l49","l50"]],["SamplePerfectTile",["l9"],[3,64],["v51","v52","v53"]],["Split",["l9","v51","v52","v53"],[1],["l54","l55","l56"]],["SamplePerfectTile",["l10"],[3,64],["v57","v58","v59"]],["Split",["l10","v57","v58","v59"],[1],["l60","l61","l62"]],["Reorder",["l16","l26","l36","l46","l17","l27","l37","l47","l18","l28","l38","l48","l54","l60","l55","l61","l19","l29","l39","l49","l56","l62","l20","l30","l40","l50"],[],[]],["Fuse",["l16","l26","l36","l46"],[1],["l63"]],["Bind",["l63"],["blockIdx.x"],[]],["Fuse",["l17","l27","l37","l47"],[1],["l64"]],["Bind",["l64"],["vthread.x"],[]],["Fuse",["l18","l28","l38","l48"],[1],["l65"]],["Bind",["l65"],["threadIdx.x"],[]],["Annotate",["b1",32],["meta_schedule.thread_extent_low_inclusive"],[]],["Annotate",["b1",1024],["meta_schedule.thread_extent_high_inclusive"],[]],["CacheWrite",["b1",[]],[0,"local"],["b66"]],["ReverseComputeAt",["b66","l65"],[1,-1],[]],["CacheRead",["b1",["b1"]],[0,"shared"],["b67"]],["ComputeAt",["b67","l60"],[1,-1],[]],["GetLoops",["b67"],[],["l68","l69","l70","l71","l72","l73","l74","l75","l76"]],["Fuse",["l73","l74","l75","l76"],[1],["l77"]],["SampleCategorical",[],[[1,2,3,4],[0.25,0.25,0.25,0.25]],["v78"]],["Annotate",["b67","v78"],["meta_schedule.cooperative_fetch"],[]],["CacheRead",["b1",["b1"]],[1,"shared"],["b79"]],["ComputeAt",["b79","l60"],[1,-1],[]],["GetLoops",["b79"],[],["l80","l81","l82","l83","l84","l85","l86","l87","l88"]],["Fuse",["l85","l86","l87","l88"],[1],["l89"]],["SampleCategorical",[],[[1,2,3,4],[0.25,0.25,0.25,0.25]],["v90"]],["Annotate",["b79","v90"],["meta_schedule.cooperative_fetch"],[]],["ReverseComputeInline",["b3"],[],[]],["ReverseComputeInline",["b2"],[],[]],["ComputeInline",["b0"],[],[]],["SampleCategorical",[],[[0,16,64,512,1024],[0.2000000000000000111,0.2000000000000000111,0.2000000000000000111,0.2000000000000000111,0.2000000000000000111]],["v91"]],["Annotate",["b4","v91"],["meta_schedule.unroll_explicit"],[]],["EnterPostproc",[],[],[]],["Unannotate",["b67"],["meta_schedule.cooperative_fetch"],[]],["GetLoops",["b67"],[],["l92","l93","l94","l95","l96","l97"]],["Split",["l97","None",112,3],[1],["l98","l99","l100"]],["Vectorize",["l100"],[],[]],["Bind",["l99"],["threadIdx.x"],[]],["Unannotate",["b79"],["meta_schedule.cooperative_fetch"],[]],["GetLoops",["b79"],[],["l101","l102","l103","l104","l105","l106"]],["Split",["l106","None",112,3],[1],["l107","l108","l109"]],["Vectorize",["l109"],[],[]],["Bind",["l108"],["threadIdx.x"],[]],["GetBlock",[],["root","main"],["b110"]],["Unannotate",["b110"],["meta_schedule.unroll_explicit"],[]],["GetChildBlocks",["b110"],[],["b111","b112","b113","b114"]],["GetLoops",["b111"],[],["l115","l116","l117","l118","l119","l120","l121","l122"]],["Annotate",["l115",16],["pragma_auto_unroll_max_step"],[]],["Annotate",["l115",1],["pragma_unroll_explicit"],[]],["GetLoops",["b112"],[],["l123","l124","l125","l126","l127","l128","l129","l130"]],["Annotate",["l123",16],["pragma_auto_unroll_max_step"],[]],["Annotate",["l123",1],["pragma_unroll_explicit"],[]],["GetLoops",["b113"],[],["l131","l132","l133","l134","l135","l136","l137","l138","l139","l140","l141","l142","l143","l144","l145","l146","l147"]],["Annotate",["l131",16],["pragma_auto_unroll_max_step"],[]],["Annotate",["l131",1],["pragma_unroll_explicit"],[]],["GetLoops",["b114"],[],["l148","l149","l150","l151","l152","l153","l154"]],["Annotate",["l148",16],["pragma_auto_unroll_max_step"],[]],["Annotate",["l148",1],["pragma_unroll_explicit"],[]],["GetBlock",[],["DepthwiseConv2d","main"],["b155"]],["GetLoops",["b155"],[],["l156","l157","l158","l159","l160","l161","l162","l163","l164","l165","l166","l167","l168","l169","l170","l171","l172"]],["DecomposeReduction",["b155","l159"],[],["b173"]]],[[7,[2,1,1,1,4]],[9,[1,2,28,1,1]],[11,[14,1,2,2,1]],[13,[18,1,2,2,1]],[15,[1,3,1]],[17,[1,3,1]],[34,2],[40,2],[45,1]]],[0],{"arch":"sm_70","keys":["cuda","gpu"],"kind":"cuda","max_num_threads":1024,"max_shared_memory_per_block":49152,"max_threads_per_block":1024,"registers_per_block":65536,"tag":"","thread_warp_size":32},[["TENSOR","float32",[8,56,56,72]],["TENSOR","float32",[3,3,72,1]],["TENSOR","float32",[1,1,1,72]],["TENSOR","float32",[8,56,56,72]]]]]
[0,[[[["GetBlock",[],["PaddedInput","main"],["b0"]],["GetBlock",[],["DepthwiseConv2d","main"],["b1"]],["GetBlock",[],["T_add","main"],["b2"]],["GetBlock",[],["T_relu","main"],["b3"]],["GetBlock",[],["root","main"],["b4"]],["Annotate",["b1","\"SSSRRSRS\""],["meta_schedule.tiling_structure"],[]],["GetLoops",["b1"],[],["l5","l6","l7","l8","l9","l10"]],["SamplePerfectTile",["l5"],[5,64],["v11","v12","v13","v14","v15"]],["Split",["l5","v11","v12","v13","v14","v15"],[1],["l16","l17","l18","l19","l20"]],["SamplePerfectTile",["l6"],[5,64],["v21","v22","v23","v24","v25"]],["Split",["l6","v21","v22","v23","v24","v25"],[1],["l26","l27","l28","l29","l30"]],["SamplePerfectTile",["l7"],[5,64],["v31","v32","v33","v34","v35"]],["Split",["l7","v31","v32","v33","v34","v35"],[1],["l36","l37","l38","l39","l40"]],["SamplePerfectTile",["l8"],[5,64],["v41","v42","v43","v44","v45"]],["Split",["l8","v41","v42","v43","v44","v45"],[1],["l46","l47","l48","l49","l50"]],["SamplePerfectTile",["l9"],[3,64],["v51","v52","v53"]],["Split",["l9","v51","v52","v53"],[1],["l54","l55","l56"]],["SamplePerfectTile",["l10"],[3,64],["v57","v58","v59"]],["Split",["l10","v57","v58","v59"],[1],["l60","l61","l62"]],["Reorder",["l16","l26","l36","l46","l17","l27","l37","l47","l18","l28","l38","l48","l54","l60","l55","l61","l19","l29","l39","l49","l56","l62","l20","l30","l40","l50"],[],[]],["Fuse",["l16","l26","l36","l46"],[1],["l63"]],["Bind",["l63"],["blockIdx.x"],[]],["Fuse",["l17","l27","l37","l47"],[1],["l64"]],["Bind",["l64"],["vthread.x"],[]],["Fuse",["l18","l28","l38","l48"],[1],["l65"]],["Bind",["l65"],["threadIdx.x"],[]],["Annotate",["b1",32],["meta_schedule.thread_extent_low_inclusive"],[]],["Annotate",["b1",1024],["meta_schedule.thread_extent_high_inclusive"],[]],["CacheWrite",["b1",[]],[0,"local"],["b66"]],["ReverseComputeAt",["b66","l65"],[1,-1],[]],["CacheRead",["b1",["b1"]],[0,"shared"],["b67"]],["ComputeAt",["b67","l60"],[1,-1],[]],["GetLoops",["b67"],[],["l68","l69","l70","l71","l72","l73","l74","l75","l76"]],["Fuse",["l73","l74","l75","l76"],[1],["l77"]],["SampleCategorical",[],[[1,2,3,4],[0.25,0.25,0.25,0.25]],["v78"]],["Annotate",["b67","v78"],["meta_schedule.cooperative_fetch"],[]],["CacheRead",["b1",["b1"]],[1,"shared"],["b79"]],["ComputeAt",["b79","l60"],[1,-1],[]],["GetLoops",["b79"],[],["l80","l81","l82","l83","l84","l85","l86","l87","l88"]],["Fuse",["l85","l86","l87","l88"],[1],["l89"]],["SampleCategorical",[],[[1,2,3,4],[0.25,0.25,0.25,0.25]],["v90"]],["Annotate",["b79","v90"],["meta_schedule.cooperative_fetch"],[]],["ReverseComputeInline",["b3"],[],[]],["ReverseComputeInline",["b2"],[],[]],["ComputeInline",["b0"],[],[]],["SampleCategorical",[],[[0,16,64,512,1024],[0.2000000000000000111,0.2000000000000000111,0.2000000000000000111,0.2000000000000000111,0.2000000000000000111]],["v91"]],["Annotate",["b4","v91"],["meta_schedule.unroll_explicit"],[]],["EnterPostproc",[],[],[]],["Unannotate",["b67"],["meta_schedule.cooperative_fetch"],[]],["GetLoops",["b67"],[],["l92","l93","l94","l95","l96","l97"]],["Split",["l97","None",32],[1],["l98","l99"]],["Bind",["l99"],["threadIdx.x"],[]],["Unannotate",["b79"],["meta_schedule.cooperative_fetch"],[]],["GetLoops",["b79"],[],["l100","l101","l102","l103","l104","l105"]],["Split",["l105","None",32],[1],["l106","l107"]],["Bind",["l107"],["threadIdx.x"],[]],["GetBlock",[],["root","main"],["b108"]],["Unannotate",["b108"],["meta_schedule.unroll_explicit"],[]],["GetChildBlocks",["b108"],[],["b109","b110","b111","b112"]],["GetLoops",["b109"],[],["l113","l114","l115","l116","l117","l118","l119"]],["Annotate",["l113",64],["pragma_auto_unroll_max_step"],[]],["Annotate",["l113",1],["pragma_unroll_explicit"],[]],["GetLoops",["b110"],[],["l120","l121","l122","l123","l124","l125","l126"]],["Annotate",["l120",64],["pragma_auto_unroll_max_step"],[]],["Annotate",["l120",1],["pragma_unroll_explicit"],[]],["GetLoops",["b111"],[],["l127","l128","l129","l130","l131","l132","l133","l134","l135","l136","l137","l138","l139","l140","l141","l142","l143"]],["Annotate",["l127",64],["pragma_auto_unroll_max_step"],[]],["Annotate",["l127",1],["pragma_unroll_explicit"],[]],["GetLoops",["b112"],[],["l144","l145","l146","l147","l148","l149","l150"]],["Annotate",["l144",64],["pragma_auto_unroll_max_step"],[]],["Annotate",["l144",1],["pragma_unroll_explicit"],[]],["GetBlock",[],["DepthwiseConv2d","main"],["b151"]],["GetLoops",["b151"],[],["l152","l153","l154","l155","l156","l157","l158","l159","l160","l161","l162","l163","l164","l165","l166","l167","l168"]],["DecomposeReduction",["b151","l155"],[],["b169"]]],[[7,[4,1,2,1,1]],[9,[14,1,2,1,2]],[11,[1,1,8,1,7]],[13,[8,1,1,1,9]],[15,[1,1,3]],[17,[1,1,3]],[34,0],[40,0],[45,2]]],[0],{"arch":"sm_70","keys":["cuda","gpu"],"kind":"cuda","max_num_threads":1024,"max_shared_memory_per_block":49152,"max_threads_per_block":1024,"registers_per_block":65536,"tag":"","thread_warp_size":32},[["TENSOR","float32",[8,56,56,72]],["TENSOR","float32",[3,3,72,1]],["TENSOR","float32",[1,1,1,72]],["TENSOR","float32",[8,56,56,72]]]]]
[0,[[[["GetBlock",[],["PaddedInput","main"],["b0"]],["GetBlock",[],["DepthwiseConv2d","main"],["b1"]],["GetBlock",[],["T_add","main"],["b2"]],["GetBlock",[],["T_relu","main"],["b3"]],["GetBlock",[],["root","main"],["b4"]],["Annotate",["b1","\"SSSRRSRS\""],["meta_schedule.tiling_structure"],[]],["GetLoops",["b1"],[],["l5","l6","l7","l8","l9","l10"]],["SamplePerfectTile",["l5"],[5,64],["v11","v12","v13","v14","v15"]],["Split",["l5","v11","v12","v13","v14","v15"],[1],["l16","l17","l18","l19","l20"]],["SamplePerfectTile",["l6"],[5,64],["v21","v22","v23","v24","v25"]],["Split",["l6","v21","v22","v23","v24","v25"],[1],["l26","l27","l28","l29","l30"]],["SamplePerfectTile",["l7"],[5,64],["v31","v32","v33","v34","v35"]],["Split",["l7","v31","v32","v33","v34","v35"],[1],["l36","l37","l38","l39","l40"]],["SamplePerfectTile",["l8"],[5,64],["v41","v42","v43","v44","v45"]],["Split",["l8","v41","v42","v43","v44","v45"],[1],["l46","l47","l48","l49","l50"]],["SamplePerfectTile",["l9"],[3,64],["v51","v52","v53"]],["Split",["l9","v51","v52","v53"],[1],["l54","l55","l56"]],["SamplePerfectTile",["l10"],[3,64],["v57","v58","v59"]],["Split",["l10","v57","v58","v59"],[1],["l60","l61","l62"]],["Reorder",["l16","l26","l36","l46","l17","l27","l37","l47","l18","l28","l38","l48","l54","l60","l55","l61","l19","l29","l39","l49","l56","l62","l20","l30","l40","l50"],[],[]],["Fuse",["l16","l26","l36","l46"],[1],["l63"]],["Bind",["l63"],["blockIdx.x"],[]],["Fuse",["l17","l27","l37","l47"],[1],["l64"]],["Bind",["l64"],["vthread.x"],[]],["Fuse",["l18","l28","l38","l48"],[1],["l65"]],["Bind",["l65"],["threadIdx.x"],[]],["Annotate",["b1",32],["meta_schedule.thread_extent_low_inclusive"],[]],["Annotate",["b1",1024],["meta_schedule.thread_extent_high_inclusive"],[]],["CacheWrite",["b1",[]],[0,"local"],["b66"]],["ReverseComputeAt",["b66","l65"],[1,-1],[]],["CacheRead",["b1",["b1"]],[0,"shared"],["b67"]],["ComputeAt",["b67","l60"],[1,-1],[]],["GetLoops",["b67"],[],["l68","l69","l70","l71","l72","l73","l74","l75","l76"]],["Fuse",["l73","l74","l75","l76"],[1],["l77"]],["SampleCategorical",[],[[1,2,3,4],[0.25,0.25,0.25,0.25]],["v78"]],["Annotate",["b67","v78"],["meta_schedule.cooperative_fetch"],[]],["CacheRead",["b1",["b1"]],[1,"shared"],["b79"]],["ComputeAt",["b79","l60"],[1,-1],[]],["GetLoops",["b79"],[],["l80","l81","l82","l83","l84","l85","l86","l87","l88"]],["Fuse",["l85","l86","l87","l88"],[1],["l89"]],["SampleCategorical",[],[[1,2,3,4],[0.25,0.25,0.25,0.25]],["v90"]],["Annotate",["b79","v90"],["meta_schedule.cooperative_fetch"],[]],["ReverseComputeInline",["b3"],[],[]],["ReverseComputeInline",["b2"],[],[]],["ComputeInline",["b0"],[],[]],["SampleCategorical",[],[[0,16,64,512,1024],[0.2000000000000000111,0.2000000000000000111,0.2000000000000000111,0.2000000000000000111,0.2000000000000000111]],["v91"]],["Annotate",["b4","v91"],["meta_schedule.unroll_explicit"],[]],["EnterPostproc",[],[],[]],["Unannotate",["b67"],["meta_schedule.cooperative_fetch"],[]],["GetLoops",["b67"],[],["l92","l93","l94","l95","l96","l97"]],["Split",["l97","None",56],[1],["l98","l99"]],["Bind",["l99"],["threadIdx.x"],[]],["Unannotate",["b79"],["meta_schedule.cooperative_fetch"],[]],["GetLoops",["b79"],[],["l100","l101","l102","l103","l104","l105"]],["Split",["l105","None",56,2],[1],["l106","l107","l108"]],["Vectorize",["l108"],[],[]],["Bind",["l107"],["threadIdx.x"],[]],["GetBlock",[],["root","main"],["b109"]],["Unannotate",["b109"],["meta_schedule.unroll_explicit"],[]],["GetChildBlocks",["b109"],[],["b110","b111","b112","b113"]],["GetLoops",["b110"],[],["l114","l115","l116","l117","l118","l119","l120"]],["Annotate",["l114",512],["pragma_auto_unroll_max_step"],[]],["Annotate",["l114",1],["pragma_unroll_explicit"],[]],["GetLoops",["b111"],[],["l121","l122","l123","l124","l125","l126","l127","l128"]],["Annotate",["l121",512],["pragma_auto_unroll_max_step"],[]],["Annotate",["l121",1],["pragma_unroll_explicit"],[]],["GetLoops",["b112"],[],["l129","l130","l131","l132","l133","l134","l135","l136","l137","l138","l139","l140","l141","l142","l143","l144","l145"]],["Annotate",["l129",512],["pragma_auto_unroll_max_step"],[]],["Annotate",["l129",1],["pragma_unroll_explicit"],[]],["GetLoops",["b113"],[],["l146","l147","l148","l149","l150","l151","l152"]],["Annotate",["l146",512],["pragma_auto_unroll_max_step"],[]],["Annotate",["l146",1],["pragma_unroll_explicit"],[]],["GetBlock",[],["DepthwiseConv2d","main"],["b153"]],["GetLoops",["b153"],[],["l154","l155","l156","l157","l158","l159","l160","l161","l162","l163","l164","l165","l166","l167","l168","l169","l170"]],["DecomposeReduction",["b153","l157"],[],["b171"]]],[[7,[2,2,1,2,1]],[9,[4,1,7,2,1]],[11,[7,1,4,1,2]],[13,[9,2,2,2,1]],[15,[3,1,1]],[17,[1,3,1]],[34,2],[40,1],[45,3]]],[0],{"arch":"sm_70","keys":["cuda","gpu"],"kind":"cuda","max_num_threads":1024,"max_shared_memory_per_block":49152,"max_threads_per_block":1024,"registers_per_block":65536,"tag":"","thread_warp_size":32},[["TENSOR","float32",[8,56,56,72]],["TENSOR","float32",[3,3,72,1]],["TENSOR","float32",[1,1,1,72]],["TENSOR","float32",[8,56,56,72]]]]]
[0,[[[["GetBlock",[],["PaddedInput","main"],["b0"]],["GetBlock",[],["DepthwiseConv2d","main"],["b1"]],["GetBlock",[],["T_add","main"],["b2"]],["GetBlock",[],["T_relu","main"],["b3"]],["GetBlock",[],["root","main"],["b4"]],["Annotate",["b1","\"SSSRRSRS\""],["meta_schedule.tiling_structure"],[]],["GetLoops",["b1"],[],["l5","l6","l7","l8","l9","l10"]],["SamplePerfectTile",["l5"],[5,64],["v11","v12","v13","v14","v15"]],["Split",["l5","v11","v12","v13","v14","v15"],[1],["l16","l17","l18","l19","l20"]],["SamplePerfectTile",["l6"],[5,64],["v21","v22","v23","v24","v25"]],["Split",["l6","v21","v22","v23","v24","v25"],[1],["l26","l27","l28","l29","l30"]],["SamplePerfectTile",["l7"],[5,64],["v31","v32","v33","v34","v35"]],["Split",["l7","v31","v32","v33","v34","v35"],[1],["l36","l37","l38","l39","l40"]],["SamplePerfectTile",["l8"],[5,64],["v41","v42","v43","v44","v45"]],["Split",["l8","v41","v42","v43","v44","v45"],[1],["l46","l47","l48","l49","l50"]],["SamplePerfectTile",["l9"],[3,64],["v51","v52","v53"]],["Split",["l9","v51","v52","v53"],[1],["l54","l55","l56"]],["SamplePerfectTile",["l10"],[3,64],["v57","v58","v59"]],["Split",["l10","v57","v58","v59"],[1],["l60","l61","l62"]],["Reorder",["l16","l26","l36","l46","l17","l27","l37","l47","l18","l28","l38","l48","l54","l60","l55","l61","l19","l29","l39","l49","l56","l62","l20","l30","l40","l50"],[],[]],["Fuse",["l16","l26","l36","l46"],[1],["l63"]],["Bind",["l63"],["blockIdx.x"],[]],["Fuse",["l17","l27","l37","l47"],[1],["l64"]],["Bind",["l64"],["vthread.x"],[]],["Fuse",["l18","l28","l38","l48"],[1],["l65"]],["Bind",["l65"],["threadIdx.x"],[]],["Annotate",["b1",32],["meta_schedule.thread_extent_low_inclusive"],[]],["Annotate",["b1",1024],["meta_schedule.thread_extent_high_inclusive"],[]],["CacheWrite",["b1",[]],[0,"local"],["b66"]],["ReverseComputeAt",["b66","l65"],[1,-1],[]],["CacheRead",["b1",["b1"]],[0,"shared"],["b67"]],["ComputeAt",["b67","l60"],[1,-1],[]],["GetLoops",["b67"],[],["l68","l69","l70","l71","l72","l73","l74","l75","l76"]],["Fuse",["l73","l74","l75","l76"],[1],["l77"]],["SampleCategorical",[],[[1,2,3,4],[0.25,0.25,0.25,0.25]],["v78"]],["Annotate",["b67","v78"],["meta_schedule.cooperative_fetch"],[]],["CacheRead",["b1",["b1"]],[1,"shared"],["b79"]],["ComputeAt",["b79","l60"],[1,-1],[]],["GetLoops",["b79"],[],["l80","l81","l82","l83","l84","l85","l86","l87","l88"]],["Fuse",["l85","l86","l87","l88"],[1],["l89"]],["SampleCategorical",[],[[1,2,3,4],[0.25,0.25,0.25,0.25]],["v90"]],["Annotate",["b79","v90"],["meta_schedule.cooperative_fetch"],[]],["ReverseComputeInline",["b3"],[],[]],["ReverseComputeInline",["b2"],[],[]],["ComputeInline",["b0"],[],[]],["SampleCategorical",[],[[0,16,64,512,1024],[0.2000000000000000111,0.2000000000000000111,0.2000000000000000111,0.2000000000000000111,0.2000000000000000111]],["v91"]],["Annotate",["b4","v91"],["meta_schedule.unroll_explicit"],[]],["EnterPostproc",[],[],[]],["Unannotate",["b67"],["meta_schedule.cooperative_fetch"],[]],["GetLoops",["b67"],[],["l92","l93","l94","l95","l96","l97"]],["Split",["l97","None",56,3],[1],["l98","l99","l100"]],["Vectorize",["l100"],[],[]],["Bind",["l99"],["threadIdx.x"],[]],["Unannotate",["b79"],["meta_schedule.cooperative_fetch"],[]],["GetLoops",["b79"],[],["l101","l102","l103","l104","l105","l106"]],["Split",["l106","None",56,3],[1],["l107","l108","l109"]],["Vectorize",["l109"],[],[]],["Bind",["l108"],["threadIdx.x"],[]],["GetBlock",[],["root","main"],["b110"]],["Unannotate",["b110"],["meta_schedule.unroll_explicit"],[]],["GetChildBlocks",["b110"],[],["b111","b112","b113","b114"]],["GetLoops",["b111"],[],["l115","l116","l117","l118","l119","l120","l121","l122"]],["Annotate",["l115",16],["pragma_auto_unroll_max_step"],[]],["Annotate",["l115",1],["pragma_unroll_explicit"],[]],["GetLoops",["b112"],[],["l123","l124","l125","l126","l127","l128","l129","l130"]],["Annotate",["l123",16],["pragma_auto_unroll_max_step"],[]],["Annotate",["l123",1],["pragma_unroll_explicit"],[]],["GetLoops",["b113"],[],["l131","l132","l133","l134","l135","l136","l137","l138","l139","l140","l141","l142","l143","l144","l145","l146","l147"]],["Annotate",["l131",16],["pragma_auto_unroll_max_step"],[]],["Annotate",["l131",1],["pragma_unroll_explicit"],[]],["GetLoops",["b114"],[],["l148","l149","l150","l151","l152","l153","l154"]],["Annotate",["l148",16],["pragma_auto_unroll_max_step"],[]],["Annotate",["l148",1],["pragma_unroll_explicit"],[]],["GetBlock",[],["DepthwiseConv2d","main"],["b155"]],["GetLoops",["b155"],[],["l156","l157","l158","l159","l160","l161","l162","l163","l164","l165","l166","l167","l168","l169","l170","l171","l172"]],["DecomposeReduction",["b155","l159"],[],["b173"]]],[[7,[4,1,1,2,1]],[9,[14,2,1,2,1]],[11,[1,1,56,1,1]],[13,[9,1,1,8,1]],[15,[1,3,1]],[17,[1,3,1]],[34,2],[40,2],[45,1]]],[0],{"arch":"sm_70","keys":["cuda","gpu"],"kind":"cuda","max_num_threads":1024,"max_shared_memory_per_block":49152,"max_threads_per_block":1024,"registers_per_block":65536,"tag":"","thread_warp_size":32},[["TENSOR","float32",[8,56,56,72]],["TENSOR","float32",[3,3,72,1]],["TENSOR","float32",[1,1,1,72]],["TENSOR","float32",[8,56,56,72]]]]]
[0,[[[["GetBlock",[],["PaddedInput","main"],["b0"]],["GetBlock",[],["DepthwiseConv2d","main"],["b1"]],["GetBlock",[],["T_add","main"],["b2"]],["GetBlock",[],["T_relu","main"],["b3"]],["GetBlock",[],["root","main"],["b4"]],["Annotate",["b1","\"SSSRRSRS\""],["meta_schedule.tiling_structure"],[]],["GetLoops",["b1"],[],["l5","l6","l7","l8","l9","l10"]],["SamplePerfectTile",["l5"],[5,64],["v11","v12","v13","v14","v15"]],["Split",["l5","v11","v12","v13","v14","v15"],[1],["l16","l17","l18","l19","l20"]],["SamplePerfectTile",["l6"],[5,64],["v21","v22","v23","v24","v25"]],["Split",["l6","v21","v22","v23","v24","v25"],[1],["l26","l27","l28","l29","l30"]],["SamplePerfectTile",["l7"],[5,64],["v31","v32","v33","v34","v35"]],["Split",["l7","v31","v32","v33","v34","v35"],[1],["l36","l37","l38","l39","l40"]],["SamplePerfectTile",["l8"],[5,64],["v41","v42","v43","v44","v45"]],["Split",["l8","v41","v42","v43","v44","v45"],[1],["l46","l47","l48","l49","l50"]],["SamplePerfectTile",["l9"],[3,64],["v51","v52","v53"]],["Split",["l9","v51","v52","v53"],[1],["l54","l55","l56"]],["SamplePerfectTile",["l10"],[3,64],["v57","v58","v59"]],["Split",["l10","v57","v58","v59"],[1],["l60","l61","l62"]],["Reorder",["l16","l26","l36","l46","l17","l27","l37","l47","l18","l28","l38","l48","l54","l60","l55","l61","l19","l29","l39","l49","l56","l62","l20","l30","l40","l50"],[],[]],["Fuse",["l16","l26","l36","l46"],[1],["l63"]],["Bind",["l63"],["blockIdx.x"],[]],["Fuse",["l17","l27","l37","l47"],[1],["l64"]],["Bind",["l64"],["vthread.x"],[]],["Fuse",["l18","l28","l38","l48"],[1],["l65"]],["Bind",["l65"],["threadIdx.x"],[]],["Annotate",["b1",32],["meta_schedule.thread_extent_low_inclusive"],[]],["Annotate",["b1",1024],["meta_schedule.thread_extent_high_inclusive"],[]],["CacheWrite",["b1",[]],[0,"local"],["b66"]],["ReverseComputeAt",["b66","l65"],[1,-1],[]],["CacheRead",["b1",["b1"]],[0,"shared"],["b67"]],["ComputeAt",["b67","l60"],[1,-1],[]],["GetLoops",["b67"],[],["l68","l69","l70","l71","l72","l73","l74","l75","l76"]],["Fuse",["l73","l74","l75","l76"],[1],["l77"]],["SampleCategorical",[],[[1,2,3,4],[0.25,0.25,0.25,0.25]],["v78"]],["Annotate",["b67","v78"],["meta_schedule.cooperative_fetch"],[]],["CacheRead",["b1",["b1"]],[1,"shared"],["b79"]],["ComputeAt",["b79","l60"],[1,-1],[]],["GetLoops",["b79"],[],["l80","l81","l82","l83","l84","l85","l86","l87","l88"]],["Fuse",["l85","l86","l87","l88"],[1],["l89"]],["SampleCategorical",[],[[1,2,3,4],[0.25,0.25,0.25,0.25]],["v90"]],["Annotate",["b79","v90"],["meta_schedule.cooperative_fetch"],[]],["ReverseComputeInline",["b3"],[],[]],["ReverseComputeInline",["b2"],[],[]],["ComputeInline",["b0"],[],[]],["SampleCategorical",[],[[0,16,64,512,1024],[0.2000000000000000111,0.2000000000000000111,0.2000000000000000111,0.2000000000000000111,0.2000000000000000111]],["v91"]],["Annotate",["b4","v91"],["meta_schedule.unroll_explicit"],[]],["EnterPostproc",[],[],[]],["Unannotate",["b67"],["meta_schedule.cooperative_fetch"],[]],["GetLoops",["b67"],[],["l92","l93","l94","l95","l96","l97"]],["Split",["l97","None",48,2],[1],["l98","l99","l100"]],["Vectorize",["l100"],[],[]],["Bind",["l99"],["threadIdx.x"],[]],["Unannotate",["b79"],["meta_schedule.cooperative_fetch"],[]],["GetLoops",["b79"],[],["l101","l102","l103","l104","l105","l106"]],["Split",["l106","None",48,4],[1],["l107","l108","l109"]],["Vectorize",["l109"],[],[]],["Bind",["l108"],["threadIdx.x"],[]],["GetBlock",[],["root","main"],["b110"]],["Unannotate",["b110"],["meta_schedule.unroll_explicit"],[]],["GetChildBlocks",["b110"],[],["b111","b112","b113","b114"]],["GetLoops",["b111"],[],["l115","l116","l117","l118","l119","l120","l121","l122"]],["Annotate",["l115",64],["pragma_auto_unroll_max_step"],[]],["Annotate",["l115",1],["pragma_unroll_explicit"],[]],["GetLoops",["b112"],[],["l123","l124","l125","l126","l127","l128","l129","l130"]],["Annotate",["l123",64],["pragma_auto_unroll_max_step"],[]],["Annotate",["l123",1],["pragma_unroll_explicit"],[]],["GetLoops",["b113"],[],["l131","l132","l133","l134","l135","l136","l137","l138","l139","l140","l141","l142","l143","l144","l145","l146","l147"]],["Annotate",["l131",64],["pragma_auto_unroll_max_step"],[]],["Annotate",["l131",1],["pragma_unroll_explicit"],[]],["GetLoops",["b114"],[],["l148","l149","l150","l151","l152","l153","l154"]],["Annotate",["l148",64],["pragma_auto_unroll_max_step"],[]],["Annotate",["l148",1],["pragma_unroll_explicit"],[]],["GetBlock",[],["DepthwiseConv2d","main"],["b155"]],["GetLoops",["b155"],[],["l156","l157","l158","l159","l160","l161","l162","l163","l164","l165","l166","l167","l168","l169","l170","l171","l172"]],["DecomposeReduction",["b155","l159"],[],["b173"]]],[[7,[1,1,2,4,1]],[9,[7,2,2,1,2]],[11,[7,4,1,2,1]],[13,[6,1,12,1,1]],[15,[1,1,3]],[17,[3,1,1]],[34,1],[40,3],[45,2]]],[0],{"arch":"sm_70","keys":["cuda","gpu"],"kind":"cuda","max_num_threads":1024,"max_shared_memory_per_block":49152,"max_threads_per_block":1024,"registers_per_block":65536,"tag":"","thread_warp_size":32},[["TENSOR","float32",[8,56,56,72]],["TENSOR","float32",[3,3,72,1]],["TENSOR","float32",[1,1,1,72]],["TENSOR","float32",[8,56,56,72]]]]]
[0,[[[["GetBlock",[],["PaddedInput","main"],["b0"]],["GetBlock",[],["DepthwiseConv2d","main"],["b1"]],["GetBlock",[],["T_add","main"],["b2"]],["GetBlock",[],["T_relu","main"],["b3"]],["GetBlock",[],["root","main"],["b4"]],["Annotate",["b1","\"SSSRRSRS\""],["meta_schedule.tiling_structure"],[]],["GetLoops",["b1"],[],["l5","l6","l7","l8","l9","l10"]],["SamplePerfectTile",["l5"],[5,64],["v11","v12","v13","v14","v15"]],["Split",["l5","v11","v12","v13","v14","v15"],[1],["l16","l17","l18","l19","l20"]],["SamplePerfectTile",["l6"],[5,64],["v21","v22","v23","v24","v25"]],["Split",["l6","v21","v22","v23","v24","v25"],[1],["l26","l27","l28","l29","l30"]],["SamplePerfectTile",["l7"],[5,64],["v31","v32","v33","v34","v35"]],["Split",["l7","v31","v32","v33","v34","v35"],[1],["l36","l37","l38","l39","l40"]],["SamplePerfectTile",["l8"],[5,64],["v41","v42","v43","v44","v45"]],["Split",["l8","v41","v42","v43","v44","v45"],[1],["l46","l47","l48","l49","l50"]],["SamplePerfectTile",["l9"],[3,64],["v51","v52","v53"]],["Split",["l9","v51","v52","v53"],[1],["l54","l55","l56"]],["SamplePerfectTile",["l10"],[3,64],["v57","v58","v59"]],["Split",["l10","v57","v58","v59"],[1],["l60","l61","l62"]],["Reorder",["l16","l26","l36","l46","l17","l27","l37","l47","l18","l28","l38","l48","l54","l60","l55","l61","l19","l29","l39","l49","l56","l62","l20","l30","l40","l50"],[],[]],["Fuse",["l16","l26","l36","l46"],[1],["l63"]],["Bind",["l63"],["blockIdx.x"],[]],["Fuse",["l17","l27","l37","l47"],[1],["l64"]],["Bind",["l64"],["vthread.x"],[]],["Fuse",["l18","l28","l38","l48"],[1],["l65"]],["Bind",["l65"],["threadIdx.x"],[]],["Annotate",["b1",32],["meta_schedule.thread_extent_low_inclusive"],[]],["Annotate",["b1",1024],["meta_schedule.thread_extent_high_inclusive"],[]],["CacheWrite",["b1",[]],[0,"local"],["b66"]],["ReverseComputeAt",["b66","l65"],[1,-1],[]],["CacheRead",["b1",["b1"]],[0,"shared"],["b67"]],["ComputeAt",["b67","l60"],[1,-1],[]],["GetLoops",["b67"],[],["l68","l69","l70","l71","l72","l73","l74","l75","l76"]],["Fuse",["l73","l74","l75","l76"],[1],["l77"]],["SampleCategorical",[],[[1,2,3,4],[0.25,0.25,0.25,0.25]],["v78"]],["Annotate",["b67","v78"],["meta_schedule.cooperative_fetch"],[]],["CacheRead",["b1",["b1"]],[1,"shared"],["b79"]],["ComputeAt",["b79","l60"],[1,-1],[]],["GetLoops",["b79"],[],["l80","l81","l82","l83","l84","l85","l86","l87","l88"]],["Fuse",["l85","l86","l87","l88"],[1],["l89"]],["SampleCategorical",[],[[1,2,3,4],[0.25,0.25,0.25,0.25]],["v90"]],["Annotate",["b79","v90"],["meta_schedule.cooperative_fetch"],[]],["ReverseComputeInline",["b3"],[],[]],["ReverseComputeInline",["b2"],[],[]],["ComputeInline",["b0"],[],[]],["SampleCategorical",[],[[0,16,64,512,1024],[0.2000000000000000111,0.2000000000000000111,0.2000000000000000111,0.2000000000000000111,0.2000000000000000111]],["v91"]],["Annotate",["b4","v91"],["meta_schedule.unroll_explicit"],[]],["EnterPostproc",[],[],[]],["Unannotate",["b67"],["meta_schedule.cooperative_fetch"],[]],["GetLoops",["b67"],[],["l92","l93","l94","l95","l96","l97"]],["Split",["l97","None",64,3],[1],["l98","l99","l100"]],["Vectorize",["l100"],[],[]],["Bind",["l99"],["threadIdx.x"],[]],["Unannotate",["b79"],["meta_schedule.cooperative_fetch"],[]],["GetLoops",["b79"],[],["l101","l102","l103","l104","l105","l106"]],["Split",["l106","None",64],[1],["l107","l108"]],["Bind",["l108"],["threadIdx.x"],[]],["GetBlock",[],["root","main"],["b109"]],["Unannotate",["b109"],["meta_schedule.unroll_explicit"],[]],["GetChildBlocks",["b109"],[],["b110","b111","b112","b113"]],["GetLoops",["b110"],[],["l114","l115","l116","l117","l118","l119","l120","l121"]],["Annotate",["l114",512],["pragma_auto_unroll_max_step"],[]],["Annotate",["l114",1],["pragma_unroll_explicit"],[]],["GetLoops",["b111"],[],["l122","l123","l124","l125","l126","l127","l128"]],["Annotate",["l122",512],["pragma_auto_unroll_max_step"],[]],["Annotate",["l122",1],["pragma_unroll_explicit"],[]],["GetLoops",["b112"],[],["l129","l130","l131","l132","l133","l134","l135","l136","l137","l138","l139","l140","l141","l142","l143","l144","l145"]],["Annotate",["l129",512],["pragma_auto_unroll_max_step"],[]],["Annotate",["l129",1],["pragma_unroll_explicit"],[]],["GetLoops",["b113"],[],["l146","l147","l148","l149","l150","l151","l152"]],["Annotate",["l146",512],["pragma_auto_unroll_max_step"],[]],["Annotate",["l146",1],["pragma_unroll_explicit"],[]],["GetBlock",[],["DepthwiseConv2d","main"],["b153"]],["GetLoops",["b153"],[],["l154","l155","l156","l157","l158","l159","l160","l161","l162","l163","l164","l165","l166","l167","l168","l169","l170"]],["DecomposeReduction",["b153","l157"],[],["b171"]]],[[7,[2,1,4,1,1]],[9,[28,1,1,2,1]],[11,[7,1,8,1,1]],[13,[3,1,2,1,12]],[15,[1,1,3]],[17,[1,1,3]],[34,2],[40,0],[45,3]]],[0],{"arch":"sm_70","keys":["cuda","gpu"],"kind":"cuda","max_num_threads":1024,"max_shared_memory_per_block":49152,"max_threads_per_block":1024,"registers_per_block":65536,"tag":"","thread_warp_size":32},[["TENSOR","float32",[8,56,56,72]],["TENSOR","float32",[3,3,72,1]],["TENSOR","float32",[1,1,1,72]],["TENSOR","float32",[8,56,56,72]]]]]
[0,[[[["GetBlock",[],["PaddedInput","main"],["b0"]],["GetBlock",[],["DepthwiseConv2d","main"],["b1"]],["GetBlock",[],["T_add","main"],["b2"]],["GetBlock",[],["T_relu","main"],["b3"]],["GetBlock",[],["root","main"],["b4"]],["Annotate",["b1","\"SSSRRSRS\""],["meta_schedule.tiling_structure"],[]],["GetLoops",["b1"],[],["l5","l6","l7","l8","l9","l10"]],["SamplePerfectTile",["l5"],[5,64],["v11","v12","v13","v14","v15"]],["Split",["l5","v11","v12","v13","v14","v15"],[1],["l16","l17","l18","l19","l20"]],["SamplePerfectTile",["l6"],[5,64],["v21","v22","v23","v24","v25"]],["Split",["l6","v21","v22","v23","v24","v25"],[1],["l26","l27","l28","l29","l30"]],["SamplePerfectTile",["l7"],[5,64],["v31","v32","v33","v34","v35"]],["Split",["l7","v31","v32","v33","v34","v35"],[1],["l36","l37","l38","l39","l40"]],["SamplePerfectTile",["l8"],[5,64],["v41","v42","v43","v44","v45"]],["Split",["l8","v41","v42","v43","v44","v45"],[1],["l46","l47","l48","l49","l50"]],["SamplePerfectTile",["l9"],[3,64],["v51","v52","v53"]],["Split",["l9","v51","v52","v53"],[1],["l54","l55","l56"]],["SamplePerfectTile",["l10"],[3,64],["v57","v58","v59"]],["Split",["l10","v57","v58","v59"],[1],["l60","l61","l62"]],["Reorder",["l16","l26","l36","l46","l17","l27","l37","l47","l18","l28","l38","l48","l54","l60","l55","l61","l19","l29","l39","l49","l56","l62","l20","l30","l40","l50"],[],[]],["Fuse",["l16","l26","l36","l46"],[1],["l63"]],["Bind",["l63"],["blockIdx.x"],[]],["Fuse",["l17","l27","l37","l47"],[1],["l64"]],["Bind",["l64"],["vthread.x"],[]],["Fuse",["l18","l28","l38","l48"],[1],["l65"]],["Bind",["l65"],["threadIdx.x"],[]],["Annotate",["b1",32],["meta_schedule.thread_extent_low_inclusive"],[]],["Annotate",["b1",1024],["meta_schedule.thread_extent_high_inclusive"],[]],["CacheWrite",["b1",[]],[0,"local"],["b66"]],["ReverseComputeAt",["b66","l65"],[1,-1],[]],["CacheRead",["b1",["b1"]],[0,"shared"],["b67"]],["ComputeAt",["b67","l60"],[1,-1],[]],["GetLoops",["b67"],[],["l68","l69","l70","l71","l72","l73","l74","l75","l76"]],["Fuse",["l73","l74","l75","l76"],[1],["l77"]],["SampleCategorical",[],[[1,2,3,4],[0.25,0.25,0.25,0.25]],["v78"]],["Annotate",["b67","v78"],["meta_schedule.cooperative_fetch"],[]],["CacheRead",["b1",["b1"]],[1,"shared"],["b79"]],["ComputeAt",["b79","l60"],[1,-1],[]],["GetLoops",["b79"],[],["l80","l81","l82","l83","l84","l85","l86","l87","l88"]],["Fuse",["l85","l86","l87","l88"],[1],["l89"]],["SampleCategorical",[],[[1,2,3,4],[0.25,0.25,0.25,0.25]],["v90"]],["Annotate",["b79","v90"],["meta_schedule.cooperative_fetch"],[]],["ReverseComputeInline",["b3"],[],[]],["ReverseComputeInline",["b2"],[],[]],["ComputeInline",["b0"],[],[]],["SampleCategorical",[],[[0,16,64,512,1024],[0.2000000000000000111,0.2000000000000000111,0.2000000000000000111,0.2000000000000000111,0.2000000000000000111]],["v91"]],["Annotate",["b4","v91"],["meta_schedule.unroll_explicit"],[]],["EnterPostproc",[],[],[]],["Unannotate",["b67"],["meta_schedule.cooperative_fetch"],[]],["GetLoops",["b67"],[],["l92","l93","l94","l95","l96","l97"]],["Split",["l97","None",32,2],[1],["l98","l99","l100"]],["Vectorize",["l100"],[],[]],["Bind",["l99"],["threadIdx.x"],[]],["Unannotate",["b79"],["meta_schedule.cooperative_fetch"],[]],["GetLoops",["b79"],[],["l101","l102","l103","l104","l105","l106"]],["Split",["l106","None",32],[1],["l107","l108"]],["Bind",["l108"],["threadIdx.x"],[]],["GetBlock",[],["root","main"],["b109"]],["Unannotate",["b109"],["meta_schedule.unroll_explicit"],[]],["GetChildBlocks",["b109"],[],["b110","b111","b112","b113"]],["GetLoops",["b110"],[],["l114","l115","l116","l117","l118","l119","l120","l121"]],["Annotate",["l114",512],["pragma_auto_unroll_max_step"],[]],["Annotate",["l114",1],["pragma_unroll_explicit"],[]],["GetLoops",["b111"],[],["l122","l123","l124","l125","l126","l127","l128"]],["Annotate",["l122",512],["pragma_auto_unroll_max_step"],[]],["Annotate",["l122",1],["pragma_unroll_explicit"],[]],["GetLoops",["b112"],[],["l129","l130","l131","l132","l133","l134","l135","l136","l137","l138","l139","l140","l141","l142","l143","l144","l145"]],["Annotate",["l129",512],["pragma_auto_unroll_max_step"],[]],["Annotate",["l129",1],["pragma_unroll_explicit"],[]],["GetLoops",["b113"],[],["l146","l147","l148","l149","l150","l151","l152"]],["Annotate",["l146",512],["pragma_auto_unroll_max_step"],[]],["Annotate",["l146",1],["pragma_unroll_explicit"],[]],["GetBlock",[],["DepthwiseConv2d","main"],["b153"]],["GetLoops",["b153"],[],["l154","l155","l156","l157","l158","l159","l160","l161","l162","l163","l164","l165","l166","l167","l168","l169","l170"]],["DecomposeReduction",["b153","l157"],[],["b171"]]],[[7,[1,1,4,1,2]],[9,[7,2,4,1,1]],[11,[14,1,2,2,1]],[13,[36,1,1,2,1]],[15,[3,1,1]],[17,[3,1,1]],[34,1],[40,0],[45,3]]],[0],{"arch":"sm_70","keys":["cuda","gpu"],"kind":"cuda","max_num_threads":1024,"max_shared_memory_per_block":49152,"max_threads_per_block":1024,"registers_per_block":65536,"tag":"","thread_warp_size":32},[["TENSOR","float32",[8,56,56,72]],["TENSOR","float32",[3,3,72,1]],["TENSOR","float32",[1,1,1,72]],["TENSOR","float32",[8,56,56,72]]]]]
[0,[[[["GetBlock",[],["PaddedInput","main"],["b0"]],["GetBlock",[],["DepthwiseConv2d","main"],["b1"]],["GetBlock",[],["T_add","main"],["b2"]],["GetBlock",[],["T_relu","main"],["b3"]],["GetBlock",[],["root","main"],["b4"]],["Annotate",["b1","\"SSSRRSRS\""],["meta_schedule.tiling_structure"],[]],["GetLoops",["b1"],[],["l5","l6","l7","l8","l9","l10"]],["SamplePerfectTile",["l5"],[5,64],["v11","v12","v13","v14","v15"]],["Split",["l5","v11","v12","v13","v14","v15"],[1],["l16","l17","l18","l19","l20"]],["SamplePerfectTile",["l6"],[5,64],["v21","v22","v23","v24","v25"]],["Split",["l6","v21","v22","v23","v24","v25"],[1],["l26","l27","l28","l29","l30"]],["SamplePerfectTile",["l7"],[5,64],["v31","v32","v33","v34","v35"]],["Split",["l7","v31","v32","v33","v34","v35"],[1],["l36","l37","l38","l39","l40"]],["SamplePerfectTile",["l8"],[5,64],["v41","v42","v43","v44","v45"]],["Split",["l8","v41","v42","v43","v44","v45"],[1],["l46","l47","l48","l49","l50"]],["SamplePerfectTile",["l9"],[3,64],["v51","v52","v53"]],["Split",["l9","v51","v52","v53"],[1],["l54","l55","l56"]],["SamplePerfectTile",["l10"],[3,64],["v57","v58","v59"]],["Split",["l10","v57","v58","v59"],[1],["l60","l61","l62"]],["Reorder",["l16","l26","l36","l46","l17","l27","l37","l47","l18","l28","l38","l48","l54","l60","l55","l61","l19","l29","l39","l49","l56","l62","l20","l30","l40","l50"],[],[]],["Fuse",["l16","l26","l36","l46"],[1],["l63"]],["Bind",["l63"],["blockIdx.x"],[]],["Fuse",["l17","l27","l37","l47"],[1],["l64"]],["Bind",["l64"],["vthread.x"],[]],["Fuse",["l18","l28","l38","l48"],[1],["l65"]],["Bind",["l65"],["threadIdx.x"],[]],["Annotate",["b1",32],["meta_schedule.thread_extent_low_inclusive"],[]],["Annotate",["b1",1024],["meta_schedule.thread_extent_high_inclusive"],[]],["CacheWrite",["b1",[]],[0,"local"],["b66"]],["ReverseComputeAt",["b66","l65"],[1,-1],[]],["CacheRead",["b1",["b1"]],[0,"shared"],["b67"]],["ComputeAt",["b67","l60"],[1,-1],[]],["GetLoops",["b67"],[],["l68","l69","l70","l71","l72","l73","l74","l75","l76"]],["Fuse",["l73","l74","l75","l76"],[1],["l77"]],["SampleCategorical",[],[[1,2,3,4],[0.25,0.25,0.25,0.25]],["v78"]],["Annotate",["b67","v78"],["meta_schedule.cooperative_fetch"],[]],["CacheRead",["b1",["b1"]],[1,"shared"],["b79"]],["ComputeAt",["b79","l60"],[1,-1],[]],["GetLoops",["b79"],[],["l80","l81","l82","l83","l84","l85","l86","l87","l88"]],["Fuse",["l85","l86","l87","l88"],[1],["l89"]],["SampleCategorical",[],[[1,2,3,4],[0.25,0.25,0.25,0.25]],["v90"]],["Annotate",["b79","v90"],["meta_schedule.cooperative_fetch"],[]],["ReverseComputeInline",["b3"],[],[]],["ReverseComputeInline",["b2"],[],[]],["ComputeInline",["b0"],[],[]],["SampleCategorical",[],[[0,16,64,512,1024],[0.2000000000000000111,0.2000000000000000111,0.2000000000000000111,0.2000000000000000111,0.2000000000000000111]],["v91"]],["Annotate",["b4","v91"],["meta_schedule.unroll_explicit"],[]],["EnterPostproc",[],[],[]],["Unannotate",["b67"],["meta_schedule.cooperative_fetch"],[]],["GetLoops",["b67"],[],["l92","l93","l94","l95","l96","l97"]],["Split",["l97","None",36,3],[1],["l98","l99","l100"]],["Vectorize",["l100"],[],[]],["Bind",["l99"],["threadIdx.x"],[]],["Unannotate",["b79"],["meta_schedule.cooperative_fetch"],[]],["GetLoops",["b79"],[],["l101","l102","l103","l104","l105","l106"]],["Split",["l106","None",36,3],[1],["l107","l108","l109"]],["Vectorize",["l109"],[],[]],["Bind",["l108"],["threadIdx.x"],[]],["GetBlock",[],["root","main"],["b110"]],["Unannotate",["b110"],["meta_schedule.unroll_explicit"],[]],["GetChildBlocks",["b110"],[],["b111","b112","b113","b114"]],["GetLoops",["b111"],[],["l115","l116","l117","l118","l119","l120","l121","l122"]],["GetLoops",["b112"],[],["l123","l124","l125","l126","l127","l128","l129","l130"]],["GetLoops",["b113"],[],["l131","l132","l133","l134","l135","l136","l137","l138","l139","l140","l141","l142","l143","l144","l145","l146","l147"]],["GetLoops",["b114"],[],["l148","l149","l150","l151","l152","l153","l154"]],["GetBlock",[],["DepthwiseConv2d","main"],["b155"]],["GetLoops",["b155"],[],["l156","l157","l158","l159","l160","l161","l162","l163","l164","l165","l166","l167","l168","l169","l170","l171","l172"]],["DecomposeReduction",["b155","l159"],[],["b173"]]],[[7,[2,1,2,1,2]],[9,[7,4,2,1,1]],[11,[28,1,1,2,1]],[13,[4,1,9,1,2]],[15,[1,1,3]],[17,[3,1,1]],[34,2],[40,2],[45,0]]],[0],{"arch":"sm_70","keys":["cuda","gpu"],"kind":"cuda","max_num_threads":1024,"max_shared_memory_per_block":49152,"max_threads_per_block":1024,"registers_per_block":65536,"tag":"","thread_warp_size":32},[["TENSOR","float32",[8,56,56,72]],["TENSOR","float32",[3,3,72,1]],["TENSOR","float32",[1,1,1,72]],["TENSOR","float32",[8,56,56,72]]]]]
[0,[[[["GetBlock",[],["PaddedInput","main"],["b0"]],["GetBlock",[],["DepthwiseConv2d","main"],["b1"]],["GetBlock",[],["T_add","main"],["b2"]],["GetBlock",[],["T_relu","main"],["b3"]],["GetBlock",[],["root","main"],["b4"]],["Annotate",["b1","\"SSSRRSRS\""],["meta_schedule.tiling_structure"],[]],["GetLoops",["b1"],[],["l5","l6","l7","l8","l9","l10"]],["SamplePerfectTile",["l5"],[5,64],["v11","v12","v13","v14","v15"]],["Split",["l5","v11","v12","v13","v14","v15"],[1],["l16","l17","l18","l19","l20"]],["SamplePerfectTile",["l6"],[5,64],["v21","v22","v23","v24","v25"]],["Split",["l6","v21","v22","v23","v24","v25"],[1],["l26","l27","l28","l29","l30"]],["SamplePerfectTile",["l7"],[5,64],["v31","v32","v33","v34","v35"]],["Split",["l7","v31","v32","v33","v34","v35"],[1],["l36","l37","l38","l39","l40"]],["SamplePerfectTile",["l8"],[5,64],["v41","v42","v43","v44","v45"]],["Split",["l8","v41","v42","v43","v44","v45"],[1],["l46","l47","l48","l49","l50"]],["SamplePerfectTile",["l9"],[3,64],["v51","v52","v53"]],["Split",["l9","v51","v52","v53"],[1],["l54","l55","l56"]],["SamplePerfectTile",["l10"],[3,64],["v57","v58","v59"]],["Split",["l10","v57","v58","v59"],[1],["l60","l61","l62"]],["Reorder",["l16","l26","l36","l46","l17","l27","l37","l47","l18","l28","l38","l48","l54","l60","l55","l61","l19","l29","l39","l49","l56","l62","l20","l30","l40","l50"],[],[]],["Fuse",["l16","l26","l36","l46"],[1],["l63"]],["Bind",["l63"],["blockIdx.x"],[]],["Fuse",["l17","l27","l37","l47"],[1],["l64"]],["Bind",["l64"],["vthread.x"],[]],["Fuse",["l18","l28","l38","l48"],[1],["l65"]],["Bind",["l65"],["threadIdx.x"],[]],["Annotate",["b1",32],["meta_schedule.thread_extent_low_inclusive"],[]],["Annotate",["b1",1024],["meta_schedule.thread_extent_high_inclusive"],[]],["CacheWrite",["b1",[]],[0,"local"],["b66"]],["ReverseComputeAt",["b66","l65"],[1,-1],[]],["CacheRead",["b1",["b1"]],[0,"shared"],["b67"]],["ComputeAt",["b67","l60"],[1,-1],[]],["GetLoops",["b67"],[],["l68","l69","l70","l71","l72","l73","l74","l75","l76"]],["Fuse",["l73","l74","l75","l76"],[1],["l77"]],["SampleCategorical",[],[[1,2,3,4],[0.25,0.25,0.25,0.25]],["v78"]],["Annotate",["b67","v78"],["meta_schedule.cooperative_fetch"],[]],["CacheRead",["b1",["b1"]],[1,"shared"],["b79"]],["ComputeAt",["b79","l60"],[1,-1],[]],["GetLoops",["b79"],[],["l80","l81","l82","l83","l84","l85","l86","l87","l88"]],["Fuse",["l85","l86","l87","l88"],[1],["l89"]],["SampleCategorical",[],[[1,2,3,4],[0.25,0.25,0.25,0.25]],["v90"]],["Annotate",["b79","v90"],["meta_schedule.cooperative_fetch"],[]],["ReverseComputeInline",["b3"],[],[]],["ReverseComputeInline",["b2"],[],[]],["ComputeInline",["b0"],[],[]],["SampleCategorical",[],[[0,16,64,512,1024],[0.2000000000000000111,0.2000000000000000111,0.2000000000000000111,0.2000000000000000111,0.2000000000000000111]],["v91"]],["Annotate",["b4","v91"],["meta_schedule.unroll_explicit"],[]],["EnterPostproc",[],[],[]],["Unannotate",["b67"],["meta_schedule.cooperative_fetch"],[]],["GetLoops",["b67"],[],["l92","l93","l94","l95","l96","l97"]],["Split",["l97","None",224,2],[1],["l98","l99","l100"]],["Vectorize",["l100"],[],[]],["Bind",["l99"],["threadIdx.x"],[]],["Unannotate",["b79"],["meta_schedule.cooperative_fetch"],[]],["GetLoops",["b79"],[],["l101","l102","l103","l104","l105","l106"]],["Split",["l106","None",224,4],[1],["l107","l108","l109"]],["Vectorize",["l109"],[],[]],["Bind",["l108"],["threadIdx.x"],[]],["GetBlock",[],["root","main"],["b110"]],["Unannotate",["b110"],["meta_schedule.unroll_explicit"],[]],["GetChildBlocks",["b110"],[],["b111","b112","b113","b114"]],["GetLoops",["b111"],[],["l115","l116","l117","l118","l119","l120","l121","l122"]],["Annotate",["l115",64],["pragma_auto_unroll_max_step"],[]],["Annotate",["l115",1],["pragma_unroll_explicit"],[]],["GetLoops",["b112"],[],["l123","l124","l125","l126","l127","l128","l129","l130"]],["Annotate",["l123",64],["pragma_auto_unroll_max_step"],[]],["Annotate",["l123",1],["pragma_unroll_explicit"],[]],["GetLoops",["b113"],[],["l131","l132","l133","l134","l135","l136","l137","l138","l139","l140","l141","l142","l143","l144","l145","l146","l147"]],["Annotate",["l131",64],["pragma_auto_unroll_max_step"],[]],["Annotate",["l131",1],["pragma_unroll_explicit"],[]],["GetLoops",["b114"],[],["l148","l149","l150","l151","l152","l153","l154"]],["Annotate",["l148",64],["pragma_auto_unroll_max_step"],[]],["Annotate",["l148",1],["pragma_unroll_explicit"],[]],["GetBlock",[],["DepthwiseConv2d","main"],["b155"]],["GetLoops",["b155"],[],["l156","l157","l158","l159","l160","l161","l162","l163","l164","l165","l166","l167","l168","l169","l170","l171","l172"]],["DecomposeReduction",["b155","l159"],[],["b173"]]],[[7,[2,2,1,1,2]],[9,[1,1,28,2,1]],[11,[14,2,2,1,1]],[13,[9,1,4,2,1]],[15,[3,1,1]],[17,[1,3,1]],[34,1],[40,3],[45,2]]],[0],{"arch":"sm_70","keys":["cuda","gpu"],"kind":"cuda","max_num_threads":1024,"max_shared_memory_per_block":49152,"max_threads_per_block":1024,"registers_per_block":65536,"tag":"","thread_warp_size":32},[["TENSOR","float32",[8,56,56,72]],["TENSOR","float32",[3,3,72,1]],["TENSOR","float32",[1,1,1,72]],["TENSOR","float32",[8,56,56,72]]]]]
[0,[[[["GetBlock",[],["PaddedInput","main"],["b0"]],["GetBlock",[],["DepthwiseConv2d","main"],["b1"]],["GetBlock",[],["T_add","main"],["b2"]],["GetBlock",[],["T_relu","main"],["b3"]],["GetBlock",[],["root","main"],["b4"]],["Annotate",["b1","\"SSSRRSRS\""],["meta_schedule.tiling_structure"],[]],["GetLoops",["b1"],[],["l5","l6","l7","l8","l9","l10"]],["SamplePerfectTile",["l5"],[5,64],["v11","v12","v13","v14","v15"]],["Split",["l5","v11","v12","v13","v14","v15"],[1],["l16","l17","l18","l19","l20"]],["SamplePerfectTile",["l6"],[5,64],["v21","v22","v23","v24","v25"]],["Split",["l6","v21","v22","v23","v24","v25"],[1],["l26","l27","l28","l29","l30"]],["SamplePerfectTile",["l7"],[5,64],["v31","v32","v33","v34","v35"]],["Split",["l7","v31","v32","v33","v34","v35"],[1],["l36","l37","l38","l39","l40"]],["SamplePerfectTile",["l8"],[5,64],["v41","v42","v43","v44","v45"]],["Split",["l8","v41","v42","v43","v44","v45"],[1],["l46","l47","l48","l49","l50"]],["SamplePerfectTile",["l9"],[3,64],["v51","v52","v53"]],["Split",["l9","v51","v52","v53"],[1],["l54","l55","l56"]],["SamplePerfectTile",["l10"],[3,64],["v57","v58","v59"]],["Split",["l10","v57","v58","v59"],[1],["l60","l61","l62"]],["Reorder",["l16","l26","l36","l46","l17","l27","l37","l47","l18","l28","l38","l48","l54","l60","l55","l61","l19","l29","l39","l49","l56","l62","l20","l30","l40","l50"],[],[]],["Fuse",["l16","l26","l36","l46"],[1],["l63"]],["Bind",["l63"],["blockIdx.x"],[]],["Fuse",["l17","l27","l37","l47"],[1],["l64"]],["Bind",["l64"],["vthread.x"],[]],["Fuse",["l18","l28","l38","l48"],[1],["l65"]],["Bind",["l65"],["threadIdx.x"],[]],["Annotate",["b1",32],["meta_schedule.thread_extent_low_inclusive"],[]],["Annotate",["b1",1024],["meta_schedule.thread_extent_high_inclusive"],[]],["CacheWrite",["b1",[]],[0,"local"],["b66"]],["ReverseComputeAt",["b66","l65"],[1,-1],[]],["CacheRead",["b1",["b1"]],[0,"shared"],["b67"]],["ComputeAt",["b67","l60"],[1,-1],[]],["GetLoops",["b67"],[],["l68","l69","l70","l71","l72","l73","l74","l75","l76"]],["Fuse",["l73","l74","l75","l76"],[1],["l77"]],["SampleCategorical",[],[[1,2,3,4],[0.25,0.25,0.25,0.25]],["v78"]],["Annotate",["b67","v78"],["meta_schedule.cooperative_fetch"],[]],["CacheRead",["b1",["b1"]],[1,"shared"],["b79"]],["ComputeAt",["b79","l60"],[1,-1],[]],["GetLoops",["b79"],[],["l80","l81","l82","l83","l84","l85","l86","l87","l88"]],["Fuse",["l85","l86","l87","l88"],[1],["l89"]],["SampleCategorical",[],[[1,2,3,4],[0.25,0.25,0.25,0.25]],["v90"]],["Annotate",["b79","v90"],["meta_schedule.cooperative_fetch"],[]],["ReverseComputeInline",["b3"],[],[]],["ReverseComputeInline",["b2"],[],[]],["ComputeInline",["b0"],[],[]],["SampleCategorical",[],[[0,16,64,512,1024],[0.2000000000000000111,0.2000000000000000111,0.2000000000000000111,0.2000000000000000111,0.2000000000000000111]],["v91"]],["Annotate",["b4","v91"],["meta_schedule.unroll_explicit"],[]],["EnterPostproc",[],[],[]],["Unannotate",["b67"],["meta_schedule.cooperative_fetch"],[]],["GetLoops",["b67"],[],["l92","l93","l94","l95","l96","l97"]],["Split",["l97","None",56],[1],["l98","l99"]],["Bind",["l99"],["threadIdx.x"],[]],["Unannotate",["b79"],["meta_schedule.cooperative_fetch"],[]],["GetLoops",["b79"],[],["l100","l101","l102","l103","l104","l105"]],["Split",["l105","None",56,4],[1],["l106","l107","l108"]],["Vectorize",["l108"],[],[]],["Bind",["l107"],["threadIdx.x"],[]],["GetBlock",[],["root","main"],["b109"]],["Unannotate",["b109"],["meta_schedule.unroll_explicit"],[]],["GetChildBlocks",["b109"],[],["b110","b111","b112","b113"]],["GetLoops",["b110"],[],["l114","l115","l116","l117","l118","l119","l120"]],["Annotate",["l114",16],["pragma_auto_unroll_max_step"],[]],["Annotate",["l114",1],["pragma_unroll_explicit"],[]],["GetLoops",["b111"],[],["l121","l122","l123","l124","l125","l126","l127","l128"]],["Annotate",["l121",16],["pragma_auto_unroll_max_step"],[]],["Annotate",["l121",1],["pragma_unroll_explicit"],[]],["GetLoops",["b112"],[],["l129","l130","l131","l132","l133","l134","l135","l136","l137","l138","l139","l140","l141","l142","l143","l144","l145"]],["Annotate",["l129",16],["pragma_auto_unroll_max_step"],[]],["Annotate",["l129",1],["pragma_unroll_explicit"],[]],["GetLoops",["b113"],[],["l146","l147","l148","l149","l150","l151","l152"]],["Annotate",["l146",16],["pragma_auto_unroll_max_step"],[]],["Annotate",["l146",1],["pragma_unroll_explicit"],[]],["GetBlock",[],["DepthwiseConv2d","main"],["b153"]],["GetLoops",["b153"],[],["l154","l155","l156","l157","l158","l159","l160","l161","l162","l163","l164","l165","l166","l167","l168","l169","l170"]],["DecomposeReduction",["b153","l157"],[],["b171"]]],[[7,[4,1,1,2,1]],[9,[7,1,8,1,1]],[11,[4,1,7,2,1]],[13,[3,6,1,4,1]],[15,[3,1,1]],[17,[1,1,3]],[34,0],[40,3],[45,1]]],[0],{"arch":"sm_70","keys":["cuda","gpu"],"kind":"cuda","max_num_threads":1024,"max_shared_memory_per_block":49152,"max_threads_per_block":1024,"registers_per_block":65536,"tag":"","thread_warp_size":32},[["TENSOR","float32",[8,56,56,72]],["TENSOR","float32",[3,3,72,1]],["TENSOR","float32",[1,1,1,72]],["TENSOR","float32",[8,56,56,72]]]]]
[0,[[[["GetBlock",[],["PaddedInput","main"],["b0"]],["GetBlock",[],["DepthwiseConv2d","main"],["b1"]],["GetBlock",[],["T_add","main"],["b2"]],["GetBlock",[],["T_relu","main"],["b3"]],["GetBlock",[],["root","main"],["b4"]],["Annotate",["b1","\"SSSRRSRS\""],["meta_schedule.tiling_structure"],[]],["GetLoops",["b1"],[],["l5","l6","l7","l8","l9","l10"]],["SamplePerfectTile",["l5"],[5,64],["v11","v12","v13","v14","v15"]],["Split",["l5","v11","v12","v13","v14","v15"],[1],["l16","l17","l18","l19","l20"]],["SamplePerfectTile",["l6"],[5,64],["v21","v22","v23","v24","v25"]],["Split",["l6","v21","v22","v23","v24","v25"],[1],["l26","l27","l28","l29","l30"]],["SamplePerfectTile",["l7"],[5,64],["v31","v32","v33","v34","v35"]],["Split",["l7","v31","v32","v33","v34","v35"],[1],["l36","l37","l38","l39","l40"]],["SamplePerfectTile",["l8"],[5,64],["v41","v42","v43","v44","v45"]],["Split",["l8","v41","v42","v43","v44","v45"],[1],["l46","l47","l48","l49","l50"]],["SamplePerfectTile",["l9"],[3,64],["v51","v52","v53"]],["Split",["l9","v51","v52","v53"],[1],["l54","l55","l56"]],["SamplePerfectTile",["l10"],[3,64],["v57","v58","v59"]],["Split",["l10","v57","v58","v59"],[1],["l60","l61","l62"]],["Reorder",["l16","l26","l36","l46","l17","l27","l37","l47","l18","l28","l38","l48","l54","l60","l55","l61","l19","l29","l39","l49","l56","l62","l20","l30","l40","l50"],[],[]],["Fuse",["l16","l26","l36","l46"],[1],["l63"]],["Bind",["l63"],["blockIdx.x"],[]],["Fuse",["l17","l27","l37","l47"],[1],["l64"]],["Bind",["l64"],["vthread.x"],[]],["Fuse",["l18","l28","l38","l48"],[1],["l65"]],["Bind",["l65"],["threadIdx.x"],[]],["Annotate",["b1",32],["meta_schedule.thread_extent_low_inclusive"],[]],["Annotate",["b1",1024],["meta_schedule.thread_extent_high_inclusive"],[]],["CacheWrite",["b1",[]],[0,"local"],["b66"]],["ReverseComputeAt",["b66","l65"],[1,-1],[]],["CacheRead",["b1",["b1"]],[0,"shared"],["b67"]],["ComputeAt",["b67","l60"],[1,-1],[]],["GetLoops",["b67"],[],["l68","l69","l70","l71","l72","l73","l74","l75","l76"]],["Fuse",["l73","l74","l75","l76"],[1],["l77"]],["SampleCategorical",[],[[1,2,3,4],[0.25,0.25,0.25,0.25]],["v78"]],["Annotate",["b67","v78"],["meta_schedule.cooperative_fetch"],[]],["CacheRead",["b1",["b1"]],[1,"shared"],["b79"]],["ComputeAt",["b79","l60"],[1,-1],[]],["GetLoops",["b79"],[],["l80","l81","l82","l83","l84","l85","l86","l87","l88"]],["Fuse",["l85","l86","l87","l88"],[1],["l89"]],["SampleCategorical",[],[[1,2,3,4],[0.25,0.25,0.25,0.25]],["v90"]],["Annotate",["b79","v90"],["meta_schedule.cooperative_fetch"],[]],["ReverseComputeInline",["b3"],[],[]],["ReverseComputeInline",["b2"],[],[]],["ComputeInline",["b0"],[],[]],["SampleCategorical",[],[[0,16,64,512,1024],[0.2000000000000000111,0.2000000000000000111,0.2000000000000000111,0.2000000000000000111,0.2000000000000000111]],["v91"]],["Annotate",["b4","v91"],["meta_schedule.unroll_explicit"],[]],["EnterPostproc",[],[],[]],["Unannotate",["b67"],["meta_schedule.cooperative_fetch"],[]],["GetLoops",["b67"],[],["l92","l93","l94","l95","l96","l97"]],["Split",["l97","None",56],[1],["l98","l99"]],["Bind",["l99"],["threadIdx.x"],[]],["Unannotate",["b79"],["meta_schedule.cooperative_fetch"],[]],["GetLoops",["b79"],[],["l100","l101","l102","l103","l104","l105"]],["Split",["l105","None",56,3],[1],["l106","l107","l108"]],["Vectorize",["l108"],[],[]],["Bind",["l107"],["threadIdx.x"],[]],["GetBlock",[],["root","main"],["b109"]],["Unannotate",["b109"],["meta_schedule.unroll_explicit"],[]],["GetChildBlocks",["b109"],[],["b110","b111","b112","b113"]],["GetLoops",["b110"],[],["l114","l115","l116","l117","l118","l119","l120"]],["GetLoops",["b111"],[],["l121","l122","l123","l124","l125","l126","l127","l128"]],["GetLoops",["b112"],[],["l129","l130","l131","l132","l133","l134","l135","l136","l137","l138","l139","l140","l141","l142","l143","l144","l145"]],["GetLoops",["b113"],[],["l146","l147","l148","l149","l150","l151","l152"]],["GetBlock",[],["DepthwiseConv2d","main"],["b153"]],["GetLoops",["b153"],[],["l154","l155","l156","l157","l158","l159","l160","l161","l162","l163","l164","l165","l166","l167","l168","l169","l170"]],["DecomposeReduction",["b153","l157"],[],["b171"]]],[[7,[1,4,2,1,1]],[9,[2,1,7,4,1]],[11,[28,1,2,1,1]],[13,[3,2,2,2,3]],[15,[1,1,3]],[17,[3,1,1]],[34,0],[40,2],[45,0]]],[0],{"arch":"sm_70","keys":["cuda","gpu"],"kind":"cuda","max_num_threads":1024,"max_shared_memory_per_block":49152,"max_threads_per_block":1024,"registers_per_block":65536,"tag":"","thread_warp_size":32},[["TENSOR","float32",[8,56,56,72]],["TENSOR","float32",[3,3,72,1]],["TENSOR","float32",[1,1,1,72]],["TENSOR","float32",[8,56,56,72]]]]]
[0,[[[["GetBlock",[],["PaddedInput","main"],["b0"]],["GetBlock",[],["DepthwiseConv2d","main"],["b1"]],["GetBlock",[],["T_add","main"],["b2"]],["GetBlock",[],["T_relu","main"],["b3"]],["GetBlock",[],["root","main"],["b4"]],["Annotate",["b1","\"SSSRRSRS\""],["meta_schedule.tiling_structure"],[]],["GetLoops",["b1"],[],["l5","l6","l7","l8","l9","l10"]],["SamplePerfectTile",["l5"],[5,64],["v11","v12","v13","v14","v15"]],["Split",["l5","v11","v12","v13","v14","v15"],[1],["l16","l17","l18","l19","l20"]],["SamplePerfectTile",["l6"],[5,64],["v21","v22","v23","v24","v25"]],["Split",["l6","v21","v22","v23","v24","v25"],[1],["l26","l27","l28","l29","l30"]],["SamplePerfectTile",["l7"],[5,64],["v31","v32","v33","v34","v35"]],["Split",["l7","v31","v32","v33","v34","v35"],[1],["l36","l37","l38","l39","l40"]],["SamplePerfectTile",["l8"],[5,64],["v41","v42","v43","v44","v45"]],["Split",["l8","v41","v42","v43","v44","v45"],[1],["l46","l47","l48","l49","l50"]],["SamplePerfectTile",["l9"],[3,64],["v51","v52","v53"]],["Split",["l9","v51","v52","v53"],[1],["l54","l55","l56"]],["SamplePerfectTile",["l10"],[3,64],["v57","v58","v59"]],["Split",["l10","v57","v58","v59"],[1],["l60","l61","l62"]],["Reorder",["l16","l26","l36","l46","l17","l27","l37","l47","l18","l28","l38","l48","l54","l60","l55","l61","l19","l29","l39","l49","l56","l62","l20","l30","l40","l50"],[],[]],["Fuse",["l16","l26","l36","l46"],[1],["l63"]],["Bind",["l63"],["blockIdx.x"],[]],["Fuse",["l17","l27","l37","l47"],[1],["l64"]],["Bind",["l64"],["vthread.x"],[]],["Fuse",["l18","l28","l38","l48"],[1],["l65"]],["Bind",["l65"],["threadIdx.x"],[]],["Annotate",["b1",32],["meta_schedule.thread_extent_low_inclusive"],[]],["Annotate",["b1",1024],["meta_schedule.thread_extent_high_inclusive"],[]],["CacheWrite",["b1",[]],[0,"local"],["b66"]],["ReverseComputeAt",["b66","l65"],[1,-1],[]],["CacheRead",["b1",["b1"]],[0,"shared"],["b67"]],["ComputeAt",["b67","l60"],[1,-1],[]],["GetLoops",["b67"],[],["l68","l69","l70","l71","l72","l73","l74","l75","l76"]],["Fuse",["l73","l74","l75","l76"],[1],["l77"]],["SampleCategorical",[],[[1,2,3,4],[0.25,0.25,0.25,0.25]],["v78"]],["Annotate",["b67","v78"],["meta_schedule.cooperative_fetch"],[]],["CacheRead",["b1",["b1"]],[1,"shared"],["b79"]],["ComputeAt",["b79","l60"],[1,-1],[]],["GetLoops",["b79"],[],["l80","l81","l82","l83","l84","l85","l86","l87","l88"]],["Fuse",["l85","l86","l87","l88"],[1],["l89"]],["SampleCategorical",[],[[1,2,3,4],[0.25,0.25,0.25,0.25]],["v90"]],["Annotate",["b79","v90"],["meta_schedule.cooperative_fetch"],[]],["ReverseComputeInline",["b3"],[],[]],["ReverseComputeInline",["b2"],[],[]],["ComputeInline",["b0"],[],[]],["SampleCategorical",[],[[0,16,64,512,1024],[0.2000000000000000111,0.2000000000000000111,0.2000000000000000111,0.2000000000000000111,0.2000000000000000111]],["v91"]],["Annotate",["b4","v91"],["meta_schedule.unroll_explicit"],[]],["EnterPostproc",[],[],[]],["Unannotate",["b67"],["meta_schedule.cooperative_fetch"],[]],["GetLoops",["b67"],[],["l92","l93","l94","l95","l96","l97"]],["Split",["l97","None",112,4],[1],["l98","l99","l100"]],["Vectorize",["l100"],[],[]],["Bind",["l99"],["threadIdx.x"],[]],["Unannotate",["b79"],["meta_schedule.cooperative_fetch"],[]],["GetLoops",["b79"],[],["l101","l102","l103","l104","l105","l106"]],["Split",["l106","None",112,3],[1],["l107","l108","l109"]],["Vectorize",["l109"],[],[]],["Bind",["l108"],["threadIdx.x"],[]],["GetBlock",[],["root","main"],["b110"]],["Unannotate",["b110"],["meta_schedule.unroll_explicit"],[]],["GetChildBlocks",["b110"],[],["b111","b112","b113","b114"]],["GetLoops",["b111"],[],["l115","l116","l117","l118","l119","l120","l121","l122"]],["Annotate",["l115",64],["pragma_auto_unroll_max_step"],[]],["Annotate",["l115",1],["pragma_unroll_explicit"],[]],["GetLoops",["b112"],[],["l123","l124","l125","l126","l127","l128","l129","l130"]],["Annotate",["l123",64],["pragma_auto_unroll_max_step"],[]],["Annotate",["l123",1],["pragma_unroll_explicit"],[]],["GetLoops",["b113"],[],["l131","l132","l133","l134","l135","l136","l137","l138","l139","l140","l141","l142","l143","l144","l145","l146","l147"]],["Annotate",["l131",64],["pragma_auto_unroll_max_step"],[]],["Annotate",["l131",1],["pragma_unroll_explicit"],[]],["GetLoops",["b114"],[],["l148","l149","l150","l151","l152","l153","l154"]],["Annotate",["l148",64],["pragma_auto_unroll_max_step"],[]],["Annotate",["l148",1],["pragma_unroll_explicit"],[]],["GetBlock",[],["DepthwiseConv2d","main"],["b155"]],["GetLoops",["b155"],[],["l156","l157","l158","l159","l160","l161","l162","l163","l164","l165","l166","l167","l168","l169","l170","l171","l172"]],["DecomposeReduction",["b155","l159"],[],["b173"]]],[[7,[1,1,2,2,2]],[9,[2,1,14,2,1]],[11,[7,1,4,1,2]],[13,[36,1,1,2,1]],[15,[1,1,3]],[17,[1,1,3]],[34,3],[40,2],[45,2]]],[0],{"arch":"sm_70","keys":["cuda","gpu"],"kind":"cuda","max_num_threads":1024,"max_shared_memory_per_block":49152,"max_threads_per_block":1024,"registers_per_block":65536,"tag":"","thread_warp_size":32},[["TENSOR","float32",[8,56,56,72]],["TENSOR","float32",[3,3,72,1]],["TENSOR","float32",[1,1,1,72]],["TENSOR","float32",[8,56,56,72]]]]]
[0,[[[["GetBlock",[],["PaddedInput","main"],["b0"]],["GetBlock",[],["DepthwiseConv2d","main"],["b1"]],["GetBlock",[],["T_add","main"],["b2"]],["GetBlock",[],["T_relu","main"],["b3"]],["GetBlock",[],["root","main"],["b4"]],["Annotate",["b1","\"SSSRRSRS\""],["meta_schedule.tiling_structure"],[]],["GetLoops",["b1"],[],["l5","l6","l7","l8","l9","l10"]],["SamplePerfectTile",["l5"],[5,64],["v11","v12","v13","v14","v15"]],["Split",["l5","v11","v12","v13","v14","v15"],[1],["l16","l17","l18","l19","l20"]],["SamplePerfectTile",["l6"],[5,64],["v21","v22","v23","v24","v25"]],["Split",["l6","v21","v22","v23","v24","v25"],[1],["l26","l27","l28","l29","l30"]],["SamplePerfectTile",["l7"],[5,64],["v31","v32","v33","v34","v35"]],["Split",["l7","v31","v32","v33","v34","v35"],[1],["l36","l37","l38","l39","l40"]],["SamplePerfectTile",["l8"],[5,64],["v41","v42","v43","v44","v45"]],["Split",["l8","v41","v42","v43","v44","v45"],[1],["l46","l47","l48","l49","l50"]],["SamplePerfectTile",["l9"],[3,64],["v51","v52","v53"]],["Split",["l9","v51","v52","v53"],[1],["l54","l55","l56"]],["SamplePerfectTile",["l10"],[3,64],["v57","v58","v59"]],["Split",["l10","v57","v58","v59"],[1],["l60","l61","l62"]],["Reorder",["l16","l26","l36","l46","l17","l27","l37","l47","l18","l28","l38","l48","l54","l60","l55","l61","l19","l29","l39","l49","l56","l62","l20","l30","l40","l50"],[],[]],["Fuse",["l16","l26","l36","l46"],[1],["l63"]],["Bind",["l63"],["blockIdx.x"],[]],["Fuse",["l17","l27","l37","l47"],[1],["l64"]],["Bind",["l64"],["vthread.x"],[]],["Fuse",["l18","l28","l38","l48"],[1],["l65"]],["Bind",["l65"],["threadIdx.x"],[]],["Annotate",["b1",32],["meta_schedule.thread_extent_low_inclusive"],[]],["Annotate",["b1",1024],["meta_schedule.thread_extent_high_inclusive"],[]],["CacheWrite",["b1",[]],[0,"local"],["b66"]],["ReverseComputeAt",["b66","l65"],[1,-1],[]],["CacheRead",["b1",["b1"]],[0,"shared"],["b67"]],["ComputeAt",["b67","l60"],[1,-1],[]],["GetLoops",["b67"],[],["l68","l69","l70","l71","l72","l73","l74","l75","l76"]],["Fuse",["l73","l74","l75","l76"],[1],["l77"]],["SampleCategorical",[],[[1,2,3,4],[0.25,0.25,0.25,0.25]],["v78"]],["Annotate",["b67","v78"],["meta_schedule.cooperative_fetch"],[]],["CacheRead",["b1",["b1"]],[1,"shared"],["b79"]],["ComputeAt",["b79","l60"],[1,-1],[]],["GetLoops",["b79"],[],["l80","l81","l82","l83","l84","l85","l86","l87","l88"]],["Fuse",["l85","l86","l87","l88"],[1],["l89"]],["SampleCategorical",[],[[1,2,3,4],[0.25,0.25,0.25,0.25]],["v90"]],["Annotate",["b79","v90"],["meta_schedule.cooperative_fetch"],[]],["ReverseComputeInline",["b3"],[],[]],["ReverseComputeInline",["b2"],[],[]],["ComputeInline",["b0"],[],[]],["SampleCategorical",[],[[0,16,64,512,1024],[0.2000000000000000111,0.2000000000000000111,0.2000000000000000111,0.2000000000000000111,0.2000000000000000111]],["v91"]],["Annotate",["b4","v91"],["meta_schedule.unroll_explicit"],[]],["EnterPostproc",[],[],[]],["Unannotate",["b67"],["meta_schedule.cooperative_fetch"],[]],["GetLoops",["b67"],[],["l92","l93","l94","l95","l96","l97"]],["Split",["l97","None",32,3],[1],["l98","l99","l100"]],["Vectorize",["l100"],[],[]],["Bind",["l99"],["threadIdx.x"],[]],["Unannotate",["b79"],["meta_schedule.cooperative_fetch"],[]],["GetLoops",["b79"],[],["l101","l102","l103","l104","l105","l106"]],["Split",["l106","None",32],[1],["l107","l108"]],["Bind",["l108"],["threadIdx.x"],[]],["GetBlock",[],["root","main"],["b109"]],["Unannotate",["b109"],["meta_schedule.unroll_explicit"],[]],["GetChildBlocks",["b109"],[],["b110","b111","b112","b113"]],["GetLoops",["b110"],[],["l114","l115","l116","l117","l118","l119","l120","l121"]],["Annotate",["l114",16],["pragma_auto_unroll_max_step"],[]],["Annotate",["l114",1],["pragma_unroll_explicit"],[]],["GetLoops",["b111"],[],["l122","l123","l124","l125","l126","l127","l128"]],["Annotate",["l122",16],["pragma_auto_unroll_max_step"],[]],["Annotate",["l122",1],["pragma_unroll_explicit"],[]],["GetLoops",["b112"],[],["l129","l130","l131","l132","l133","l134","l135","l136","l137","l138","l139","l140","l141","l142","l143","l144","l145"]],["Annotate",["l129",16],["pragma_auto_unroll_max_step"],[]],["Annotate",["l129",1],["pragma_unroll_explicit"],[]],["GetLoops",["b113"],[],["l146","l147","l148","l149","l150","l151","l152"]],["Annotate",["l146",16],["pragma_auto_unroll_max_step"],[]],["Annotate",["l146",1],["pragma_unroll_explicit"],[]],["GetBlock",[],["DepthwiseConv2d","main"],["b153"]],["GetLoops",["b153"],[],["l154","l155","l156","l157","l158","l159","l160","l161","l162","l163","l164","l165","l166","l167","l168","l169","l170"]],["DecomposeReduction",["b153","l157"],[],["b171"]]],[[7,[1,4,2,1,1]],[9,[14,1,4,1,1]],[11,[2,7,4,1,1]],[13,[9,8,1,1,1]],[15,[1,1,3]],[17,[1,1,3]],[34,2],[40,0],[45,1]]],[0],{"arch":"sm_70","keys":["cuda","gpu"],"kind":"cuda","max_num_threads":1024,"max_shared_memory_per_block":49152,"max_threads_per_block":1024,"registers_per_block":65536,"tag":"","thread_warp_size":32},[["TENSOR","float32",[8,56,56,72]],["TENSOR","float32",[3,3,72,1]],["TENSOR","float32",[1,1,1,72]],["TENSOR","float32",[8,56,56,72]]]]]
[0,[[[["GetBlock",[],["PaddedInput","main"],["b0"]],["GetBlock",[],["DepthwiseConv2d","main"],["b1"]],["GetBlock",[],["T_add","main"],["b2"]],["GetBlock",[],["T_relu","main"],["b3"]],["GetBlock",[],["root","main"],["b4"]],["Annotate",["b1","\"SSSRRSRS\""],["meta_schedule.tiling_structure"],[]],["GetLoops",["b1"],[],["l5","l6","l7","l8","l9","l10"]],["SamplePerfectTile",["l5"],[5,64],["v11","v12","v13","v14","v15"]],["Split",["l5","v11","v12","v13","v14","v15"],[1],["l16","l17","l18","l19","l20"]],["SamplePerfectTile",["l6"],[5,64],["v21","v22","v23","v24","v25"]],["Split",["l6","v21","v22","v23","v24","v25"],[1],["l26","l27","l28","l29","l30"]],["SamplePerfectTile",["l7"],[5,64],["v31","v32","v33","v34","v35"]],["Split",["l7","v31","v32","v33","v34","v35"],[1],["l36","l37","l38","l39","l40"]],["SamplePerfectTile",["l8"],[5,64],["v41","v42","v43","v44","v45"]],["Split",["l8","v41","v42","v43","v44","v45"],[1],["l46","l47","l48","l49","l50"]],["SamplePerfectTile",["l9"],[3,64],["v51","v52","v53"]],["Split",["l9","v51","v52","v53"],[1],["l54","l55","l56"]],["SamplePerfectTile",["l10"],[3,64],["v57","v58","v59"]],["Split",["l10","v57","v58","v59"],[1],["l60","l61","l62"]],["Reorder",["l16","l26","l36","l46","l17","l27","l37","l47","l18","l28","l38","l48","l54","l60","l55","l61","l19","l29","l39","l49","l56","l62","l20","l30","l40","l50"],[],[]],["Fuse",["l16","l26","l36","l46"],[1],["l63"]],["Bind",["l63"],["blockIdx.x"],[]],["Fuse",["l17","l27","l37","l47"],[1],["l64"]],["Bind",["l64"],["vthread.x"],[]],["Fuse",["l18","l28","l38","l48"],[1],["l65"]],["Bind",["l65"],["threadIdx.x"],[]],["Annotate",["b1",32],["meta_schedule.thread_extent_low_inclusive"],[]],["Annotate",["b1",1024],["meta_schedule.thread_extent_high_inclusive"],[]],["CacheWrite",["b1",[]],[0,"local"],["b66"]],["ReverseComputeAt",["b66","l65"],[1,-1],[]],["CacheRead",["b1",["b1"]],[0,"shared"],["b67"]],["ComputeAt",["b67","l60"],[1,-1],[]],["GetLoops",["b67"],[],["l68","l69","l70","l71","l72","l73","l74","l75","l76"]],["Fuse",["l73","l74","l75","l76"],[1],["l77"]],["SampleCategorical",[],[[1,2,3,4],[0.25,0.25,0.25,0.25]],["v78"]],["Annotate",["b67","v78"],["meta_schedule.cooperative_fetch"],[]],["CacheRead",["b1",["b1"]],[1,"shared"],["b79"]],["ComputeAt",["b79","l60"],[1,-1],[]],["GetLoops",["b79"],[],["l80","l81","l82","l83","l84","l85","l86","l87","l88"]],["Fuse",["l85","l86","l87","l88"],[1],["l89"]],["SampleCategorical",[],[[1,2,3,4],[0.25,0.25,0.25,0.25]],["v90"]],["Annotate",["b79","v90"],["meta_schedule.cooperative_fetch"],[]],["ReverseComputeInline",["b3"],[],[]],["ReverseComputeInline",["b2"],[],[]],["ComputeInline",["b0"],[],[]],["SampleCategorical",[],[[0,16,64,512,1024],[0.2000000000000000111,0.2000000000000000111,0.2000000000000000111,0.2000000000000000111,0.2000000000000000111]],["v91"]],["Annotate",["b4","v91"],["meta_schedule.unroll_explicit"],[]],["EnterPostproc",[],[],[]],["Unannotate",["b67"],["meta_schedule.cooperative_fetch"],[]],["GetLoops",["b67"],[],["l92","l93","l94","l95","l96","l97"]],["Split",["l97","None",48,4],[1],["l98","l99","l100"]],["Vectorize",["l100"],[],[]],["Bind",["l99"],["threadIdx.x"],[]],["Unannotate",["b79"],["meta_schedule.cooperative_fetch"],[]],["GetLoops",["b79"],[],["l101","l102","l103","l104","l105","l106"]],["Split",["l106","None",48,2],[1],["l107","l108","l109"]],["Vectorize",["l109"],[],[]],["Bind",["l108"],["threadIdx.x"],[]],["GetBlock",[],["root","main"],["b110"]],["Unannotate",["b110"],["meta_schedule.unroll_explicit"],[]],["GetChildBlocks",["b110"],[],["b111","b112","b113","b114"]],["GetLoops",["b111"],[],["l115","l116","l117","l118","l119","l120","l121","l122"]],["Annotate",["l115",64],["pragma_auto_unroll_max_step"],[]],["Annotate",["l115",1],["pragma_unroll_explicit"],[]],["GetLoops",["b112"],[],["l123","l124","l125","l126","l127","l128","l129","l130"]],["Annotate",["l123",64],["pragma_auto_unroll_max_step"],[]],["Annotate",["l123",1],["pragma_unroll_explicit"],[]],["GetLoops",["b113"],[],["l131","l132","l133","l134","l135","l136","l137","l138","l139","l140","l141","l142","l143","l144","l145","l146","l147"]],["Annotate",["l131",64],["pragma_auto_unroll_max_step"],[]],["Annotate",["l131",1],["pragma_unroll_explicit"],[]],["GetLoops",["b114"],[],["l148","l149","l150","l151","l152","l153","l154"]],["Annotate",["l148",64],["pragma_auto_unroll_max_step"],[]],["Annotate",["l148",1],["pragma_unroll_explicit"],[]],["GetBlock",[],["DepthwiseConv2d","main"],["b155"]],["GetLoops",["b155"],[],["l156","l157","l158","l159","l160","l161","l162","l163","l164","l165","l166","l167","l168","l169","l170","l171","l172"]],["DecomposeReduction",["b155","l159"],[],["b173"]]],[[7,[4,1,1,2,1]],[9,[2,1,2,1,14]],[11,[7,1,8,1,1]],[13,[4,3,3,2,1]],[15,[3,1,1]],[17,[3,1,1]],[34,3],[40,1],[45,2]]],[0],{"arch":"sm_70","keys":["cuda","gpu"],"kind":"cuda","max_num_threads":1024,"max_shared_memory_per_block":49152,"max_threads_per_block":1024,"registers_per_block":65536,"tag":"","thread_warp_size":32},[["TENSOR","float32",[8,56,56,72]],["TENSOR","float32",[3,3,72,1]],["TENSOR","float32",[1,1,1,72]],["TENSOR","float32",[8,56,56,72]]]]]
[0,[[[["GetBlock",[],["PaddedInput","main"],["b0"]],["GetBlock",[],["DepthwiseConv2d","main"],["b1"]],["GetBlock",[],["T_add","main"],["b2"]],["GetBlock",[],["T_relu","main"],["b3"]],["GetBlock",[],["root","main"],["b4"]],["Annotate",["b1","\"SSSRRSRS\""],["meta_schedule.tiling_structure"],[]],["GetLoops",["b1"],[],["l5","l6","l7","l8","l9","l10"]],["SamplePerfectTile",["l5"],[5,64],["v11","v12","v13","v14","v15"]],["Split",["l5","v11","v12","v13","v14","v15"],[1],["l16","l17","l18","l19","l20"]],["SamplePerfectTile",["l6"],[5,64],["v21","v22","v23","v24","v25"]],["Split",["l6","v21","v22","v23","v24","v25"],[1],["l26","l27","l28","l29","l30"]],["SamplePerfectTile",["l7"],[5,64],["v31","v32","v33","v34","v35"]],["Split",["l7","v31","v32","v33","v34","v35"],[1],["l36","l37","l38","l39","l40"]],["SamplePerfectTile",["l8"],[5,64],["v41","v42","v43","v44","v45"]],["Split",["l8","v41","v42","v43","v44","v45"],[1],["l46","l47","l48","l49","l50"]],["SamplePerfectTile",["l9"],[3,64],["v51","v52","v53"]],["Split",["l9","v51","v52","v53"],[1],["l54","l55","l56"]],["SamplePerfectTile",["l10"],[3,64],["v57","v58","v59"]],["Split",["l10","v57","v58","v59"],[1],["l60","l61","l62"]],["Reorder",["l16","l26","l36","l46","l17","l27","l37","l47","l18","l28","l38","l48","l54","l60","l55","l61","l19","l29","l39","l49","l56","l62","l20","l30","l40","l50"],[],[]],["Fuse",["l16","l26","l36","l46"],[1],["l63"]],["Bind",["l63"],["blockIdx.x"],[]],["Fuse",["l17","l27","l37","l47"],[1],["l64"]],["Bind",["l64"],["vthread.x"],[]],["Fuse",["l18","l28","l38","l48"],[1],["l65"]],["Bind",["l65"],["threadIdx.x"],[]],["Annotate",["b1",32],["meta_schedule.thread_extent_low_inclusive"],[]],["Annotate",["b1",1024],["meta_schedule.thread_extent_high_inclusive"],[]],["CacheWrite",["b1",[]],[0,"local"],["b66"]],["ReverseComputeAt",["b66","l65"],[1,-1],[]],["CacheRead",["b1",["b1"]],[0,"shared"],["b67"]],["ComputeAt",["b67","l60"],[1,-1],[]],["GetLoops",["b67"],[],["l68","l69","l70","l71","l72","l73","l74","l75","l76"]],["Fuse",["l73","l74","l75","l76"],[1],["l77"]],["SampleCategorical",[],[[1,2,3,4],[0.25,0.25,0.25,0.25]],["v78"]],["Annotate",["b67","v78"],["meta_schedule.cooperative_fetch"],[]],["CacheRead",["b1",["b1"]],[1,"shared"],["b79"]],["ComputeAt",["b79","l60"],[1,-1],[]],["GetLoops",["b79"],[],["l80","l81","l82","l83","l84","l85","l86","l87","l88"]],["Fuse",["l85","l86","l87","l88"],[1],["l89"]],["SampleCategorical",[],[[1,2,3,4],[0.25,0.25,0.25,0.25]],["v90"]],["Annotate",["b79","v90"],["meta_schedule.cooperative_fetch"],[]],["ReverseComputeInline",["b3"],[],[]],["ReverseComputeInline",["b2"],[],[]],["ComputeInline",["b0"],[],[]],["SampleCategorical",[],[[0,16,64,512,1024],[0.2000000000000000111,0.2000000000000000111,0.2000000000000000111,0.2000000000000000111,0.2000000000000000111]],["v91"]],["Annotate",["b4","v91"],["meta_schedule.unroll_explicit"],[]],["EnterPostproc",[],[],[]],["Unannotate",["b67"],["meta_schedule.cooperative_fetch"],[]],["GetLoops",["b67"],[],["l92","l93","l94","l95","l96","l97"]],["Split",["l97","None",42,3],[1],["l98","l99","l100"]],["Vectorize",["l100"],[],[]],["Bind",["l99"],["threadIdx.x"],[]],["Unannotate",["b79"],["meta_schedule.cooperative_fetch"],[]],["GetLoops",["b79"],[],["l101","l102","l103","l104","l105","l106"]],["Split",["l106","None",42],[1],["l107","l108"]],["Bind",["l108"],["threadIdx.x"],[]],["GetBlock",[],["root","main"],["b109"]],["Unannotate",["b109"],["meta_schedule.unroll_explicit"],[]],["GetChildBlocks",["b109"],[],["b110","b111","b112","b113"]],["GetLoops",["b110"],[],["l114","l115","l116","l117","l118","l119","l120","l121"]],["Annotate",["l114",1024],["pragma_auto_unroll_max_step"],[]],["Annotate",["l114",1],["pragma_unroll_explicit"],[]],["GetLoops",["b111"],[],["l122","l123","l124","l125","l126","l127","l128"]],["Annotate",["l122",1024],["pragma_auto_unroll_max_step"],[]],["Annotate",["l122",1],["pragma_unroll_explicit"],[]],["GetLoops",["b112"],[],["l129","l130","l131","l132","l133","l134","l135","l136","l137","l138","l139","l140","l141","l142","l143","l144","l145"]],["Annotate",["l129",1024],["pragma_auto_unroll_max_step"],[]],["Annotate",["l129",1],["pragma_unroll_explicit"],[]],["GetLoops",["b113"],[],["l146","l147","l148","l149","l150","l151","l152"]],["Annotate",["l146",1024],["pragma_auto_unroll_max_step"],[]],["Annotate",["l146",1],["pragma_unroll_explicit"],[]],["GetBlock",[],["DepthwiseConv2d","main"],["b153"]],["GetLoops",["b153"],[],["l154","l155","l156","l157","l158","l159","l160","l161","l162","l163","l164","l165","l166","l167","l168","l169","l170"]],["DecomposeReduction",["b153","l157"],[],["b171"]]],[[7,[2,2,2,1,1]],[9,[14,4,1,1,1]],[11,[2,2,7,1,2]],[13,[12,2,3,1,1]],[15,[1,3,1]],[17,[1,1,3]],[34,2],[40,3],[45,4]]],[0],{"arch":"sm_70","keys":["cuda","gpu"],"kind":"cuda","max_num_threads":1024,"max_shared_memory_per_block":49152,"max_threads_per_block":1024,"registers_per_block":65536,"tag":"","thread_warp_size":32},[["TENSOR","float32",[8,56,56,72]],["TENSOR","float32",[3,3,72,1]],["TENSOR","float32",[1,1,1,72]],["TENSOR","float32",[8,56,56,72]]]]]
[0,[[[["GetBlock",[],["PaddedInput","main"],["b0"]],["GetBlock",[],["DepthwiseConv2d","main"],["b1"]],["GetBlock",[],["T_add","main"],["b2"]],["GetBlock",[],["T_relu","main"],["b3"]],["GetBlock",[],["root","main"],["b4"]],["Annotate",["b1","\"SSSRRSRS\""],["meta_schedule.tiling_structure"],[]],["GetLoops",["b1"],[],["l5","l6","l7","l8","l9","l10"]],["SamplePerfectTile",["l5"],[5,64],["v11","v12","v13","v14","v15"]],["Split",["l5","v11","v12","v13","v14","v15"],[1],["l16","l17","l18","l19","l20"]],["SamplePerfectTile",["l6"],[5,64],["v21","v22","v23","v24","v25"]],["Split",["l6","v21","v22","v23","v24","v25"],[1],["l26","l27","l28","l29","l30"]],["SamplePerfectTile",["l7"],[5,64],["v31","v32","v33","v34","v35"]],["Split",["l7","v31","v32","v33","v34","v35"],[1],["l36","l37","l38","l39","l40"]],["SamplePerfectTile",["l8"],[5,64],["v41","v42","v43","v44","v45"]],["Split",["l8","v41","v42","v43","v44","v45"],[1],["l46","l47","l48","l49","l50"]],["SamplePerfectTile",["l9"],[3,64],["v51","v52","v53"]],["Split",["l9","v51","v52","v53"],[1],["l54","l55","l56"]],["SamplePerfectTile",["l10"],[3,64],["v57","v58","v59"]],["Split",["l10","v57","v58","v59"],[1],["l60","l61","l62"]],["Reorder",["l16","l26","l36","l46","l17","l27","l37","l47","l18","l28","l38","l48","l54","l60","l55","l61","l19","l29","l39","l49","l56","l62","l20","l30","l40","l50"],[],[]],["Fuse",["l16","l26","l36","l46"],[1],["l63"]],["Bind",["l63"],["blockIdx.x"],[]],["Fuse",["l17","l27","l37","l47"],[1],["l64"]],["Bind",["l64"],["vthread.x"],[]],["Fuse",["l18","l28","l38","l48"],[1],["l65"]],["Bind",["l65"],["threadIdx.x"],[]],["Annotate",["b1",32],["meta_schedule.thread_extent_low_inclusive"],[]],["Annotate",["b1",1024],["meta_schedule.thread_extent_high_inclusive"],[]],["CacheWrite",["b1",[]],[0,"local"],["b66"]],["ReverseComputeAt",["b66","l65"],[1,-1],[]],["CacheRead",["b1",["b1"]],[0,"shared"],["b67"]],["ComputeAt",["b67","l60"],[1,-1],[]],["GetLoops",["b67"],[],["l68","l69","l70","l71","l72","l73","l74","l75","l76"]],["Fuse",["l73","l74","l75","l76"],[1],["l77"]],["SampleCategorical",[],[[1,2,3,4],[0.25,0.25,0.25,0.25]],["v78"]],["Annotate",["b67","v78"],["meta_schedule.cooperative_fetch"],[]],["CacheRead",["b1",["b1"]],[1,"shared"],["b79"]],["ComputeAt",["b79","l60"],[1,-1],[]],["GetLoops",["b79"],[],["l80","l81","l82","l83","l84","l85","l86","l87","l88"]],["Fuse",["l85","l86","l87","l88"],[1],["l89"]],["SampleCategorical",[],[[1,2,3,4],[0.25,0.25,0.25,0.25]],["v90"]],["Annotate",["b79","v90"],["meta_schedule.cooperative_fetch"],[]],["ReverseComputeInline",["b3"],[],[]],["ReverseComputeInline",["b2"],[],[]],["ComputeInline",["b0"],[],[]],["SampleCategorical",[],[[0,16,64,512,1024],[0.2000000000000000111,0.2000000000000000111,0.2000000000000000111,0.2000000000000000111,0.2000000000000000111]],["v91"]],["Annotate",["b4","v91"],["meta_schedule.unroll_explicit"],[]],["EnterPostproc",[],[],[]],["Unannotate",["b67"],["meta_schedule.cooperative_fetch"],[]],["GetLoops",["b67"],[],["l92","l93","l94","l95","l96","l97"]],["Split",["l97","None",48,3],[1],["l98","l99","l100"]],["Vectorize",["l100"],[],[]],["Bind",["l99"],["threadIdx.x"],[]],["Unannotate",["b79"],["meta_schedule.cooperative_fetch"],[]],["GetLoops",["b79"],[],["l101","l102","l103","l104","l105","l106"]],["Split",["l106","None",48,3],[1],["l107","l108","l109"]],["Vectorize",["l109"],[],[]],["Bind",["l108"],["threadIdx.x"],[]],["GetBlock",[],["root","main"],["b110"]],["Unannotate",["b110"],["meta_schedule.unroll_explicit"],[]],["GetChildBlocks",["b110"],[],["b111","b112","b113","b114"]],["GetLoops",["b111"],[],["l115","l116","l117","l118","l119","l120","l121","l122"]],["Annotate",["l115",512],["pragma_auto_unroll_max_step"],[]],["Annotate",["l115",1],["pragma_unroll_explicit"],[]],["GetLoops",["b112"],[],["l123","l124","l125","l126","l127","l128","l129","l130"]],["Annotate",["l123",512],["pragma_auto_unroll_max_step"],[]],["Annotate",["l123",1],["pragma_unroll_explicit"],[]],["GetLoops",["b113"],[],["l131","l132","l133","l134","l135","l136","l137","l138","l139","l140","l141","l142","l143","l144","l145","l146","l147"]],["Annotate",["l131",512],["pragma_auto_unroll_max_step"],[]],["Annotate",["l131",1],["pragma_unroll_explicit"],[]],["GetLoops",["b114"],[],["l148","l149","l150","l151","l152","l153","l154"]],["Annotate",["l148",512],["pragma_auto_unroll_max_step"],[]],["Annotate",["l148",1],["pragma_unroll_explicit"],[]],["GetBlock",[],["DepthwiseConv2d","main"],["b155"]],["GetLoops",["b155"],[],["l156","l157","l158","l159","l160","l161","l162","l163","l164","l165","l166","l167","l168","l169","l170","l171","l172"]],["DecomposeReduction",["b155","l159"],[],["b173"]]],[[7,[2,1,1,1,4]],[9,[7,1,8,1,1]],[11,[14,1,1,2,2]],[13,[1,12,6,1,1]],[15,[3,1,1]],[17,[3,1,1]],[34,2],[40,2],[45,3]]],[0],{"arch":"sm_70","keys":["cuda","gpu"],"kind":"cuda","max_num_threads":1024,"max_shared_memory_per_block":49152,"max_threads_per_block":1024,"registers_per_block":65536,"tag":"","thread_warp_size":32},[["TENSOR","float32",[8,56,56,72]],["TENSOR","float32",[3,3,72,1]],["TENSOR","float32",[1,1,1,72]],["TENSOR","float32",[8,56,56,72]]]]]
