[0,[[[["GetBlock",[],["T_concat","main"],["b0"]],["GetLoops",["b0"],[],["l1","l2","l3","l4"]],["Fuse",["l1","l2","l3","l4"],[1],["l5"]],["Split",["l5","None",256,1024],[1],["l6","l7","l8"]],["Reorder",["l7","l8","l6"],[],[]],["Bind",["l7"],["blockIdx.x"],[]],["Bind",["l8"],["threadIdx.x"],[]],["EnterPostproc",[],[],[]]],[]],[0],{"arch":"sm_70","keys":["cuda","gpu"],"kind":"cuda","max_num_threads":1024,"max_shared_memory_per_block":49152,"max_threads_per_block":1024,"registers_per_block":65536,"tag":"","thread_warp_size":32},[["TENSOR","float32",[2,17,17,384]],["TENSOR","float32",[2,17,17,96]],["TENSOR","float32",[2,17,17,288]],["TENSOR","float32",[2,17,17,768]]]]]
