[0,[[[["GetBlock",[],["pad_temp","main"],["b0"]],["GetBlock",[],["conv3d_ndhwc","main"],["b1"]],["GetBlock",[],["T_add","main"],["b2"]],["GetBlock",[],["T_add_1","main"],["b3"]],["GetBlock",[],["T_relu","main"],["b4"]],["GetBlock",[],["root","main"],["b5"]],["Annotate",["b1","\"SSSRRSRS\""],["meta_schedule.tiling_structure"],[]],["GetLoops",["b1"],[],["l6","l7","l8","l9","l10","l11","l12","l13","l14"]],["SamplePerfectTile",["l6"],[5,64],["v15","v16","v17","v18","v19"]],["Split",["l6","v15","v16","v17","v18","v19"],[1],["l20","l21","l22","l23","l24"]],["SamplePerfectTile",["l7"],[5,64],["v25","v26","v27","v28","v29"]],["Split",["l7","v25","v26","v27","v28","v29"],[1],["l30","l31","l32","l33","l34"]],["SamplePerfectTile",["l8"],[5,64],["v35","v36","v37","v38","v39"]],["Split",["l8","v35","v36","v37","v38","v39"],[1],["l40","l41","l42","l43","l44"]],["SamplePerfectTile",["l9"],[5,64],["v45","v46","v47","v48","v49"]],["Split",["l9","v45","v46","v47","v48","v49"],[1],["l50","l51","l52","l53","l54"]],["SamplePerfectTile",["l10"],[5,64],["v55","v56","v57","v58","v59"]],["Split",["l10","v55","v56","v57","v58","v59"],[1],["l60","l61","l62","l63","l64"]],["SamplePerfectTile",["l11"],[3,64],["v65","v66","v67"]],["Split",["l11","v65","v66","v67"],[1],["l68","l69","l70"]],["SamplePerfectTile",["l12"],[3,64],["v71","v72","v73"]],["Split",["l12","v71","v72","v73"],[1],["l74","l75","l76"]],["SamplePerfectTile",["l13"],[3,64],["v77","v78","v79"]],["Split",["l13","v77","v78","v79"],[1],["l80","l81","l82"]],["SamplePerfectTile",["l14"],[3,64],["v83","v84","v85"]],["Split",["l14","v83","v84","v85"],[1],["l86","l87","l88"]],["Reorder",["l20","l30","l40","l50","l60","l21","l31","l41","l51","l61","l22","l32","l42","l52","l62","l68","l74","l80","l86","l69","l75","l81","l87","l23","l33","l43","l53","l63","l70","l76","l82","l88","l24","l34","l44","l54","l64"],[],[]],["Fuse",["l20","l30","l40","l50","l60"],[1],["l89"]],["Bind",["l89"],["blockIdx.x"],[]],["Fuse",["l21","l31","l41","l51","l61"],[1],["l90"]],["Bind",["l90"],["vthread.x"],[]],["Fuse",["l22","l32","l42","l52","l62"],[1],["l91"]],["Bind",["l91"],["threadIdx.x"],[]],["Annotate",["b1",32],["meta_schedule.thread_extent_low_inclusive"],[]],["Annotate",["b1",1024],["meta_schedule.thread_extent_high_inclusive"],[]],["CacheWrite",["b1",[]],[0,"local"],["b92"]],["ReverseComputeAt",["b92","l91"],[1,-1],[]],["CacheRead",["b1",["b1"]],[0,"shared"],["b93"]],["ComputeAt",["b93","l86"],[1,-1],[]],["GetLoops",["b93"],[],["l94","l95","l96","l97","l98","l99","l100","l101","l102","l103","l104","l105"]],["Fuse",["l101","l102","l103","l104","l105"],[1],["l106"]],["SampleCategorical",[],[[1,2,3,4],[0.25,0.25,0.25,0.25]],["v107"]],["Annotate",["b93","v107"],["meta_schedule.cooperative_fetch"],[]],["CacheRead",["b1",["b1"]],[1,"shared"],["b108"]],["ComputeAt",["b108","l86"],[1,-1],[]],["GetLoops",["b108"],[],["l109","l110","l111","l112","l113","l114","l115","l116","l117","l118","l119","l120"]],["Fuse",["l116","l117","l118","l119","l120"],[1],["l121"]],["SampleCategorical",[],[[1,2,3,4],[0.25,0.25,0.25,0.25]],["v122"]],["Annotate",["b108","v122"],["meta_schedule.cooperative_fetch"],[]],["ReverseComputeInline",["b4"],[],[]],["ReverseComputeInline",["b3"],[],[]],["ReverseComputeInline",["b2"],[],[]],["ComputeInline",["b0"],[],[]],["SampleCategorical",[],[[0,16,64,512,1024],[0.2000000000000000111,0.2000000000000000111,0.2000000000000000111,0.2000000000000000111,0.2000000000000000111]],["v123"]],["Annotate",["b5","v123"],["meta_schedule.unroll_explicit"],[]],["EnterPostproc",[],[],[]],["Unannotate",["b93"],["meta_schedule.cooperative_fetch"],[]],["GetLoops",["b93"],[],["l124","l125","l126","l127","l128","l129","l130","l131"]],["Split",["l131","None",384,3],[1],["l132","l133","l134"]],["Vectorize",["l134"],[],[]],["Bind",["l133"],["threadIdx.x"],[]],["Unannotate",["b108"],["meta_schedule.cooperative_fetch"],[]],["GetLoops",["b108"],[],["l135","l136","l137","l138","l139","l140","l141","l142"]],["Split",["l142","None",384,4],[1],["l143","l144","l145"]],["Vectorize",["l145"],[],[]],["Bind",["l144"],["threadIdx.x"],[]],["GetBlock",[],["root","main"],["b146"]],["Unannotate",["b146"],["meta_schedule.unroll_explicit"],[]],["GetChildBlocks",["b146"],[],["b147","b148","b149","b150"]],["GetLoops",["b147"],[],["l151","l152","l153","l154","l155","l156","l157","l158","l159","l160"]],["Annotate",["l151",512],["pragma_auto_unroll_max_step"],[]],["Annotate",["l151",1],["pragma_unroll_explicit"],[]],["GetLoops",["b148"],[],["l161","l162","l163","l164","l165","l166","l167","l168","l169","l170"]],["Annotate",["l161",512],["pragma_auto_unroll_max_step"],[]],["Annotate",["l161",1],["pragma_unroll_explicit"],[]],["GetLoops",["b149"],[],["l171","l172","l173","l174","l175","l176","l177","l178","l179","l180","l181","l182","l183","l184","l185","l186","l187","l188","l189","l190","l191","l192","l193","l194","l195"]],["Annotate",["l171",512],["pragma_auto_unroll_max_step"],[]],["Annotate",["l171",1],["pragma_unroll_explicit"],[]],["GetLoops",["b150"],[],["l196","l197","l198","l199","l200","l201","l202","l203"]],["Annotate",["l196",512],["pragma_auto_unroll_max_step"],[]],["Annotate",["l196",1],["pragma_unroll_explicit"],[]],["GetBlock",[],["conv3d_ndhwc","main"],["b204"]],["GetLoops",["b204"],[],["l205","l206","l207","l208","l209","l210","l211","l212","l213","l214","l215","l216","l217","l218","l219","l220","l221","l222","l223","l224","l225","l226","l227","l228","l229"]],["DecomposeReduction",["b204","l208"],[],["b230"]]],[[8,[1,1,1,1,1]],[10,[2,18,2,1,1]],[12,[1,1,12,1,3]],[14,[1,1,2,2,1]],[16,[4,2,8,1,2]],[18,[1,1,3]],[20,[1,1,3]],[22,[1,3,1]],[24,[128,1,1]],[41,2],[47,3],[53,3]]],[0],{"arch":"sm_70","keys":["cuda","gpu"],"kind":"cuda","max_num_threads":1024,"max_shared_memory_per_block":49152,"max_threads_per_block":1024,"registers_per_block":65536,"tag":"","thread_warp_size":32},[["TENSOR","float32",[1,72,36,4,128]],["TENSOR","float32",[3,3,3,128,128]],["TENSOR","float32",[1,1,1,1,128]],["TENSOR","float32",[1,72,36,4,128]],["TENSOR","float32",[1,72,36,4,128]]]]]
[0,[[[["GetBlock",[],["pad_temp","main"],["b0"]],["GetBlock",[],["conv3d_ndhwc","main"],["b1"]],["GetBlock",[],["T_add","main"],["b2"]],["GetBlock",[],["T_add_1","main"],["b3"]],["GetBlock",[],["T_relu","main"],["b4"]],["GetBlock",[],["root","main"],["b5"]],["Annotate",["b1","\"SSSRRSRS\""],["meta_schedule.tiling_structure"],[]],["GetLoops",["b1"],[],["l6","l7","l8","l9","l10","l11","l12","l13","l14"]],["SamplePerfectTile",["l6"],[5,64],["v15","v16","v17","v18","v19"]],["Split",["l6","v15","v16","v17","v18","v19"],[1],["l20","l21","l22","l23","l24"]],["SamplePerfectTile",["l7"],[5,64],["v25","v26","v27","v28","v29"]],["Split",["l7","v25","v26","v27","v28","v29"],[1],["l30","l31","l32","l33","l34"]],["SamplePerfectTile",["l8"],[5,64],["v35","v36","v37","v38","v39"]],["Split",["l8","v35","v36","v37","v38","v39"],[1],["l40","l41","l42","l43","l44"]],["SamplePerfectTile",["l9"],[5,64],["v45","v46","v47","v48","v49"]],["Split",["l9","v45","v46","v47","v48","v49"],[1],["l50","l51","l52","l53","l54"]],["SamplePerfectTile",["l10"],[5,64],["v55","v56","v57","v58","v59"]],["Split",["l10","v55","v56","v57","v58","v59"],[1],["l60","l61","l62","l63","l64"]],["SamplePerfectTile",["l11"],[3,64],["v65","v66","v67"]],["Split",["l11","v65","v66","v67"],[1],["l68","l69","l70"]],["SamplePerfectTile",["l12"],[3,64],["v71","v72","v73"]],["Split",["l12","v71","v72","v73"],[1],["l74","l75","l76"]],["SamplePerfectTile",["l13"],[3,64],["v77","v78","v79"]],["Split",["l13","v77","v78","v79"],[1],["l80","l81","l82"]],["SamplePerfectTile",["l14"],[3,64],["v83","v84","v85"]],["Split",["l14","v83","v84","v85"],[1],["l86","l87","l88"]],["Reorder",["l20","l30","l40","l50","l60","l21","l31","l41","l51","l61","l22","l32","l42","l52","l62","l68","l74","l80","l86","l69","l75","l81","l87","l23","l33","l43","l53","l63","l70","l76","l82","l88","l24","l34","l44","l54","l64"],[],[]],["Fuse",["l20","l30","l40","l50","l60"],[1],["l89"]],["Bind",["l89"],["blockIdx.x"],[]],["Fuse",["l21","l31","l41","l51","l61"],[1],["l90"]],["Bind",["l90"],["vthread.x"],[]],["Fuse",["l22","l32","l42","l52","l62"],[1],["l91"]],["Bind",["l91"],["threadIdx.x"],[]],["Annotate",["b1",32],["meta_schedule.thread_extent_low_inclusive"],[]],["Annotate",["b1",1024],["meta_schedule.thread_extent_high_inclusive"],[]],["CacheWrite",["b1",[]],[0,"local"],["b92"]],["ReverseComputeAt",["b92","l91"],[1,-1],[]],["CacheRead",["b1",["b1"]],[0,"shared"],["b93"]],["ComputeAt",["b93","l86"],[1,-1],[]],["GetLoops",["b93"],[],["l94","l95","l96","l97","l98","l99","l100","l101","l102","l103","l104","l105"]],["Fuse",["l101","l102","l103","l104","l105"],[1],["l106"]],["SampleCategorical",[],[[1,2,3,4],[0.25,0.25,0.25,0.25]],["v107"]],["Annotate",["b93","v107"],["meta_schedule.cooperative_fetch"],[]],["CacheRead",["b1",["b1"]],[1,"shared"],["b108"]],["ComputeAt",["b108","l86"],[1,-1],[]],["GetLoops",["b108"],[],["l109","l110","l111","l112","l113","l114","l115","l116","l117","l118","l119","l120"]],["Fuse",["l116","l117","l118","l119","l120"],[1],["l121"]],["SampleCategorical",[],[[1,2,3,4],[0.25,0.25,0.25,0.25]],["v122"]],["Annotate",["b108","v122"],["meta_schedule.cooperative_fetch"],[]],["ReverseComputeInline",["b4"],[],[]],["ReverseComputeInline",["b3"],[],[]],["ReverseComputeInline",["b2"],[],[]],["ComputeInline",["b0"],[],[]],["SampleCategorical",[],[[0,16,64,512,1024],[0.2000000000000000111,0.2000000000000000111,0.2000000000000000111,0.2000000000000000111,0.2000000000000000111]],["v123"]],["Annotate",["b5","v123"],["meta_schedule.unroll_explicit"],[]],["EnterPostproc",[],[],[]],["Unannotate",["b93"],["meta_schedule.cooperative_fetch"],[]],["GetLoops",["b93"],[],["l124","l125","l126","l127","l128","l129","l130","l131"]],["Split",["l131","None",96,2],[1],["l132","l133","l134"]],["Vectorize",["l134"],[],[]],["Bind",["l133"],["threadIdx.x"],[]],["Unannotate",["b108"],["meta_schedule.cooperative_fetch"],[]],["GetLoops",["b108"],[],["l135","l136","l137","l138","l139","l140","l141","l142"]],["Split",["l142","None",96,3],[1],["l143","l144","l145"]],["Vectorize",["l145"],[],[]],["Bind",["l144"],["threadIdx.x"],[]],["GetBlock",[],["root","main"],["b146"]],["Unannotate",["b146"],["meta_schedule.unroll_explicit"],[]],["GetChildBlocks",["b146"],[],["b147","b148","b149","b150"]],["GetLoops",["b147"],[],["l151","l152","l153","l154","l155","l156","l157","l158","l159","l160"]],["Annotate",["l151",512],["pragma_auto_unroll_max_step"],[]],["Annotate",["l151",1],["pragma_unroll_explicit"],[]],["GetLoops",["b148"],[],["l161","l162","l163","l164","l165","l166","l167","l168","l169","l170"]],["Annotate",["l161",512],["pragma_auto_unroll_max_step"],[]],["Annotate",["l161",1],["pragma_unroll_explicit"],[]],["GetLoops",["b149"],[],["l171","l172","l173","l174","l175","l176","l177","l178","l179","l180","l181","l182","l183","l184","l185","l186","l187","l188","l189","l190","l191","l192","l193","l194","l195"]],["Annotate",["l171",512],["pragma_auto_unroll_max_step"],[]],["Annotate",["l171",1],["pragma_unroll_explicit"],[]],["GetLoops",["b150"],[],["l196","l197","l198","l199","l200","l201","l202","l203"]],["Annotate",["l196",512],["pragma_auto_unroll_max_step"],[]],["Annotate",["l196",1],["pragma_unroll_explicit"],[]],["GetBlock",[],["conv3d_ndhwc","main"],["b204"]],["GetLoops",["b204"],[],["l205","l206","l207","l208","l209","l210","l211","l212","l213","l214","l215","l216","l217","l218","l219","l220","l221","l222","l223","l224","l225","l226","l227","l228","l229"]],["DecomposeReduction",["b204","l208"],[],["b230"]]],[[8,[1,1,1,1,1]],[10,[1,1,3,24,1]],[12,[9,1,1,4,1]],[14,[2,1,2,1,1]],[16,[2,1,16,2,2]],[18,[1,3,1]],[20,[1,3,1]],[22,[3,1,1]],[24,[16,8,1]],[41,1],[47,2],[53,3]]],[0],{"arch":"sm_70","keys":["cuda","gpu"],"kind":"cuda","max_num_threads":1024,"max_shared_memory_per_block":49152,"max_threads_per_block":1024,"registers_per_block":65536,"tag":"","thread_warp_size":32},[["TENSOR","float32",[1,72,36,4,128]],["TENSOR","float32",[3,3,3,128,128]],["TENSOR","float32",[1,1,1,1,128]],["TENSOR","float32",[1,72,36,4,128]],["TENSOR","float32",[1,72,36,4,128]]]]]
[0,[[[["GetBlock",[],["pad_temp","main"],["b0"]],["GetBlock",[],["conv3d_ndhwc","main"],["b1"]],["GetBlock",[],["T_add","main"],["b2"]],["GetBlock",[],["T_add_1","main"],["b3"]],["GetBlock",[],["T_relu","main"],["b4"]],["GetBlock",[],["root","main"],["b5"]],["Annotate",["b1","\"SSSRRSRS\""],["meta_schedule.tiling_structure"],[]],["GetLoops",["b1"],[],["l6","l7","l8","l9","l10","l11","l12","l13","l14"]],["SamplePerfectTile",["l6"],[5,64],["v15","v16","v17","v18","v19"]],["Split",["l6","v15","v16","v17","v18","v19"],[1],["l20","l21","l22","l23","l24"]],["SamplePerfectTile",["l7"],[5,64],["v25","v26","v27","v28","v29"]],["Split",["l7","v25","v26","v27","v28","v29"],[1],["l30","l31","l32","l33","l34"]],["SamplePerfectTile",["l8"],[5,64],["v35","v36","v37","v38","v39"]],["Split",["l8","v35","v36","v37","v38","v39"],[1],["l40","l41","l42","l43","l44"]],["SamplePerfectTile",["l9"],[5,64],["v45","v46","v47","v48","v49"]],["Split",["l9","v45","v46","v47","v48","v49"],[1],["l50","l51","l52","l53","l54"]],["SamplePerfectTile",["l10"],[5,64],["v55","v56","v57","v58","v59"]],["Split",["l10","v55","v56","v57","v58","v59"],[1],["l60","l61","l62","l63","l64"]],["SamplePerfectTile",["l11"],[3,64],["v65","v66","v67"]],["Split",["l11","v65","v66","v67"],[1],["l68","l69","l70"]],["SamplePerfectTile",["l12"],[3,64],["v71","v72","v73"]],["Split",["l12","v71","v72","v73"],[1],["l74","l75","l76"]],["SamplePerfectTile",["l13"],[3,64],["v77","v78","v79"]],["Split",["l13","v77","v78","v79"],[1],["l80","l81","l82"]],["SamplePerfectTile",["l14"],[3,64],["v83","v84","v85"]],["Split",["l14","v83","v84","v85"],[1],["l86","l87","l88"]],["Reorder",["l20","l30","l40","l50","l60","l21","l31","l41","l51","l61","l22","l32","l42","l52","l62","l68","l74","l80","l86","l69","l75","l81","l87","l23","l33","l43","l53","l63","l70","l76","l82","l88","l24","l34","l44","l54","l64"],[],[]],["Fuse",["l20","l30","l40","l50","l60"],[1],["l89"]],["Bind",["l89"],["blockIdx.x"],[]],["Fuse",["l21","l31","l41","l51","l61"],[1],["l90"]],["Bind",["l90"],["vthread.x"],[]],["Fuse",["l22","l32","l42","l52","l62"],[1],["l91"]],["Bind",["l91"],["threadIdx.x"],[]],["Annotate",["b1",32],["meta_schedule.thread_extent_low_inclusive"],[]],["Annotate",["b1",1024],["meta_schedule.thread_extent_high_inclusive"],[]],["CacheWrite",["b1",[]],[0,"local"],["b92"]],["ReverseComputeAt",["b92","l91"],[1,-1],[]],["CacheRead",["b1",["b1"]],[0,"shared"],["b93"]],["ComputeAt",["b93","l86"],[1,-1],[]],["GetLoops",["b93"],[],["l94","l95","l96","l97","l98","l99","l100","l101","l102","l103","l104","l105"]],["Fuse",["l101","l102","l103","l104","l105"],[1],["l106"]],["SampleCategorical",[],[[1,2,3,4],[0.25,0.25,0.25,0.25]],["v107"]],["Annotate",["b93","v107"],["meta_schedule.cooperative_fetch"],[]],["CacheRead",["b1",["b1"]],[1,"shared"],["b108"]],["ComputeAt",["b108","l86"],[1,-1],[]],["GetLoops",["b108"],[],["l109","l110","l111","l112","l113","l114","l115","l116","l117","l118","l119","l120"]],["Fuse",["l116","l117","l118","l119","l120"],[1],["l121"]],["SampleCategorical",[],[[1,2,3,4],[0.25,0.25,0.25,0.25]],["v122"]],["Annotate",["b108","v122"],["meta_schedule.cooperative_fetch"],[]],["ReverseComputeInline",["b4"],[],[]],["ReverseComputeInline",["b3"],[],[]],["ReverseComputeInline",["b2"],[],[]],["ComputeInline",["b0"],[],[]],["SampleCategorical",[],[[0,16,64,512,1024],[0.2000000000000000111,0.2000000000000000111,0.2000000000000000111,0.2000000000000000111,0.2000000000000000111]],["v123"]],["Annotate",["b5","v123"],["meta_schedule.unroll_explicit"],[]],["EnterPostproc",[],[],[]],["Unannotate",["b93"],["meta_schedule.cooperative_fetch"],[]],["GetLoops",["b93"],[],["l124","l125","l126","l127","l128","l129","l130","l131"]],["Split",["l131","None",48,3],[1],["l132","l133","l134"]],["Vectorize",["l134"],[],[]],["Bind",["l133"],["threadIdx.x"],[]],["Unannotate",["b108"],["meta_schedule.cooperative_fetch"],[]],["GetLoops",["b108"],[],["l135","l136","l137","l138","l139","l140","l141","l142"]],["Split",["l142","None",48,3],[1],["l143","l144","l145"]],["Vectorize",["l145"],[],[]],["Bind",["l144"],["threadIdx.x"],[]],["GetBlock",[],["root","main"],["b146"]],["Unannotate",["b146"],["meta_schedule.unroll_explicit"],[]],["GetChildBlocks",["b146"],[],["b147","b148","b149","b150"]],["GetLoops",["b147"],[],["l151","l152","l153","l154","l155","l156","l157","l158","l159","l160"]],["Annotate",["l151",1024],["pragma_auto_unroll_max_step"],[]],["Annotate",["l151",1],["pragma_unroll_explicit"],[]],["GetLoops",["b148"],[],["l161","l162","l163","l164","l165","l166","l167","l168","l169","l170"]],["Annotate",["l161",1024],["pragma_auto_unroll_max_step"],[]],["Annotate",["l161",1],["pragma_unroll_explicit"],[]],["GetLoops",["b149"],[],["l171","l172","l173","l174","l175","l176","l177","l178","l179","l180","l181","l182","l183","l184","l185","l186","l187","l188","l189","l190","l191","l192","l193","l194","l195"]],["Annotate",["l171",1024],["pragma_auto_unroll_max_step"],[]],["Annotate",["l171",1],["pragma_unroll_explicit"],[]],["GetLoops",["b150"],[],["l196","l197","l198","l199","l200","l201","l202","l203"]],["Annotate",["l196",1024],["pragma_auto_unroll_max_step"],[]],["Annotate",["l196",1],["pragma_unroll_explicit"],[]],["GetBlock",[],["conv3d_ndhwc","main"],["b204"]],["GetLoops",["b204"],[],["l205","l206","l207","l208","l209","l210","l211","l212","l213","l214","l215","l216","l217","l218","l219","l220","l221","l222","l223","l224","l225","l226","l227","l228","l229"]],["DecomposeReduction",["b204","l208"],[],["b230"]]],[[8,[1,1,1,1,1]],[10,[9,2,1,2,2]],[12,[1,1,6,3,2]],[14,[1,2,2,1,1]],[16,[2,2,4,2,4]],[18,[1,1,3]],[20,[1,3,1]],[22,[1,3,1]],[24,[128,1,1]],[41,2],[47,2],[53,4]]],[0],{"arch":"sm_70","keys":["cuda","gpu"],"kind":"cuda","max_num_threads":1024,"max_shared_memory_per_block":49152,"max_threads_per_block":1024,"registers_per_block":65536,"tag":"","thread_warp_size":32},[["TENSOR","float32",[1,72,36,4,128]],["TENSOR","float32",[3,3,3,128,128]],["TENSOR","float32",[1,1,1,1,128]],["TENSOR","float32",[1,72,36,4,128]],["TENSOR","float32",[1,72,36,4,128]]]]]
[0,[[[["GetBlock",[],["pad_temp","main"],["b0"]],["GetBlock",[],["conv3d_ndhwc","main"],["b1"]],["GetBlock",[],["T_add","main"],["b2"]],["GetBlock",[],["T_add_1","main"],["b3"]],["GetBlock",[],["T_relu","main"],["b4"]],["GetBlock",[],["root","main"],["b5"]],["Annotate",["b1","\"SSSRRSRS\""],["meta_schedule.tiling_structure"],[]],["GetLoops",["b1"],[],["l6","l7","l8","l9","l10","l11","l12","l13","l14"]],["SamplePerfectTile",["l6"],[5,64],["v15","v16","v17","v18","v19"]],["Split",["l6","v15","v16","v17","v18","v19"],[1],["l20","l21","l22","l23","l24"]],["SamplePerfectTile",["l7"],[5,64],["v25","v26","v27","v28","v29"]],["Split",["l7","v25","v26","v27","v28","v29"],[1],["l30","l31","l32","l33","l34"]],["SamplePerfectTile",["l8"],[5,64],["v35","v36","v37","v38","v39"]],["Split",["l8","v35","v36","v37","v38","v39"],[1],["l40","l41","l42","l43","l44"]],["SamplePerfectTile",["l9"],[5,64],["v45","v46","v47","v48","v49"]],["Split",["l9","v45","v46","v47","v48","v49"],[1],["l50","l51","l52","l53","l54"]],["SamplePerfectTile",["l10"],[5,64],["v55","v56","v57","v58","v59"]],["Split",["l10","v55","v56","v57","v58","v59"],[1],["l60","l61","l62","l63","l64"]],["SamplePerfectTile",["l11"],[3,64],["v65","v66","v67"]],["Split",["l11","v65","v66","v67"],[1],["l68","l69","l70"]],["SamplePerfectTile",["l12"],[3,64],["v71","v72","v73"]],["Split",["l12","v71","v72","v73"],[1],["l74","l75","l76"]],["SamplePerfectTile",["l13"],[3,64],["v77","v78","v79"]],["Split",["l13","v77","v78","v79"],[1],["l80","l81","l82"]],["SamplePerfectTile",["l14"],[3,64],["v83","v84","v85"]],["Split",["l14","v83","v84","v85"],[1],["l86","l87","l88"]],["Reorder",["l20","l30","l40","l50","l60","l21","l31","l41","l51","l61","l22","l32","l42","l52","l62","l68","l74","l80","l86","l69","l75","l81","l87","l23","l33","l43","l53","l63","l70","l76","l82","l88","l24","l34","l44","l54","l64"],[],[]],["Fuse",["l20","l30","l40","l50","l60"],[1],["l89"]],["Bind",["l89"],["blockIdx.x"],[]],["Fuse",["l21","l31","l41","l51","l61"],[1],["l90"]],["Bind",["l90"],["vthread.x"],[]],["Fuse",["l22","l32","l42","l52","l62"],[1],["l91"]],["Bind",["l91"],["threadIdx.x"],[]],["Annotate",["b1",32],["meta_schedule.thread_extent_low_inclusive"],[]],["Annotate",["b1",1024],["meta_schedule.thread_extent_high_inclusive"],[]],["CacheWrite",["b1",[]],[0,"local"],["b92"]],["ReverseComputeAt",["b92","l91"],[1,-1],[]],["CacheRead",["b1",["b1"]],[0,"shared"],["b93"]],["ComputeAt",["b93","l86"],[1,-1],[]],["GetLoops",["b93"],[],["l94","l95","l96","l97","l98","l99","l100","l101","l102","l103","l104","l105"]],["Fuse",["l101","l102","l103","l104","l105"],[1],["l106"]],["SampleCategorical",[],[[1,2,3,4],[0.25,0.25,0.25,0.25]],["v107"]],["Annotate",["b93","v107"],["meta_schedule.cooperative_fetch"],[]],["CacheRead",["b1",["b1"]],[1,"shared"],["b108"]],["ComputeAt",["b108","l86"],[1,-1],[]],["GetLoops",["b108"],[],["l109","l110","l111","l112","l113","l114","l115","l116","l117","l118","l119","l120"]],["Fuse",["l116","l117","l118","l119","l120"],[1],["l121"]],["SampleCategorical",[],[[1,2,3,4],[0.25,0.25,0.25,0.25]],["v122"]],["Annotate",["b108","v122"],["meta_schedule.cooperative_fetch"],[]],["ReverseComputeInline",["b4"],[],[]],["ReverseComputeInline",["b3"],[],[]],["ReverseComputeInline",["b2"],[],[]],["ComputeInline",["b0"],[],[]],["SampleCategorical",[],[[0,16,64,512,1024],[0.2000000000000000111,0.2000000000000000111,0.2000000000000000111,0.2000000000000000111,0.2000000000000000111]],["v123"]],["Annotate",["b5","v123"],["meta_schedule.unroll_explicit"],[]],["EnterPostproc",[],[],[]],["Unannotate",["b93"],["meta_schedule.cooperative_fetch"],[]],["GetLoops",["b93"],[],["l124","l125","l126","l127","l128","l129","l130","l131"]],["Split",["l131","None",256],[1],["l132","l133"]],["Bind",["l133"],["threadIdx.x"],[]],["Unannotate",["b108"],["meta_schedule.cooperative_fetch"],[]],["GetLoops",["b108"],[],["l134","l135","l136","l137","l138","l139","l140","l141"]],["Split",["l141","None",256,4],[1],["l142","l143","l144"]],["Vectorize",["l144"],[],[]],["Bind",["l143"],["threadIdx.x"],[]],["GetBlock",[],["root","main"],["b145"]],["Unannotate",["b145"],["meta_schedule.unroll_explicit"],[]],["GetChildBlocks",["b145"],[],["b146","b147","b148","b149"]],["GetLoops",["b146"],[],["l150","l151","l152","l153","l154","l155","l156","l157","l158"]],["Annotate",["l150",1024],["pragma_auto_unroll_max_step"],[]],["Annotate",["l150",1],["pragma_unroll_explicit"],[]],["GetLoops",["b147"],[],["l159","l160","l161","l162","l163","l164","l165","l166","l167","l168"]],["Annotate",["l159",1024],["pragma_auto_unroll_max_step"],[]],["Annotate",["l159",1],["pragma_unroll_explicit"],[]],["GetLoops",["b148"],[],["l169","l170","l171","l172","l173","l174","l175","l176","l177","l178","l179","l180","l181","l182","l183","l184","l185","l186","l187","l188","l189","l190","l191","l192","l193"]],["Annotate",["l169",1024],["pragma_auto_unroll_max_step"],[]],["Annotate",["l169",1],["pragma_unroll_explicit"],[]],["GetLoops",["b149"],[],["l194","l195","l196","l197","l198","l199","l200","l201"]],["Annotate",["l194",1024],["pragma_auto_unroll_max_step"],[]],["Annotate",["l194",1],["pragma_unroll_explicit"],[]],["GetBlock",[],["conv3d_ndhwc","main"],["b202"]],["GetLoops",["b202"],[],["l203","l204","l205","l206","l207","l208","l209","l210","l211","l212","l213","l214","l215","l216","l217","l218","l219","l220","l221","l222","l223","l224","l225","l226","l227"]],["DecomposeReduction",["b202","l206"],[],["b228"]]],[[8,[1,1,1,1,1]],[10,[12,3,2,1,1]],[12,[3,1,1,6,2]],[14,[1,1,1,1,4]],[16,[1,1,128,1,1]],[18,[3,1,1]],[20,[1,1,3]],[22,[1,1,3]],[24,[32,4,1]],[41,0],[47,3],[53,4]]],[0],{"arch":"sm_70","keys":["cuda","gpu"],"kind":"cuda","max_num_threads":1024,"max_shared_memory_per_block":49152,"max_threads_per_block":1024,"registers_per_block":65536,"tag":"","thread_warp_size":32},[["TENSOR","float32",[1,72,36,4,128]],["TENSOR","float32",[3,3,3,128,128]],["TENSOR","float32",[1,1,1,1,128]],["TENSOR","float32",[1,72,36,4,128]],["TENSOR","float32",[1,72,36,4,128]]]]]
[0,[[[["GetBlock",[],["pad_temp","main"],["b0"]],["GetBlock",[],["conv3d_ndhwc","main"],["b1"]],["GetBlock",[],["T_add","main"],["b2"]],["GetBlock",[],["T_add_1","main"],["b3"]],["GetBlock",[],["T_relu","main"],["b4"]],["GetBlock",[],["root","main"],["b5"]],["Annotate",["b1","\"SSSRRSRS\""],["meta_schedule.tiling_structure"],[]],["GetLoops",["b1"],[],["l6","l7","l8","l9","l10","l11","l12","l13","l14"]],["SamplePerfectTile",["l6"],[5,64],["v15","v16","v17","v18","v19"]],["Split",["l6","v15","v16","v17","v18","v19"],[1],["l20","l21","l22","l23","l24"]],["SamplePerfectTile",["l7"],[5,64],["v25","v26","v27","v28","v29"]],["Split",["l7","v25","v26","v27","v28","v29"],[1],["l30","l31","l32","l33","l34"]],["SamplePerfectTile",["l8"],[5,64],["v35","v36","v37","v38","v39"]],["Split",["l8","v35","v36","v37","v38","v39"],[1],["l40","l41","l42","l43","l44"]],["SamplePerfectTile",["l9"],[5,64],["v45","v46","v47","v48","v49"]],["Split",["l9","v45","v46","v47","v48","v49"],[1],["l50","l51","l52","l53","l54"]],["SamplePerfectTile",["l10"],[5,64],["v55","v56","v57","v58","v59"]],["Split",["l10","v55","v56","v57","v58","v59"],[1],["l60","l61","l62","l63","l64"]],["SamplePerfectTile",["l11"],[3,64],["v65","v66","v67"]],["Split",["l11","v65","v66","v67"],[1],["l68","l69","l70"]],["SamplePerfectTile",["l12"],[3,64],["v71","v72","v73"]],["Split",["l12","v71","v72","v73"],[1],["l74","l75","l76"]],["SamplePerfectTile",["l13"],[3,64],["v77","v78","v79"]],["Split",["l13","v77","v78","v79"],[1],["l80","l81","l82"]],["SamplePerfectTile",["l14"],[3,64],["v83","v84","v85"]],["Split",["l14","v83","v84","v85"],[1],["l86","l87","l88"]],["Reorder",["l20","l30","l40","l50","l60","l21","l31","l41","l51","l61","l22","l32","l42","l52","l62","l68","l74","l80","l86","l69","l75","l81","l87","l23","l33","l43","l53","l63","l70","l76","l82","l88","l24","l34","l44","l54","l64"],[],[]],["Fuse",["l20","l30","l40","l50","l60"],[1],["l89"]],["Bind",["l89"],["blockIdx.x"],[]],["Fuse",["l21","l31","l41","l51","l61"],[1],["l90"]],["Bind",["l90"],["vthread.x"],[]],["Fuse",["l22","l32","l42","l52","l62"],[1],["l91"]],["Bind",["l91"],["threadIdx.x"],[]],["Annotate",["b1",32],["meta_schedule.thread_extent_low_inclusive"],[]],["Annotate",["b1",1024],["meta_schedule.thread_extent_high_inclusive"],[]],["CacheWrite",["b1",[]],[0,"local"],["b92"]],["ReverseComputeAt",["b92","l91"],[1,-1],[]],["CacheRead",["b1",["b1"]],[0,"shared"],["b93"]],["ComputeAt",["b93","l86"],[1,-1],[]],["GetLoops",["b93"],[],["l94","l95","l96","l97","l98","l99","l100","l101","l102","l103","l104","l105"]],["Fuse",["l101","l102","l103","l104","l105"],[1],["l106"]],["SampleCategorical",[],[[1,2,3,4],[0.25,0.25,0.25,0.25]],["v107"]],["Annotate",["b93","v107"],["meta_schedule.cooperative_fetch"],[]],["CacheRead",["b1",["b1"]],[1,"shared"],["b108"]],["ComputeAt",["b108","l86"],[1,-1],[]],["GetLoops",["b108"],[],["l109","l110","l111","l112","l113","l114","l115","l116","l117","l118","l119","l120"]],["Fuse",["l116","l117","l118","l119","l120"],[1],["l121"]],["SampleCategorical",[],[[1,2,3,4],[0.25,0.25,0.25,0.25]],["v122"]],["Annotate",["b108","v122"],["meta_schedule.cooperative_fetch"],[]],["ReverseComputeInline",["b4"],[],[]],["ReverseComputeInline",["b3"],[],[]],["ReverseComputeInline",["b2"],[],[]],["ComputeInline",["b0"],[],[]],["SampleCategorical",[],[[0,16,64,512,1024],[0.2000000000000000111,0.2000000000000000111,0.2000000000000000111,0.2000000000000000111,0.2000000000000000111]],["v123"]],["Annotate",["b5","v123"],["meta_schedule.unroll_explicit"],[]],["EnterPostproc",[],[],[]],["Unannotate",["b93"],["meta_schedule.cooperative_fetch"],[]],["GetLoops",["b93"],[],["l124","l125","l126","l127","l128","l129","l130","l131"]],["Split",["l131","None",36],[1],["l132","l133"]],["Bind",["l133"],["threadIdx.x"],[]],["Unannotate",["b108"],["meta_schedule.cooperative_fetch"],[]],["GetLoops",["b108"],[],["l134","l135","l136","l137","l138","l139","l140","l141"]],["Split",["l141","None",36,2],[1],["l142","l143","l144"]],["Vectorize",["l144"],[],[]],["Bind",["l143"],["threadIdx.x"],[]],["GetBlock",[],["root","main"],["b145"]],["Unannotate",["b145"],["meta_schedule.unroll_explicit"],[]],["GetChildBlocks",["b145"],[],["b146","b147","b148","b149"]],["GetLoops",["b146"],[],["l150","l151","l152","l153","l154","l155","l156","l157","l158"]],["Annotate",["l150",64],["pragma_auto_unroll_max_step"],[]],["Annotate",["l150",1],["pragma_unroll_explicit"],[]],["GetLoops",["b147"],[],["l159","l160","l161","l162","l163","l164","l165","l166","l167","l168"]],["Annotate",["l159",64],["pragma_auto_unroll_max_step"],[]],["Annotate",["l159",1],["pragma_unroll_explicit"],[]],["GetLoops",["b148"],[],["l169","l170","l171","l172","l173","l174","l175","l176","l177","l178","l179","l180","l181","l182","l183","l184","l185","l186","l187","l188","l189","l190","l191","l192","l193"]],["Annotate",["l169",64],["pragma_auto_unroll_max_step"],[]],["Annotate",["l169",1],["pragma_unroll_explicit"],[]],["GetLoops",["b149"],[],["l194","l195","l196","l197","l198","l199","l200","l201"]],["Annotate",["l194",64],["pragma_auto_unroll_max_step"],[]],["Annotate",["l194",1],["pragma_unroll_explicit"],[]],["GetBlock",[],["conv3d_ndhwc","main"],["b202"]],["GetLoops",["b202"],[],["l203","l204","l205","l206","l207","l208","l209","l210","l211","l212","l213","l214","l215","l216","l217","l218","l219","l220","l221","l222","l223","l224","l225","l226","l227"]],["DecomposeReduction",["b202","l206"],[],["b228"]]],[[8,[1,1,1,1,1]],[10,[1,4,9,2,1]],[12,[9,1,2,1,2]],[14,[4,1,1,1,1]],[16,[4,4,2,1,4]],[18,[3,1,1]],[20,[3,1,1]],[22,[1,1,3]],[24,[32,2,2]],[41,0],[47,1],[53,2]]],[0],{"arch":"sm_70","keys":["cuda","gpu"],"kind":"cuda","max_num_threads":1024,"max_shared_memory_per_block":49152,"max_threads_per_block":1024,"registers_per_block":65536,"tag":"","thread_warp_size":32},[["TENSOR","float32",[1,72,36,4,128]],["TENSOR","float32",[3,3,3,128,128]],["TENSOR","float32",[1,1,1,1,128]],["TENSOR","float32",[1,72,36,4,128]],["TENSOR","float32",[1,72,36,4,128]]]]]
[0,[[[["GetBlock",[],["pad_temp","main"],["b0"]],["GetBlock",[],["conv3d_ndhwc","main"],["b1"]],["GetBlock",[],["T_add","main"],["b2"]],["GetBlock",[],["T_add_1","main"],["b3"]],["GetBlock",[],["T_relu","main"],["b4"]],["GetBlock",[],["root","main"],["b5"]],["Annotate",["b1","\"SSSRRSRS\""],["meta_schedule.tiling_structure"],[]],["GetLoops",["b1"],[],["l6","l7","l8","l9","l10","l11","l12","l13","l14"]],["SamplePerfectTile",["l6"],[5,64],["v15","v16","v17","v18","v19"]],["Split",["l6","v15","v16","v17","v18","v19"],[1],["l20","l21","l22","l23","l24"]],["SamplePerfectTile",["l7"],[5,64],["v25","v26","v27","v28","v29"]],["Split",["l7","v25","v26","v27","v28","v29"],[1],["l30","l31","l32","l33","l34"]],["SamplePerfectTile",["l8"],[5,64],["v35","v36","v37","v38","v39"]],["Split",["l8","v35","v36","v37","v38","v39"],[1],["l40","l41","l42","l43","l44"]],["SamplePerfectTile",["l9"],[5,64],["v45","v46","v47","v48","v49"]],["Split",["l9","v45","v46","v47","v48","v49"],[1],["l50","l51","l52","l53","l54"]],["SamplePerfectTile",["l10"],[5,64],["v55","v56","v57","v58","v59"]],["Split",["l10","v55","v56","v57","v58","v59"],[1],["l60","l61","l62","l63","l64"]],["SamplePerfectTile",["l11"],[3,64],["v65","v66","v67"]],["Split",["l11","v65","v66","v67"],[1],["l68","l69","l70"]],["SamplePerfectTile",["l12"],[3,64],["v71","v72","v73"]],["Split",["l12","v71","v72","v73"],[1],["l74","l75","l76"]],["SamplePerfectTile",["l13"],[3,64],["v77","v78","v79"]],["Split",["l13","v77","v78","v79"],[1],["l80","l81","l82"]],["SamplePerfectTile",["l14"],[3,64],["v83","v84","v85"]],["Split",["l14","v83","v84","v85"],[1],["l86","l87","l88"]],["Reorder",["l20","l30","l40","l50","l60","l21","l31","l41","l51","l61","l22","l32","l42","l52","l62","l68","l74","l80","l86","l69","l75","l81","l87","l23","l33","l43","l53","l63","l70","l76","l82","l88","l24","l34","l44","l54","l64"],[],[]],["Fuse",["l20","l30","l40","l50","l60"],[1],["l89"]],["Bind",["l89"],["blockIdx.x"],[]],["Fuse",["l21","l31","l41","l51","l61"],[1],["l90"]],["Bind",["l90"],["vthread.x"],[]],["Fuse",["l22","l32","l42","l52","l62"],[1],["l91"]],["Bind",["l91"],["threadIdx.x"],[]],["Annotate",["b1",32],["meta_schedule.thread_extent_low_inclusive"],[]],["Annotate",["b1",1024],["meta_schedule.thread_extent_high_inclusive"],[]],["CacheWrite",["b1",[]],[0,"local"],["b92"]],["ReverseComputeAt",["b92","l91"],[1,-1],[]],["CacheRead",["b1",["b1"]],[0,"shared"],["b93"]],["ComputeAt",["b93","l86"],[1,-1],[]],["GetLoops",["b93"],[],["l94","l95","l96","l97","l98","l99","l100","l101","l102","l103","l104","l105"]],["Fuse",["l101","l102","l103","l104","l105"],[1],["l106"]],["SampleCategorical",[],[[1,2,3,4],[0.25,0.25,0.25,0.25]],["v107"]],["Annotate",["b93","v107"],["meta_schedule.cooperative_fetch"],[]],["CacheRead",["b1",["b1"]],[1,"shared"],["b108"]],["ComputeAt",["b108","l86"],[1,-1],[]],["GetLoops",["b108"],[],["l109","l110","l111","l112","l113","l114","l115","l116","l117","l118","l119","l120"]],["Fuse",["l116","l117","l118","l119","l120"],[1],["l121"]],["SampleCategorical",[],[[1,2,3,4],[0.25,0.25,0.25,0.25]],["v122"]],["Annotate",["b108","v122"],["meta_schedule.cooperative_fetch"],[]],["ReverseComputeInline",["b4"],[],[]],["ReverseComputeInline",["b3"],[],[]],["ReverseComputeInline",["b2"],[],[]],["ComputeInline",["b0"],[],[]],["SampleCategorical",[],[[0,16,64,512,1024],[0.2000000000000000111,0.2000000000000000111,0.2000000000000000111,0.2000000000000000111,0.2000000000000000111]],["v123"]],["Annotate",["b5","v123"],["meta_schedule.unroll_explicit"],[]],["EnterPostproc",[],[],[]],["Unannotate",["b93"],["meta_schedule.cooperative_fetch"],[]],["GetLoops",["b93"],[],["l124","l125","l126","l127","l128","l129","l130","l131"]],["Split",["l131","None",72,4],[1],["l132","l133","l134"]],["Vectorize",["l134"],[],[]],["Bind",["l133"],["threadIdx.x"],[]],["Unannotate",["b108"],["meta_schedule.cooperative_fetch"],[]],["GetLoops",["b108"],[],["l135","l136","l137","l138","l139","l140","l141","l142"]],["Split",["l142","None",72,2],[1],["l143","l144","l145"]],["Vectorize",["l145"],[],[]],["Bind",["l144"],["threadIdx.x"],[]],["GetBlock",[],["root","main"],["b146"]],["Unannotate",["b146"],["meta_schedule.unroll_explicit"],[]],["GetChildBlocks",["b146"],[],["b147","b148","b149","b150"]],["GetLoops",["b147"],[],["l151","l152","l153","l154","l155","l156","l157","l158","l159","l160"]],["Annotate",["l151",512],["pragma_auto_unroll_max_step"],[]],["Annotate",["l151",1],["pragma_unroll_explicit"],[]],["GetLoops",["b148"],[],["l161","l162","l163","l164","l165","l166","l167","l168","l169","l170"]],["Annotate",["l161",512],["pragma_auto_unroll_max_step"],[]],["Annotate",["l161",1],["pragma_unroll_explicit"],[]],["GetLoops",["b149"],[],["l171","l172","l173","l174","l175","l176","l177","l178","l179","l180","l181","l182","l183","l184","l185","l186","l187","l188","l189","l190","l191","l192","l193","l194","l195"]],["Annotate",["l171",512],["pragma_auto_unroll_max_step"],[]],["Annotate",["l171",1],["pragma_unroll_explicit"],[]],["GetLoops",["b150"],[],["l196","l197","l198","l199","l200","l201","l202","l203"]],["Annotate",["l196",512],["pragma_auto_unroll_max_step"],[]],["Annotate",["l196",1],["pragma_unroll_explicit"],[]],["GetBlock",[],["conv3d_ndhwc","main"],["b204"]],["GetLoops",["b204"],[],["l205","l206","l207","l208","l209","l210","l211","l212","l213","l214","l215","l216","l217","l218","l219","l220","l221","l222","l223","l224","l225","l226","l227","l228","l229"]],["DecomposeReduction",["b204","l208"],[],["b230"]]],[[8,[1,1,1,1,1]],[10,[2,1,12,1,3]],[12,[2,1,3,1,6]],[14,[1,1,2,1,2]],[16,[1,4,1,2,16]],[18,[3,1,1]],[20,[1,1,3]],[22,[1,3,1]],[24,[64,1,2]],[41,3],[47,1],[53,3]]],[0],{"arch":"sm_70","keys":["cuda","gpu"],"kind":"cuda","max_num_threads":1024,"max_shared_memory_per_block":49152,"max_threads_per_block":1024,"registers_per_block":65536,"tag":"","thread_warp_size":32},[["TENSOR","float32",[1,72,36,4,128]],["TENSOR","float32",[3,3,3,128,128]],["TENSOR","float32",[1,1,1,1,128]],["TENSOR","float32",[1,72,36,4,128]],["TENSOR","float32",[1,72,36,4,128]]]]]
[0,[[[["GetBlock",[],["pad_temp","main"],["b0"]],["GetBlock",[],["conv3d_ndhwc","main"],["b1"]],["GetBlock",[],["T_add","main"],["b2"]],["GetBlock",[],["T_add_1","main"],["b3"]],["GetBlock",[],["T_relu","main"],["b4"]],["GetBlock",[],["root","main"],["b5"]],["Annotate",["b1","\"SSSRRSRS\""],["meta_schedule.tiling_structure"],[]],["GetLoops",["b1"],[],["l6","l7","l8","l9","l10","l11","l12","l13","l14"]],["SamplePerfectTile",["l6"],[5,64],["v15","v16","v17","v18","v19"]],["Split",["l6","v15","v16","v17","v18","v19"],[1],["l20","l21","l22","l23","l24"]],["SamplePerfectTile",["l7"],[5,64],["v25","v26","v27","v28","v29"]],["Split",["l7","v25","v26","v27","v28","v29"],[1],["l30","l31","l32","l33","l34"]],["SamplePerfectTile",["l8"],[5,64],["v35","v36","v37","v38","v39"]],["Split",["l8","v35","v36","v37","v38","v39"],[1],["l40","l41","l42","l43","l44"]],["SamplePerfectTile",["l9"],[5,64],["v45","v46","v47","v48","v49"]],["Split",["l9","v45","v46","v47","v48","v49"],[1],["l50","l51","l52","l53","l54"]],["SamplePerfectTile",["l10"],[5,64],["v55","v56","v57","v58","v59"]],["Split",["l10","v55","v56","v57","v58","v59"],[1],["l60","l61","l62","l63","l64"]],["SamplePerfectTile",["l11"],[3,64],["v65","v66","v67"]],["Split",["l11","v65","v66","v67"],[1],["l68","l69","l70"]],["SamplePerfectTile",["l12"],[3,64],["v71","v72","v73"]],["Split",["l12","v71","v72","v73"],[1],["l74","l75","l76"]],["SamplePerfectTile",["l13"],[3,64],["v77","v78","v79"]],["Split",["l13","v77","v78","v79"],[1],["l80","l81","l82"]],["SamplePerfectTile",["l14"],[3,64],["v83","v84","v85"]],["Split",["l14","v83","v84","v85"],[1],["l86","l87","l88"]],["Reorder",["l20","l30","l40","l50","l60","l21","l31","l41","l51","l61","l22","l32","l42","l52","l62","l68","l74","l80","l86","l69","l75","l81","l87","l23","l33","l43","l53","l63","l70","l76","l82","l88","l24","l34","l44","l54","l64"],[],[]],["Fuse",["l20","l30","l40","l50","l60"],[1],["l89"]],["Bind",["l89"],["blockIdx.x"],[]],["Fuse",["l21","l31","l41","l51","l61"],[1],["l90"]],["Bind",["l90"],["vthread.x"],[]],["Fuse",["l22","l32","l42","l52","l62"],[1],["l91"]],["Bind",["l91"],["threadIdx.x"],[]],["Annotate",["b1",32],["meta_schedule.thread_extent_low_inclusive"],[]],["Annotate",["b1",1024],["meta_schedule.thread_extent_high_inclusive"],[]],["CacheWrite",["b1",[]],[0,"local"],["b92"]],["ReverseComputeAt",["b92","l91"],[1,-1],[]],["CacheRead",["b1",["b1"]],[0,"shared"],["b93"]],["ComputeAt",["b93","l86"],[1,-1],[]],["GetLoops",["b93"],[],["l94","l95","l96","l97","l98","l99","l100","l101","l102","l103","l104","l105"]],["Fuse",["l101","l102","l103","l104","l105"],[1],["l106"]],["SampleCategorical",[],[[1,2,3,4],[0.25,0.25,0.25,0.25]],["v107"]],["Annotate",["b93","v107"],["meta_schedule.cooperative_fetch"],[]],["CacheRead",["b1",["b1"]],[1,"shared"],["b108"]],["ComputeAt",["b108","l86"],[1,-1],[]],["GetLoops",["b108"],[],["l109","l110","l111","l112","l113","l114","l115","l116","l117","l118","l119","l120"]],["Fuse",["l116","l117","l118","l119","l120"],[1],["l121"]],["SampleCategorical",[],[[1,2,3,4],[0.25,0.25,0.25,0.25]],["v122"]],["Annotate",["b108","v122"],["meta_schedule.cooperative_fetch"],[]],["ReverseComputeInline",["b4"],[],[]],["ReverseComputeInline",["b3"],[],[]],["ReverseComputeInline",["b2"],[],[]],["ComputeInline",["b0"],[],[]],["SampleCategorical",[],[[0,16,64,512,1024],[0.2000000000000000111,0.2000000000000000111,0.2000000000000000111,0.2000000000000000111,0.2000000000000000111]],["v123"]],["Annotate",["b5","v123"],["meta_schedule.unroll_explicit"],[]],["EnterPostproc",[],[],[]],["Unannotate",["b93"],["meta_schedule.cooperative_fetch"],[]],["GetLoops",["b93"],[],["l124","l125","l126","l127","l128","l129","l130","l131"]],["Split",["l131","None",32,3],[1],["l132","l133","l134"]],["Vectorize",["l134"],[],[]],["Bind",["l133"],["threadIdx.x"],[]],["Unannotate",["b108"],["meta_schedule.cooperative_fetch"],[]],["GetLoops",["b108"],[],["l135","l136","l137","l138","l139","l140","l141","l142"]],["Split",["l142","None",32],[1],["l143","l144"]],["Bind",["l144"],["threadIdx.x"],[]],["GetBlock",[],["root","main"],["b145"]],["Unannotate",["b145"],["meta_schedule.unroll_explicit"],[]],["GetChildBlocks",["b145"],[],["b146","b147","b148","b149"]],["GetLoops",["b146"],[],["l150","l151","l152","l153","l154","l155","l156","l157","l158","l159"]],["Annotate",["l150",64],["pragma_auto_unroll_max_step"],[]],["Annotate",["l150",1],["pragma_unroll_explicit"],[]],["GetLoops",["b147"],[],["l160","l161","l162","l163","l164","l165","l166","l167","l168"]],["Annotate",["l160",64],["pragma_auto_unroll_max_step"],[]],["Annotate",["l160",1],["pragma_unroll_explicit"],[]],["GetLoops",["b148"],[],["l169","l170","l171","l172","l173","l174","l175","l176","l177","l178","l179","l180","l181","l182","l183","l184","l185","l186","l187","l188","l189","l190","l191","l192","l193"]],["Annotate",["l169",64],["pragma_auto_unroll_max_step"],[]],["Annotate",["l169",1],["pragma_unroll_explicit"],[]],["GetLoops",["b149"],[],["l194","l195","l196","l197","l198","l199","l200","l201"]],["Annotate",["l194",64],["pragma_auto_unroll_max_step"],[]],["Annotate",["l194",1],["pragma_unroll_explicit"],[]],["GetBlock",[],["conv3d_ndhwc","main"],["b202"]],["GetLoops",["b202"],[],["l203","l204","l205","l206","l207","l208","l209","l210","l211","l212","l213","l214","l215","l216","l217","l218","l219","l220","l221","l222","l223","l224","l225","l226","l227"]],["DecomposeReduction",["b202","l206"],[],["b228"]]],[[8,[1,1,1,1,1]],[10,[6,1,1,2,6]],[12,[1,1,2,6,3]],[14,[1,4,1,1,1]],[16,[1,2,16,2,2]],[18,[3,1,1]],[20,[3,1,1]],[22,[3,1,1]],[24,[32,1,4]],[41,2],[47,2],[53,2]]],[0],{"arch":"sm_70","keys":["cuda","gpu"],"kind":"cuda","max_num_threads":1024,"max_shared_memory_per_block":49152,"max_threads_per_block":1024,"registers_per_block":65536,"tag":"","thread_warp_size":32},[["TENSOR","float32",[1,72,36,4,128]],["TENSOR","float32",[3,3,3,128,128]],["TENSOR","float32",[1,1,1,1,128]],["TENSOR","float32",[1,72,36,4,128]],["TENSOR","float32",[1,72,36,4,128]]]]]
[0,[[[["GetBlock",[],["pad_temp","main"],["b0"]],["GetBlock",[],["conv3d_ndhwc","main"],["b1"]],["GetBlock",[],["T_add","main"],["b2"]],["GetBlock",[],["T_add_1","main"],["b3"]],["GetBlock",[],["T_relu","main"],["b4"]],["GetBlock",[],["root","main"],["b5"]],["Annotate",["b1","\"SSSRRSRS\""],["meta_schedule.tiling_structure"],[]],["GetLoops",["b1"],[],["l6","l7","l8","l9","l10","l11","l12","l13","l14"]],["SamplePerfectTile",["l6"],[5,64],["v15","v16","v17","v18","v19"]],["Split",["l6","v15","v16","v17","v18","v19"],[1],["l20","l21","l22","l23","l24"]],["SamplePerfectTile",["l7"],[5,64],["v25","v26","v27","v28","v29"]],["Split",["l7","v25","v26","v27","v28","v29"],[1],["l30","l31","l32","l33","l34"]],["SamplePerfectTile",["l8"],[5,64],["v35","v36","v37","v38","v39"]],["Split",["l8","v35","v36","v37","v38","v39"],[1],["l40","l41","l42","l43","l44"]],["SamplePerfectTile",["l9"],[5,64],["v45","v46","v47","v48","v49"]],["Split",["l9","v45","v46","v47","v48","v49"],[1],["l50","l51","l52","l53","l54"]],["SamplePerfectTile",["l10"],[5,64],["v55","v56","v57","v58","v59"]],["Split",["l10","v55","v56","v57","v58","v59"],[1],["l60","l61","l62","l63","l64"]],["SamplePerfectTile",["l11"],[3,64],["v65","v66","v67"]],["Split",["l11","v65","v66","v67"],[1],["l68","l69","l70"]],["SamplePerfectTile",["l12"],[3,64],["v71","v72","v73"]],["Split",["l12","v71","v72","v73"],[1],["l74","l75","l76"]],["SamplePerfectTile",["l13"],[3,64],["v77","v78","v79"]],["Split",["l13","v77","v78","v79"],[1],["l80","l81","l82"]],["SamplePerfectTile",["l14"],[3,64],["v83","v84","v85"]],["Split",["l14","v83","v84","v85"],[1],["l86","l87","l88"]],["Reorder",["l20","l30","l40","l50","l60","l21","l31","l41","l51","l61","l22","l32","l42","l52","l62","l68","l74","l80","l86","l69","l75","l81","l87","l23","l33","l43","l53","l63","l70","l76","l82","l88","l24","l34","l44","l54","l64"],[],[]],["Fuse",["l20","l30","l40","l50","l60"],[1],["l89"]],["Bind",["l89"],["blockIdx.x"],[]],["Fuse",["l21","l31","l41","l51","l61"],[1],["l90"]],["Bind",["l90"],["vthread.x"],[]],["Fuse",["l22","l32","l42","l52","l62"],[1],["l91"]],["Bind",["l91"],["threadIdx.x"],[]],["Annotate",["b1",32],["meta_schedule.thread_extent_low_inclusive"],[]],["Annotate",["b1",1024],["meta_schedule.thread_extent_high_inclusive"],[]],["CacheWrite",["b1",[]],[0,"local"],["b92"]],["ReverseComputeAt",["b92","l91"],[1,-1],[]],["CacheRead",["b1",["b1"]],[0,"shared"],["b93"]],["ComputeAt",["b93","l86"],[1,-1],[]],["GetLoops",["b93"],[],["l94","l95","l96","l97","l98","l99","l100","l101","l102","l103","l104","l105"]],["Fuse",["l101","l102","l103","l104","l105"],[1],["l106"]],["SampleCategorical",[],[[1,2,3,4],[0.25,0.25,0.25,0.25]],["v107"]],["Annotate",["b93","v107"],["meta_schedule.cooperative_fetch"],[]],["CacheRead",["b1",["b1"]],[1,"shared"],["b108"]],["ComputeAt",["b108","l86"],[1,-1],[]],["GetLoops",["b108"],[],["l109","l110","l111","l112","l113","l114","l115","l116","l117","l118","l119","l120"]],["Fuse",["l116","l117","l118","l119","l120"],[1],["l121"]],["SampleCategorical",[],[[1,2,3,4],[0.25,0.25,0.25,0.25]],["v122"]],["Annotate",["b108","v122"],["meta_schedule.cooperative_fetch"],[]],["ReverseComputeInline",["b4"],[],[]],["ReverseComputeInline",["b3"],[],[]],["ReverseComputeInline",["b2"],[],[]],["ComputeInline",["b0"],[],[]],["SampleCategorical",[],[[0,16,64,512,1024],[0.2000000000000000111,0.2000000000000000111,0.2000000000000000111,0.2000000000000000111,0.2000000000000000111]],["v123"]],["Annotate",["b5","v123"],["meta_schedule.unroll_explicit"],[]],["EnterPostproc",[],[],[]],["Unannotate",["b93"],["meta_schedule.cooperative_fetch"],[]],["GetLoops",["b93"],[],["l124","l125","l126","l127","l128","l129","l130","l131"]],["Split",["l131","None",576,2],[1],["l132","l133","l134"]],["Vectorize",["l134"],[],[]],["Bind",["l133"],["threadIdx.x"],[]],["Unannotate",["b108"],["meta_schedule.cooperative_fetch"],[]],["GetLoops",["b108"],[],["l135","l136","l137","l138","l139","l140","l141","l142"]],["Split",["l142","None",576,4],[1],["l143","l144","l145"]],["Vectorize",["l145"],[],[]],["Bind",["l144"],["threadIdx.x"],[]],["GetBlock",[],["root","main"],["b146"]],["Unannotate",["b146"],["meta_schedule.unroll_explicit"],[]],["GetChildBlocks",["b146"],[],["b147","b148","b149","b150"]],["GetLoops",["b147"],[],["l151","l152","l153","l154","l155","l156","l157","l158","l159","l160"]],["Annotate",["l151",16],["pragma_auto_unroll_max_step"],[]],["Annotate",["l151",1],["pragma_unroll_explicit"],[]],["GetLoops",["b148"],[],["l161","l162","l163","l164","l165","l166","l167","l168","l169","l170"]],["Annotate",["l161",16],["pragma_auto_unroll_max_step"],[]],["Annotate",["l161",1],["pragma_unroll_explicit"],[]],["GetLoops",["b149"],[],["l171","l172","l173","l174","l175","l176","l177","l178","l179","l180","l181","l182","l183","l184","l185","l186","l187","l188","l189","l190","l191","l192","l193","l194","l195"]],["Annotate",["l171",16],["pragma_auto_unroll_max_step"],[]],["Annotate",["l171",1],["pragma_unroll_explicit"],[]],["GetLoops",["b150"],[],["l196","l197","l198","l199","l200","l201","l202","l203"]],["Annotate",["l196",16],["pragma_auto_unroll_max_step"],[]],["Annotate",["l196",1],["pragma_unroll_explicit"],[]],["GetBlock",[],["conv3d_ndhwc","main"],["b204"]],["GetLoops",["b204"],[],["l205","l206","l207","l208","l209","l210","l211","l212","l213","l214","l215","l216","l217","l218","l219","l220","l221","l222","l223","l224","l225","l226","l227","l228","l229"]],["DecomposeReduction",["b204","l208"],[],["b230"]]],[[8,[1,1,1,1,1]],[10,[2,2,2,9,1]],[12,[2,1,18,1,1]],[14,[1,1,2,1,2]],[16,[2,1,8,2,4]],[18,[1,3,1]],[20,[3,1,1]],[22,[3,1,1]],[24,[32,2,2]],[41,1],[47,3],[53,1]]],[0],{"arch":"sm_70","keys":["cuda","gpu"],"kind":"cuda","max_num_threads":1024,"max_shared_memory_per_block":49152,"max_threads_per_block":1024,"registers_per_block":65536,"tag":"","thread_warp_size":32},[["TENSOR","float32",[1,72,36,4,128]],["TENSOR","float32",[3,3,3,128,128]],["TENSOR","float32",[1,1,1,1,128]],["TENSOR","float32",[1,72,36,4,128]],["TENSOR","float32",[1,72,36,4,128]]]]]
[0,[[[["GetBlock",[],["pad_temp","main"],["b0"]],["GetBlock",[],["conv3d_ndhwc","main"],["b1"]],["GetBlock",[],["T_add","main"],["b2"]],["GetBlock",[],["T_add_1","main"],["b3"]],["GetBlock",[],["T_relu","main"],["b4"]],["GetBlock",[],["root","main"],["b5"]],["Annotate",["b1","\"SSSRRSRS\""],["meta_schedule.tiling_structure"],[]],["GetLoops",["b1"],[],["l6","l7","l8","l9","l10","l11","l12","l13","l14"]],["SamplePerfectTile",["l6"],[5,64],["v15","v16","v17","v18","v19"]],["Split",["l6","v15","v16","v17","v18","v19"],[1],["l20","l21","l22","l23","l24"]],["SamplePerfectTile",["l7"],[5,64],["v25","v26","v27","v28","v29"]],["Split",["l7","v25","v26","v27","v28","v29"],[1],["l30","l31","l32","l33","l34"]],["SamplePerfectTile",["l8"],[5,64],["v35","v36","v37","v38","v39"]],["Split",["l8","v35","v36","v37","v38","v39"],[1],["l40","l41","l42","l43","l44"]],["SamplePerfectTile",["l9"],[5,64],["v45","v46","v47","v48","v49"]],["Split",["l9","v45","v46","v47","v48","v49"],[1],["l50","l51","l52","l53","l54"]],["SamplePerfectTile",["l10"],[5,64],["v55","v56","v57","v58","v59"]],["Split",["l10","v55","v56","v57","v58","v59"],[1],["l60","l61","l62","l63","l64"]],["SamplePerfectTile",["l11"],[3,64],["v65","v66","v67"]],["Split",["l11","v65","v66","v67"],[1],["l68","l69","l70"]],["SamplePerfectTile",["l12"],[3,64],["v71","v72","v73"]],["Split",["l12","v71","v72","v73"],[1],["l74","l75","l76"]],["SamplePerfectTile",["l13"],[3,64],["v77","v78","v79"]],["Split",["l13","v77","v78","v79"],[1],["l80","l81","l82"]],["SamplePerfectTile",["l14"],[3,64],["v83","v84","v85"]],["Split",["l14","v83","v84","v85"],[1],["l86","l87","l88"]],["Reorder",["l20","l30","l40","l50","l60","l21","l31","l41","l51","l61","l22","l32","l42","l52","l62","l68","l74","l80","l86","l69","l75","l81","l87","l23","l33","l43","l53","l63","l70","l76","l82","l88","l24","l34","l44","l54","l64"],[],[]],["Fuse",["l20","l30","l40","l50","l60"],[1],["l89"]],["Bind",["l89"],["blockIdx.x"],[]],["Fuse",["l21","l31","l41","l51","l61"],[1],["l90"]],["Bind",["l90"],["vthread.x"],[]],["Fuse",["l22","l32","l42","l52","l62"],[1],["l91"]],["Bind",["l91"],["threadIdx.x"],[]],["Annotate",["b1",32],["meta_schedule.thread_extent_low_inclusive"],[]],["Annotate",["b1",1024],["meta_schedule.thread_extent_high_inclusive"],[]],["CacheWrite",["b1",[]],[0,"local"],["b92"]],["ReverseComputeAt",["b92","l91"],[1,-1],[]],["CacheRead",["b1",["b1"]],[0,"shared"],["b93"]],["ComputeAt",["b93","l86"],[1,-1],[]],["GetLoops",["b93"],[],["l94","l95","l96","l97","l98","l99","l100","l101","l102","l103","l104","l105"]],["Fuse",["l101","l102","l103","l104","l105"],[1],["l106"]],["SampleCategorical",[],[[1,2,3,4],[0.25,0.25,0.25,0.25]],["v107"]],["Annotate",["b93","v107"],["meta_schedule.cooperative_fetch"],[]],["CacheRead",["b1",["b1"]],[1,"shared"],["b108"]],["ComputeAt",["b108","l86"],[1,-1],[]],["GetLoops",["b108"],[],["l109","l110","l111","l112","l113","l114","l115","l116","l117","l118","l119","l120"]],["Fuse",["l116","l117","l118","l119","l120"],[1],["l121"]],["SampleCategorical",[],[[1,2,3,4],[0.25,0.25,0.25,0.25]],["v122"]],["Annotate",["b108","v122"],["meta_schedule.cooperative_fetch"],[]],["ReverseComputeInline",["b4"],[],[]],["ReverseComputeInline",["b3"],[],[]],["ReverseComputeInline",["b2"],[],[]],["ComputeInline",["b0"],[],[]],["SampleCategorical",[],[[0,16,64,512,1024],[0.2000000000000000111,0.2000000000000000111,0.2000000000000000111,0.2000000000000000111,0.2000000000000000111]],["v123"]],["Annotate",["b5","v123"],["meta_schedule.unroll_explicit"],[]],["EnterPostproc",[],[],[]],["Unannotate",["b93"],["meta_schedule.cooperative_fetch"],[]],["GetLoops",["b93"],[],["l124","l125","l126","l127","l128","l129","l130","l131"]],["Split",["l131","None",36,3],[1],["l132","l133","l134"]],["Vectorize",["l134"],[],[]],["Bind",["l133"],["threadIdx.x"],[]],["Unannotate",["b108"],["meta_schedule.cooperative_fetch"],[]],["GetLoops",["b108"],[],["l135","l136","l137","l138","l139","l140","l141","l142"]],["Split",["l142","None",36],[1],["l143","l144"]],["Bind",["l144"],["threadIdx.x"],[]],["GetBlock",[],["root","main"],["b145"]],["Unannotate",["b145"],["meta_schedule.unroll_explicit"],[]],["GetChildBlocks",["b145"],[],["b146","b147","b148","b149"]],["GetLoops",["b146"],[],["l150","l151","l152","l153","l154","l155","l156","l157","l158","l159"]],["Annotate",["l150",512],["pragma_auto_unroll_max_step"],[]],["Annotate",["l150",1],["pragma_unroll_explicit"],[]],["GetLoops",["b147"],[],["l160","l161","l162","l163","l164","l165","l166","l167","l168"]],["Annotate",["l160",512],["pragma_auto_unroll_max_step"],[]],["Annotate",["l160",1],["pragma_unroll_explicit"],[]],["GetLoops",["b148"],[],["l169","l170","l171","l172","l173","l174","l175","l176","l177","l178","l179","l180","l181","l182","l183","l184","l185","l186","l187","l188","l189","l190","l191","l192","l193"]],["Annotate",["l169",512],["pragma_auto_unroll_max_step"],[]],["Annotate",["l169",1],["pragma_unroll_explicit"],[]],["GetLoops",["b149"],[],["l194","l195","l196","l197","l198","l199","l200","l201"]],["Annotate",["l194",512],["pragma_auto_unroll_max_step"],[]],["Annotate",["l194",1],["pragma_unroll_explicit"],[]],["GetBlock",[],["conv3d_ndhwc","main"],["b202"]],["GetLoops",["b202"],[],["l203","l204","l205","l206","l207","l208","l209","l210","l211","l212","l213","l214","l215","l216","l217","l218","l219","l220","l221","l222","l223","l224","l225","l226","l227"]],["DecomposeReduction",["b202","l206"],[],["b228"]]],[[8,[1,1,1,1,1]],[10,[2,1,18,1,2]],[12,[6,1,1,6,1]],[14,[1,2,2,1,1]],[16,[2,1,1,8,8]],[18,[3,1,1]],[20,[3,1,1]],[22,[3,1,1]],[24,[32,2,2]],[41,2],[47,0],[53,3]]],[0],{"arch":"sm_70","keys":["cuda","gpu"],"kind":"cuda","max_num_threads":1024,"max_shared_memory_per_block":49152,"max_threads_per_block":1024,"registers_per_block":65536,"tag":"","thread_warp_size":32},[["TENSOR","float32",[1,72,36,4,128]],["TENSOR","float32",[3,3,3,128,128]],["TENSOR","float32",[1,1,1,1,128]],["TENSOR","float32",[1,72,36,4,128]],["TENSOR","float32",[1,72,36,4,128]]]]]
[0,[[[["GetBlock",[],["pad_temp","main"],["b0"]],["GetBlock",[],["conv3d_ndhwc","main"],["b1"]],["GetBlock",[],["T_add","main"],["b2"]],["GetBlock",[],["T_add_1","main"],["b3"]],["GetBlock",[],["T_relu","main"],["b4"]],["GetBlock",[],["root","main"],["b5"]],["Annotate",["b1","\"SSSRRSRS\""],["meta_schedule.tiling_structure"],[]],["GetLoops",["b1"],[],["l6","l7","l8","l9","l10","l11","l12","l13","l14"]],["SamplePerfectTile",["l6"],[5,64],["v15","v16","v17","v18","v19"]],["Split",["l6","v15","v16","v17","v18","v19"],[1],["l20","l21","l22","l23","l24"]],["SamplePerfectTile",["l7"],[5,64],["v25","v26","v27","v28","v29"]],["Split",["l7","v25","v26","v27","v28","v29"],[1],["l30","l31","l32","l33","l34"]],["SamplePerfectTile",["l8"],[5,64],["v35","v36","v37","v38","v39"]],["Split",["l8","v35","v36","v37","v38","v39"],[1],["l40","l41","l42","l43","l44"]],["SamplePerfectTile",["l9"],[5,64],["v45","v46","v47","v48","v49"]],["Split",["l9","v45","v46","v47","v48","v49"],[1],["l50","l51","l52","l53","l54"]],["SamplePerfectTile",["l10"],[5,64],["v55","v56","v57","v58","v59"]],["Split",["l10","v55","v56","v57","v58","v59"],[1],["l60","l61","l62","l63","l64"]],["SamplePerfectTile",["l11"],[3,64],["v65","v66","v67"]],["Split",["l11","v65","v66","v67"],[1],["l68","l69","l70"]],["SamplePerfectTile",["l12"],[3,64],["v71","v72","v73"]],["Split",["l12","v71","v72","v73"],[1],["l74","l75","l76"]],["SamplePerfectTile",["l13"],[3,64],["v77","v78","v79"]],["Split",["l13","v77","v78","v79"],[1],["l80","l81","l82"]],["SamplePerfectTile",["l14"],[3,64],["v83","v84","v85"]],["Split",["l14","v83","v84","v85"],[1],["l86","l87","l88"]],["Reorder",["l20","l30","l40","l50","l60","l21","l31","l41","l51","l61","l22","l32","l42","l52","l62","l68","l74","l80","l86","l69","l75","l81","l87","l23","l33","l43","l53","l63","l70","l76","l82","l88","l24","l34","l44","l54","l64"],[],[]],["Fuse",["l20","l30","l40","l50","l60"],[1],["l89"]],["Bind",["l89"],["blockIdx.x"],[]],["Fuse",["l21","l31","l41","l51","l61"],[1],["l90"]],["Bind",["l90"],["vthread.x"],[]],["Fuse",["l22","l32","l42","l52","l62"],[1],["l91"]],["Bind",["l91"],["threadIdx.x"],[]],["Annotate",["b1",32],["meta_schedule.thread_extent_low_inclusive"],[]],["Annotate",["b1",1024],["meta_schedule.thread_extent_high_inclusive"],[]],["CacheWrite",["b1",[]],[0,"local"],["b92"]],["ReverseComputeAt",["b92","l91"],[1,-1],[]],["CacheRead",["b1",["b1"]],[0,"shared"],["b93"]],["ComputeAt",["b93","l86"],[1,-1],[]],["GetLoops",["b93"],[],["l94","l95","l96","l97","l98","l99","l100","l101","l102","l103","l104","l105"]],["Fuse",["l101","l102","l103","l104","l105"],[1],["l106"]],["SampleCategorical",[],[[1,2,3,4],[0.25,0.25,0.25,0.25]],["v107"]],["Annotate",["b93","v107"],["meta_schedule.cooperative_fetch"],[]],["CacheRead",["b1",["b1"]],[1,"shared"],["b108"]],["ComputeAt",["b108","l86"],[1,-1],[]],["GetLoops",["b108"],[],["l109","l110","l111","l112","l113","l114","l115","l116","l117","l118","l119","l120"]],["Fuse",["l116","l117","l118","l119","l120"],[1],["l121"]],["SampleCategorical",[],[[1,2,3,4],[0.25,0.25,0.25,0.25]],["v122"]],["Annotate",["b108","v122"],["meta_schedule.cooperative_fetch"],[]],["ReverseComputeInline",["b4"],[],[]],["ReverseComputeInline",["b3"],[],[]],["ReverseComputeInline",["b2"],[],[]],["ComputeInline",["b0"],[],[]],["SampleCategorical",[],[[0,16,64,512,1024],[0.2000000000000000111,0.2000000000000000111,0.2000000000000000111,0.2000000000000000111,0.2000000000000000111]],["v123"]],["Annotate",["b5","v123"],["meta_schedule.unroll_explicit"],[]],["EnterPostproc",[],[],[]],["Unannotate",["b93"],["meta_schedule.cooperative_fetch"],[]],["GetLoops",["b93"],[],["l124","l125","l126","l127","l128","l129","l130","l131"]],["Split",["l131","None",36,4],[1],["l132","l133","l134"]],["Vectorize",["l134"],[],[]],["Bind",["l133"],["threadIdx.x"],[]],["Unannotate",["b108"],["meta_schedule.cooperative_fetch"],[]],["GetLoops",["b108"],[],["l135","l136","l137","l138","l139","l140","l141","l142"]],["Split",["l142","None",36,4],[1],["l143","l144","l145"]],["Vectorize",["l145"],[],[]],["Bind",["l144"],["threadIdx.x"],[]],["GetBlock",[],["root","main"],["b146"]],["Unannotate",["b146"],["meta_schedule.unroll_explicit"],[]],["GetChildBlocks",["b146"],[],["b147","b148","b149","b150"]],["GetLoops",["b147"],[],["l151","l152","l153","l154","l155","l156","l157","l158","l159","l160"]],["Annotate",["l151",512],["pragma_auto_unroll_max_step"],[]],["Annotate",["l151",1],["pragma_unroll_explicit"],[]],["GetLoops",["b148"],[],["l161","l162","l163","l164","l165","l166","l167","l168","l169","l170"]],["Annotate",["l161",512],["pragma_auto_unroll_max_step"],[]],["Annotate",["l161",1],["pragma_unroll_explicit"],[]],["GetLoops",["b149"],[],["l171","l172","l173","l174","l175","l176","l177","l178","l179","l180","l181","l182","l183","l184","l185","l186","l187","l188","l189","l190","l191","l192","l193","l194","l195"]],["Annotate",["l171",512],["pragma_auto_unroll_max_step"],[]],["Annotate",["l171",1],["pragma_unroll_explicit"],[]],["GetLoops",["b150"],[],["l196","l197","l198","l199","l200","l201","l202","l203"]],["Annotate",["l196",512],["pragma_auto_unroll_max_step"],[]],["Annotate",["l196",1],["pragma_unroll_explicit"],[]],["GetBlock",[],["conv3d_ndhwc","main"],["b204"]],["GetLoops",["b204"],[],["l205","l206","l207","l208","l209","l210","l211","l212","l213","l214","l215","l216","l217","l218","l219","l220","l221","l222","l223","l224","l225","l226","l227","l228","l229"]],["DecomposeReduction",["b204","l208"],[],["b230"]]],[[8,[1,1,1,1,1]],[10,[2,1,3,3,4]],[12,[6,1,6,1,1]],[14,[2,2,1,1,1]],[16,[16,4,2,1,1]],[18,[1,3,1]],[20,[1,3,1]],[22,[3,1,1]],[24,[64,2,1]],[41,3],[47,3],[53,3]]],[0],{"arch":"sm_70","keys":["cuda","gpu"],"kind":"cuda","max_num_threads":1024,"max_shared_memory_per_block":49152,"max_threads_per_block":1024,"registers_per_block":65536,"tag":"","thread_warp_size":32},[["TENSOR","float32",[1,72,36,4,128]],["TENSOR","float32",[3,3,3,128,128]],["TENSOR","float32",[1,1,1,1,128]],["TENSOR","float32",[1,72,36,4,128]],["TENSOR","float32",[1,72,36,4,128]]]]]
[0,[[[["GetBlock",[],["pad_temp","main"],["b0"]],["GetBlock",[],["conv3d_ndhwc","main"],["b1"]],["GetBlock",[],["T_add","main"],["b2"]],["GetBlock",[],["T_add_1","main"],["b3"]],["GetBlock",[],["T_relu","main"],["b4"]],["GetBlock",[],["root","main"],["b5"]],["Annotate",["b1","\"SSSRRSRS\""],["meta_schedule.tiling_structure"],[]],["GetLoops",["b1"],[],["l6","l7","l8","l9","l10","l11","l12","l13","l14"]],["SamplePerfectTile",["l6"],[5,64],["v15","v16","v17","v18","v19"]],["Split",["l6","v15","v16","v17","v18","v19"],[1],["l20","l21","l22","l23","l24"]],["SamplePerfectTile",["l7"],[5,64],["v25","v26","v27","v28","v29"]],["Split",["l7","v25","v26","v27","v28","v29"],[1],["l30","l31","l32","l33","l34"]],["SamplePerfectTile",["l8"],[5,64],["v35","v36","v37","v38","v39"]],["Split",["l8","v35","v36","v37","v38","v39"],[1],["l40","l41","l42","l43","l44"]],["SamplePerfectTile",["l9"],[5,64],["v45","v46","v47","v48","v49"]],["Split",["l9","v45","v46","v47","v48","v49"],[1],["l50","l51","l52","l53","l54"]],["SamplePerfectTile",["l10"],[5,64],["v55","v56","v57","v58","v59"]],["Split",["l10","v55","v56","v57","v58","v59"],[1],["l60","l61","l62","l63","l64"]],["SamplePerfectTile",["l11"],[3,64],["v65","v66","v67"]],["Split",["l11","v65","v66","v67"],[1],["l68","l69","l70"]],["SamplePerfectTile",["l12"],[3,64],["v71","v72","v73"]],["Split",["l12","v71","v72","v73"],[1],["l74","l75","l76"]],["SamplePerfectTile",["l13"],[3,64],["v77","v78","v79"]],["Split",["l13","v77","v78","v79"],[1],["l80","l81","l82"]],["SamplePerfectTile",["l14"],[3,64],["v83","v84","v85"]],["Split",["l14","v83","v84","v85"],[1],["l86","l87","l88"]],["Reorder",["l20","l30","l40","l50","l60","l21","l31","l41","l51","l61","l22","l32","l42","l52","l62","l68","l74","l80","l86","l69","l75","l81","l87","l23","l33","l43","l53","l63","l70","l76","l82","l88","l24","l34","l44","l54","l64"],[],[]],["Fuse",["l20","l30","l40","l50","l60"],[1],["l89"]],["Bind",["l89"],["blockIdx.x"],[]],["Fuse",["l21","l31","l41","l51","l61"],[1],["l90"]],["Bind",["l90"],["vthread.x"],[]],["Fuse",["l22","l32","l42","l52","l62"],[1],["l91"]],["Bind",["l91"],["threadIdx.x"],[]],["Annotate",["b1",32],["meta_schedule.thread_extent_low_inclusive"],[]],["Annotate",["b1",1024],["meta_schedule.thread_extent_high_inclusive"],[]],["CacheWrite",["b1",[]],[0,"local"],["b92"]],["ReverseComputeAt",["b92","l91"],[1,-1],[]],["CacheRead",["b1",["b1"]],[0,"shared"],["b93"]],["ComputeAt",["b93","l86"],[1,-1],[]],["GetLoops",["b93"],[],["l94","l95","l96","l97","l98","l99","l100","l101","l102","l103","l104","l105"]],["Fuse",["l101","l102","l103","l104","l105"],[1],["l106"]],["SampleCategorical",[],[[1,2,3,4],[0.25,0.25,0.25,0.25]],["v107"]],["Annotate",["b93","v107"],["meta_schedule.cooperative_fetch"],[]],["CacheRead",["b1",["b1"]],[1,"shared"],["b108"]],["ComputeAt",["b108","l86"],[1,-1],[]],["GetLoops",["b108"],[],["l109","l110","l111","l112","l113","l114","l115","l116","l117","l118","l119","l120"]],["Fuse",["l116","l117","l118","l119","l120"],[1],["l121"]],["SampleCategorical",[],[[1,2,3,4],[0.25,0.25,0.25,0.25]],["v122"]],["Annotate",["b108","v122"],["meta_schedule.cooperative_fetch"],[]],["ReverseComputeInline",["b4"],[],[]],["ReverseComputeInline",["b3"],[],[]],["ReverseComputeInline",["b2"],[],[]],["ComputeInline",["b0"],[],[]],["SampleCategorical",[],[[0,16,64,512,1024],[0.2000000000000000111,0.2000000000000000111,0.2000000000000000111,0.2000000000000000111,0.2000000000000000111]],["v123"]],["Annotate",["b5","v123"],["meta_schedule.unroll_explicit"],[]],["EnterPostproc",[],[],[]],["Unannotate",["b93"],["meta_schedule.cooperative_fetch"],[]],["GetLoops",["b93"],[],["l124","l125","l126","l127","l128","l129","l130","l131"]],["Split",["l131","None",81,3],[1],["l132","l133","l134"]],["Vectorize",["l134"],[],[]],["Bind",["l133"],["threadIdx.x"],[]],["Unannotate",["b108"],["meta_schedule.cooperative_fetch"],[]],["GetLoops",["b108"],[],["l135","l136","l137","l138","l139","l140","l141","l142"]],["Split",["l142","None",81,2],[1],["l143","l144","l145"]],["Vectorize",["l145"],[],[]],["Bind",["l144"],["threadIdx.x"],[]],["GetBlock",[],["root","main"],["b146"]],["Unannotate",["b146"],["meta_schedule.unroll_explicit"],[]],["GetChildBlocks",["b146"],[],["b147","b148","b149","b150"]],["GetLoops",["b147"],[],["l151","l152","l153","l154","l155","l156","l157","l158","l159","l160"]],["Annotate",["l151",512],["pragma_auto_unroll_max_step"],[]],["Annotate",["l151",1],["pragma_unroll_explicit"],[]],["GetLoops",["b148"],[],["l161","l162","l163","l164","l165","l166","l167","l168","l169","l170"]],["Annotate",["l161",512],["pragma_auto_unroll_max_step"],[]],["Annotate",["l161",1],["pragma_unroll_explicit"],[]],["GetLoops",["b149"],[],["l171","l172","l173","l174","l175","l176","l177","l178","l179","l180","l181","l182","l183","l184","l185","l186","l187","l188","l189","l190","l191","l192","l193","l194","l195"]],["Annotate",["l171",512],["pragma_auto_unroll_max_step"],[]],["Annotate",["l171",1],["pragma_unroll_explicit"],[]],["GetLoops",["b150"],[],["l196","l197","l198","l199","l200","l201","l202","l203"]],["Annotate",["l196",512],["pragma_auto_unroll_max_step"],[]],["Annotate",["l196",1],["pragma_unroll_explicit"],[]],["GetBlock",[],["conv3d_ndhwc","main"],["b204"]],["GetLoops",["b204"],[],["l205","l206","l207","l208","l209","l210","l211","l212","l213","l214","l215","l216","l217","l218","l219","l220","l221","l222","l223","l224","l225","l226","l227","l228","l229"]],["DecomposeReduction",["b204","l208"],[],["b230"]]],[[8,[1,1,1,1,1]],[10,[4,1,9,2,1]],[12,[1,1,9,2,2]],[14,[2,1,1,2,1]],[16,[1,16,1,1,8]],[18,[3,1,1]],[20,[1,3,1]],[22,[3,1,1]],[24,[32,4,1]],[41,2],[47,1],[53,3]]],[0],{"arch":"sm_70","keys":["cuda","gpu"],"kind":"cuda","max_num_threads":1024,"max_shared_memory_per_block":49152,"max_threads_per_block":1024,"registers_per_block":65536,"tag":"","thread_warp_size":32},[["TENSOR","float32",[1,72,36,4,128]],["TENSOR","float32",[3,3,3,128,128]],["TENSOR","float32",[1,1,1,1,128]],["TENSOR","float32",[1,72,36,4,128]],["TENSOR","float32",[1,72,36,4,128]]]]]
[0,[[[["GetBlock",[],["pad_temp","main"],["b0"]],["GetBlock",[],["conv3d_ndhwc","main"],["b1"]],["GetBlock",[],["T_add","main"],["b2"]],["GetBlock",[],["T_add_1","main"],["b3"]],["GetBlock",[],["T_relu","main"],["b4"]],["GetBlock",[],["root","main"],["b5"]],["Annotate",["b1","\"SSSRRSRS\""],["meta_schedule.tiling_structure"],[]],["GetLoops",["b1"],[],["l6","l7","l8","l9","l10","l11","l12","l13","l14"]],["SamplePerfectTile",["l6"],[5,64],["v15","v16","v17","v18","v19"]],["Split",["l6","v15","v16","v17","v18","v19"],[1],["l20","l21","l22","l23","l24"]],["SamplePerfectTile",["l7"],[5,64],["v25","v26","v27","v28","v29"]],["Split",["l7","v25","v26","v27","v28","v29"],[1],["l30","l31","l32","l33","l34"]],["SamplePerfectTile",["l8"],[5,64],["v35","v36","v37","v38","v39"]],["Split",["l8","v35","v36","v37","v38","v39"],[1],["l40","l41","l42","l43","l44"]],["SamplePerfectTile",["l9"],[5,64],["v45","v46","v47","v48","v49"]],["Split",["l9","v45","v46","v47","v48","v49"],[1],["l50","l51","l52","l53","l54"]],["SamplePerfectTile",["l10"],[5,64],["v55","v56","v57","v58","v59"]],["Split",["l10","v55","v56","v57","v58","v59"],[1],["l60","l61","l62","l63","l64"]],["SamplePerfectTile",["l11"],[3,64],["v65","v66","v67"]],["Split",["l11","v65","v66","v67"],[1],["l68","l69","l70"]],["SamplePerfectTile",["l12"],[3,64],["v71","v72","v73"]],["Split",["l12","v71","v72","v73"],[1],["l74","l75","l76"]],["SamplePerfectTile",["l13"],[3,64],["v77","v78","v79"]],["Split",["l13","v77","v78","v79"],[1],["l80","l81","l82"]],["SamplePerfectTile",["l14"],[3,64],["v83","v84","v85"]],["Split",["l14","v83","v84","v85"],[1],["l86","l87","l88"]],["Reorder",["l20","l30","l40","l50","l60","l21","l31","l41","l51","l61","l22","l32","l42","l52","l62","l68","l74","l80","l86","l69","l75","l81","l87","l23","l33","l43","l53","l63","l70","l76","l82","l88","l24","l34","l44","l54","l64"],[],[]],["Fuse",["l20","l30","l40","l50","l60"],[1],["l89"]],["Bind",["l89"],["blockIdx.x"],[]],["Fuse",["l21","l31","l41","l51","l61"],[1],["l90"]],["Bind",["l90"],["vthread.x"],[]],["Fuse",["l22","l32","l42","l52","l62"],[1],["l91"]],["Bind",["l91"],["threadIdx.x"],[]],["Annotate",["b1",32],["meta_schedule.thread_extent_low_inclusive"],[]],["Annotate",["b1",1024],["meta_schedule.thread_extent_high_inclusive"],[]],["CacheWrite",["b1",[]],[0,"local"],["b92"]],["ReverseComputeAt",["b92","l91"],[1,-1],[]],["CacheRead",["b1",["b1"]],[0,"shared"],["b93"]],["ComputeAt",["b93","l86"],[1,-1],[]],["GetLoops",["b93"],[],["l94","l95","l96","l97","l98","l99","l100","l101","l102","l103","l104","l105"]],["Fuse",["l101","l102","l103","l104","l105"],[1],["l106"]],["SampleCategorical",[],[[1,2,3,4],[0.25,0.25,0.25,0.25]],["v107"]],["Annotate",["b93","v107"],["meta_schedule.cooperative_fetch"],[]],["CacheRead",["b1",["b1"]],[1,"shared"],["b108"]],["ComputeAt",["b108","l86"],[1,-1],[]],["GetLoops",["b108"],[],["l109","l110","l111","l112","l113","l114","l115","l116","l117","l118","l119","l120"]],["Fuse",["l116","l117","l118","l119","l120"],[1],["l121"]],["SampleCategorical",[],[[1,2,3,4],[0.25,0.25,0.25,0.25]],["v122"]],["Annotate",["b108","v122"],["meta_schedule.cooperative_fetch"],[]],["ReverseComputeInline",["b4"],[],[]],["ReverseComputeInline",["b3"],[],[]],["ReverseComputeInline",["b2"],[],[]],["ComputeInline",["b0"],[],[]],["SampleCategorical",[],[[0,16,64,512,1024],[0.2000000000000000111,0.2000000000000000111,0.2000000000000000111,0.2000000000000000111,0.2000000000000000111]],["v123"]],["Annotate",["b5","v123"],["meta_schedule.unroll_explicit"],[]],["EnterPostproc",[],[],[]],["Unannotate",["b93"],["meta_schedule.cooperative_fetch"],[]],["GetLoops",["b93"],[],["l124","l125","l126","l127","l128","l129","l130","l131"]],["Split",["l131","None",384],[1],["l132","l133"]],["Bind",["l133"],["threadIdx.x"],[]],["Unannotate",["b108"],["meta_schedule.cooperative_fetch"],[]],["GetLoops",["b108"],[],["l134","l135","l136","l137","l138","l139","l140","l141"]],["Split",["l141","None",384,2],[1],["l142","l143","l144"]],["Vectorize",["l144"],[],[]],["Bind",["l143"],["threadIdx.x"],[]],["GetBlock",[],["root","main"],["b145"]],["Unannotate",["b145"],["meta_schedule.unroll_explicit"],[]],["GetChildBlocks",["b145"],[],["b146","b147","b148","b149"]],["GetLoops",["b146"],[],["l150","l151","l152","l153","l154","l155","l156","l157","l158"]],["Annotate",["l150",16],["pragma_auto_unroll_max_step"],[]],["Annotate",["l150",1],["pragma_unroll_explicit"],[]],["GetLoops",["b147"],[],["l159","l160","l161","l162","l163","l164","l165","l166","l167","l168"]],["Annotate",["l159",16],["pragma_auto_unroll_max_step"],[]],["Annotate",["l159",1],["pragma_unroll_explicit"],[]],["GetLoops",["b148"],[],["l169","l170","l171","l172","l173","l174","l175","l176","l177","l178","l179","l180","l181","l182","l183","l184","l185","l186","l187","l188","l189","l190","l191","l192","l193"]],["Annotate",["l169",16],["pragma_auto_unroll_max_step"],[]],["Annotate",["l169",1],["pragma_unroll_explicit"],[]],["GetLoops",["b149"],[],["l194","l195","l196","l197","l198","l199","l200","l201"]],["Annotate",["l194",16],["pragma_auto_unroll_max_step"],[]],["Annotate",["l194",1],["pragma_unroll_explicit"],[]],["GetBlock",[],["conv3d_ndhwc","main"],["b202"]],["GetLoops",["b202"],[],["l203","l204","l205","l206","l207","l208","l209","l210","l211","l212","l213","l214","l215","l216","l217","l218","l219","l220","l221","l222","l223","l224","l225","l226","l227"]],["DecomposeReduction",["b202","l206"],[],["b228"]]],[[8,[1,1,1,1,1]],[10,[6,3,4,1,1]],[12,[3,1,3,2,2]],[14,[1,1,2,1,2]],[16,[8,1,16,1,1]],[18,[1,1,3]],[20,[1,1,3]],[22,[3,1,1]],[24,[16,1,8]],[41,0],[47,1],[53,1]]],[0],{"arch":"sm_70","keys":["cuda","gpu"],"kind":"cuda","max_num_threads":1024,"max_shared_memory_per_block":49152,"max_threads_per_block":1024,"registers_per_block":65536,"tag":"","thread_warp_size":32},[["TENSOR","float32",[1,72,36,4,128]],["TENSOR","float32",[3,3,3,128,128]],["TENSOR","float32",[1,1,1,1,128]],["TENSOR","float32",[1,72,36,4,128]],["TENSOR","float32",[1,72,36,4,128]]]]]
[0,[[[["GetBlock",[],["pad_temp","main"],["b0"]],["GetBlock",[],["conv3d_ndhwc","main"],["b1"]],["GetBlock",[],["T_add","main"],["b2"]],["GetBlock",[],["T_add_1","main"],["b3"]],["GetBlock",[],["T_relu","main"],["b4"]],["GetBlock",[],["root","main"],["b5"]],["Annotate",["b1","\"SSSRRSRS\""],["meta_schedule.tiling_structure"],[]],["GetLoops",["b1"],[],["l6","l7","l8","l9","l10","l11","l12","l13","l14"]],["SamplePerfectTile",["l6"],[5,64],["v15","v16","v17","v18","v19"]],["Split",["l6","v15","v16","v17","v18","v19"],[1],["l20","l21","l22","l23","l24"]],["SamplePerfectTile",["l7"],[5,64],["v25","v26","v27","v28","v29"]],["Split",["l7","v25","v26","v27","v28","v29"],[1],["l30","l31","l32","l33","l34"]],["SamplePerfectTile",["l8"],[5,64],["v35","v36","v37","v38","v39"]],["Split",["l8","v35","v36","v37","v38","v39"],[1],["l40","l41","l42","l43","l44"]],["SamplePerfectTile",["l9"],[5,64],["v45","v46","v47","v48","v49"]],["Split",["l9","v45","v46","v47","v48","v49"],[1],["l50","l51","l52","l53","l54"]],["SamplePerfectTile",["l10"],[5,64],["v55","v56","v57","v58","v59"]],["Split",["l10","v55","v56","v57","v58","v59"],[1],["l60","l61","l62","l63","l64"]],["SamplePerfectTile",["l11"],[3,64],["v65","v66","v67"]],["Split",["l11","v65","v66","v67"],[1],["l68","l69","l70"]],["SamplePerfectTile",["l12"],[3,64],["v71","v72","v73"]],["Split",["l12","v71","v72","v73"],[1],["l74","l75","l76"]],["SamplePerfectTile",["l13"],[3,64],["v77","v78","v79"]],["Split",["l13","v77","v78","v79"],[1],["l80","l81","l82"]],["SamplePerfectTile",["l14"],[3,64],["v83","v84","v85"]],["Split",["l14","v83","v84","v85"],[1],["l86","l87","l88"]],["Reorder",["l20","l30","l40","l50","l60","l21","l31","l41","l51","l61","l22","l32","l42","l52","l62","l68","l74","l80","l86","l69","l75","l81","l87","l23","l33","l43","l53","l63","l70","l76","l82","l88","l24","l34","l44","l54","l64"],[],[]],["Fuse",["l20","l30","l40","l50","l60"],[1],["l89"]],["Bind",["l89"],["blockIdx.x"],[]],["Fuse",["l21","l31","l41","l51","l61"],[1],["l90"]],["Bind",["l90"],["vthread.x"],[]],["Fuse",["l22","l32","l42","l52","l62"],[1],["l91"]],["Bind",["l91"],["threadIdx.x"],[]],["Annotate",["b1",32],["meta_schedule.thread_extent_low_inclusive"],[]],["Annotate",["b1",1024],["meta_schedule.thread_extent_high_inclusive"],[]],["CacheWrite",["b1",[]],[0,"local"],["b92"]],["ReverseComputeAt",["b92","l91"],[1,-1],[]],["CacheRead",["b1",["b1"]],[0,"shared"],["b93"]],["ComputeAt",["b93","l86"],[1,-1],[]],["GetLoops",["b93"],[],["l94","l95","l96","l97","l98","l99","l100","l101","l102","l103","l104","l105"]],["Fuse",["l101","l102","l103","l104","l105"],[1],["l106"]],["SampleCategorical",[],[[1,2,3,4],[0.25,0.25,0.25,0.25]],["v107"]],["Annotate",["b93","v107"],["meta_schedule.cooperative_fetch"],[]],["CacheRead",["b1",["b1"]],[1,"shared"],["b108"]],["ComputeAt",["b108","l86"],[1,-1],[]],["GetLoops",["b108"],[],["l109","l110","l111","l112","l113","l114","l115","l116","l117","l118","l119","l120"]],["Fuse",["l116","l117","l118","l119","l120"],[1],["l121"]],["SampleCategorical",[],[[1,2,3,4],[0.25,0.25,0.25,0.25]],["v122"]],["Annotate",["b108","v122"],["meta_schedule.cooperative_fetch"],[]],["ReverseComputeInline",["b4"],[],[]],["ReverseComputeInline",["b3"],[],[]],["ReverseComputeInline",["b2"],[],[]],["ComputeInline",["b0"],[],[]],["SampleCategorical",[],[[0,16,64,512,1024],[0.2000000000000000111,0.2000000000000000111,0.2000000000000000111,0.2000000000000000111,0.2000000000000000111]],["v123"]],["Annotate",["b5","v123"],["meta_schedule.unroll_explicit"],[]],["EnterPostproc",[],[],[]],["Unannotate",["b93"],["meta_schedule.cooperative_fetch"],[]],["GetLoops",["b93"],[],["l124","l125","l126","l127","l128","l129","l130","l131"]],["Split",["l131","None",32,3],[1],["l132","l133","l134"]],["Vectorize",["l134"],[],[]],["Bind",["l133"],["threadIdx.x"],[]],["Unannotate",["b108"],["meta_schedule.cooperative_fetch"],[]],["GetLoops",["b108"],[],["l135","l136","l137","l138","l139","l140","l141","l142"]],["Split",["l142","None",32,4],[1],["l143","l144","l145"]],["Vectorize",["l145"],[],[]],["Bind",["l144"],["threadIdx.x"],[]],["GetBlock",[],["root","main"],["b146"]],["Unannotate",["b146"],["meta_schedule.unroll_explicit"],[]],["GetChildBlocks",["b146"],[],["b147","b148","b149","b150"]],["GetLoops",["b147"],[],["l151","l152","l153","l154","l155","l156","l157","l158","l159","l160"]],["Annotate",["l151",16],["pragma_auto_unroll_max_step"],[]],["Annotate",["l151",1],["pragma_unroll_explicit"],[]],["GetLoops",["b148"],[],["l161","l162","l163","l164","l165","l166","l167","l168","l169","l170"]],["Annotate",["l161",16],["pragma_auto_unroll_max_step"],[]],["Annotate",["l161",1],["pragma_unroll_explicit"],[]],["GetLoops",["b149"],[],["l171","l172","l173","l174","l175","l176","l177","l178","l179","l180","l181","l182","l183","l184","l185","l186","l187","l188","l189","l190","l191","l192","l193","l194","l195"]],["Annotate",["l171",16],["pragma_auto_unroll_max_step"],[]],["Annotate",["l171",1],["pragma_unroll_explicit"],[]],["GetLoops",["b150"],[],["l196","l197","l198","l199","l200","l201","l202","l203"]],["Annotate",["l196",16],["pragma_auto_unroll_max_step"],[]],["Annotate",["l196",1],["pragma_unroll_explicit"],[]],["GetBlock",[],["conv3d_ndhwc","main"],["b204"]],["GetLoops",["b204"],[],["l205","l206","l207","l208","l209","l210","l211","l212","l213","l214","l215","l216","l217","l218","l219","l220","l221","l222","l223","l224","l225","l226","l227","l228","l229"]],["DecomposeReduction",["b204","l208"],[],["b230"]]],[[8,[1,1,1,1,1]],[10,[4,3,1,1,6]],[12,[1,9,4,1,1]],[14,[1,1,1,1,4]],[16,[1,4,8,1,4]],[18,[1,3,1]],[20,[3,1,1]],[22,[3,1,1]],[24,[64,1,2]],[41,2],[47,3],[53,1]]],[0],{"arch":"sm_70","keys":["cuda","gpu"],"kind":"cuda","max_num_threads":1024,"max_shared_memory_per_block":49152,"max_threads_per_block":1024,"registers_per_block":65536,"tag":"","thread_warp_size":32},[["TENSOR","float32",[1,72,36,4,128]],["TENSOR","float32",[3,3,3,128,128]],["TENSOR","float32",[1,1,1,1,128]],["TENSOR","float32",[1,72,36,4,128]],["TENSOR","float32",[1,72,36,4,128]]]]]
[0,[[[["GetBlock",[],["pad_temp","main"],["b0"]],["GetBlock",[],["conv3d_ndhwc","main"],["b1"]],["GetBlock",[],["T_add","main"],["b2"]],["GetBlock",[],["T_add_1","main"],["b3"]],["GetBlock",[],["T_relu","main"],["b4"]],["GetBlock",[],["root","main"],["b5"]],["Annotate",["b1","\"SSSRRSRS\""],["meta_schedule.tiling_structure"],[]],["GetLoops",["b1"],[],["l6","l7","l8","l9","l10","l11","l12","l13","l14"]],["SamplePerfectTile",["l6"],[5,64],["v15","v16","v17","v18","v19"]],["Split",["l6","v15","v16","v17","v18","v19"],[1],["l20","l21","l22","l23","l24"]],["SamplePerfectTile",["l7"],[5,64],["v25","v26","v27","v28","v29"]],["Split",["l7","v25","v26","v27","v28","v29"],[1],["l30","l31","l32","l33","l34"]],["SamplePerfectTile",["l8"],[5,64],["v35","v36","v37","v38","v39"]],["Split",["l8","v35","v36","v37","v38","v39"],[1],["l40","l41","l42","l43","l44"]],["SamplePerfectTile",["l9"],[5,64],["v45","v46","v47","v48","v49"]],["Split",["l9","v45","v46","v47","v48","v49"],[1],["l50","l51","l52","l53","l54"]],["SamplePerfectTile",["l10"],[5,64],["v55","v56","v57","v58","v59"]],["Split",["l10","v55","v56","v57","v58","v59"],[1],["l60","l61","l62","l63","l64"]],["SamplePerfectTile",["l11"],[3,64],["v65","v66","v67"]],["Split",["l11","v65","v66","v67"],[1],["l68","l69","l70"]],["SamplePerfectTile",["l12"],[3,64],["v71","v72","v73"]],["Split",["l12","v71","v72","v73"],[1],["l74","l75","l76"]],["SamplePerfectTile",["l13"],[3,64],["v77","v78","v79"]],["Split",["l13","v77","v78","v79"],[1],["l80","l81","l82"]],["SamplePerfectTile",["l14"],[3,64],["v83","v84","v85"]],["Split",["l14","v83","v84","v85"],[1],["l86","l87","l88"]],["Reorder",["l20","l30","l40","l50","l60","l21","l31","l41","l51","l61","l22","l32","l42","l52","l62","l68","l74","l80","l86","l69","l75","l81","l87","l23","l33","l43","l53","l63","l70","l76","l82","l88","l24","l34","l44","l54","l64"],[],[]],["Fuse",["l20","l30","l40","l50","l60"],[1],["l89"]],["Bind",["l89"],["blockIdx.x"],[]],["Fuse",["l21","l31","l41","l51","l61"],[1],["l90"]],["Bind",["l90"],["vthread.x"],[]],["Fuse",["l22","l32","l42","l52","l62"],[1],["l91"]],["Bind",["l91"],["threadIdx.x"],[]],["Annotate",["b1",32],["meta_schedule.thread_extent_low_inclusive"],[]],["Annotate",["b1",1024],["meta_schedule.thread_extent_high_inclusive"],[]],["CacheWrite",["b1",[]],[0,"local"],["b92"]],["ReverseComputeAt",["b92","l91"],[1,-1],[]],["CacheRead",["b1",["b1"]],[0,"shared"],["b93"]],["ComputeAt",["b93","l86"],[1,-1],[]],["GetLoops",["b93"],[],["l94","l95","l96","l97","l98","l99","l100","l101","l102","l103","l104","l105"]],["Fuse",["l101","l102","l103","l104","l105"],[1],["l106"]],["SampleCategorical",[],[[1,2,3,4],[0.25,0.25,0.25,0.25]],["v107"]],["Annotate",["b93","v107"],["meta_schedule.cooperative_fetch"],[]],["CacheRead",["b1",["b1"]],[1,"shared"],["b108"]],["ComputeAt",["b108","l86"],[1,-1],[]],["GetLoops",["b108"],[],["l109","l110","l111","l112","l113","l114","l115","l116","l117","l118","l119","l120"]],["Fuse",["l116","l117","l118","l119","l120"],[1],["l121"]],["SampleCategorical",[],[[1,2,3,4],[0.25,0.25,0.25,0.25]],["v122"]],["Annotate",["b108","v122"],["meta_schedule.cooperative_fetch"],[]],["ReverseComputeInline",["b4"],[],[]],["ReverseComputeInline",["b3"],[],[]],["ReverseComputeInline",["b2"],[],[]],["ComputeInline",["b0"],[],[]],["SampleCategorical",[],[[0,16,64,512,1024],[0.2000000000000000111,0.2000000000000000111,0.2000000000000000111,0.2000000000000000111,0.2000000000000000111]],["v123"]],["Annotate",["b5","v123"],["meta_schedule.unroll_explicit"],[]],["EnterPostproc",[],[],[]],["Unannotate",["b93"],["meta_schedule.cooperative_fetch"],[]],["GetLoops",["b93"],[],["l124","l125","l126","l127","l128","l129","l130","l131"]],["Split",["l131","None",72,3],[1],["l132","l133","l134"]],["Vectorize",["l134"],[],[]],["Bind",["l133"],["threadIdx.x"],[]],["Unannotate",["b108"],["meta_schedule.cooperative_fetch"],[]],["GetLoops",["b108"],[],["l135","l136","l137","l138","l139","l140","l141","l142"]],["Split",["l142","None",72],[1],["l143","l144"]],["Bind",["l144"],["threadIdx.x"],[]],["GetBlock",[],["root","main"],["b145"]],["Unannotate",["b145"],["meta_schedule.unroll_explicit"],[]],["GetChildBlocks",["b145"],[],["b146","b147","b148","b149"]],["GetLoops",["b146"],[],["l150","l151","l152","l153","l154","l155","l156","l157","l158","l159"]],["GetLoops",["b147"],[],["l160","l161","l162","l163","l164","l165","l166","l167","l168"]],["GetLoops",["b148"],[],["l169","l170","l171","l172","l173","l174","l175","l176","l177","l178","l179","l180","l181","l182","l183","l184","l185","l186","l187","l188","l189","l190","l191","l192","l193"]],["GetLoops",["b149"],[],["l194","l195","l196","l197","l198","l199","l200","l201"]],["GetBlock",[],["conv3d_ndhwc","main"],["b202"]],["GetLoops",["b202"],[],["l203","l204","l205","l206","l207","l208","l209","l210","l211","l212","l213","l214","l215","l216","l217","l218","l219","l220","l221","l222","l223","l224","l225","l226","l227"]],["DecomposeReduction",["b202","l206"],[],["b228"]]],[[8,[1,1,1,1,1]],[10,[6,2,3,1,2]],[12,[2,1,3,3,2]],[14,[1,1,2,1,2]],[16,[1,16,4,2,1]],[18,[1,1,3]],[20,[1,1,3]],[22,[1,1,3]],[24,[128,1,1]],[41,2],[47,0],[53,0]]],[0],{"arch":"sm_70","keys":["cuda","gpu"],"kind":"cuda","max_num_threads":1024,"max_shared_memory_per_block":49152,"max_threads_per_block":1024,"registers_per_block":65536,"tag":"","thread_warp_size":32},[["TENSOR","float32",[1,72,36,4,128]],["TENSOR","float32",[3,3,3,128,128]],["TENSOR","float32",[1,1,1,1,128]],["TENSOR","float32",[1,72,36,4,128]],["TENSOR","float32",[1,72,36,4,128]]]]]
[0,[[[["GetBlock",[],["pad_temp","main"],["b0"]],["GetBlock",[],["conv3d_ndhwc","main"],["b1"]],["GetBlock",[],["T_add","main"],["b2"]],["GetBlock",[],["T_add_1","main"],["b3"]],["GetBlock",[],["T_relu","main"],["b4"]],["GetBlock",[],["root","main"],["b5"]],["Annotate",["b1","\"SSSRRSRS\""],["meta_schedule.tiling_structure"],[]],["GetLoops",["b1"],[],["l6","l7","l8","l9","l10","l11","l12","l13","l14"]],["SamplePerfectTile",["l6"],[5,64],["v15","v16","v17","v18","v19"]],["Split",["l6","v15","v16","v17","v18","v19"],[1],["l20","l21","l22","l23","l24"]],["SamplePerfectTile",["l7"],[5,64],["v25","v26","v27","v28","v29"]],["Split",["l7","v25","v26","v27","v28","v29"],[1],["l30","l31","l32","l33","l34"]],["SamplePerfectTile",["l8"],[5,64],["v35","v36","v37","v38","v39"]],["Split",["l8","v35","v36","v37","v38","v39"],[1],["l40","l41","l42","l43","l44"]],["SamplePerfectTile",["l9"],[5,64],["v45","v46","v47","v48","v49"]],["Split",["l9","v45","v46","v47","v48","v49"],[1],["l50","l51","l52","l53","l54"]],["SamplePerfectTile",["l10"],[5,64],["v55","v56","v57","v58","v59"]],["Split",["l10","v55","v56","v57","v58","v59"],[1],["l60","l61","l62","l63","l64"]],["SamplePerfectTile",["l11"],[3,64],["v65","v66","v67"]],["Split",["l11","v65","v66","v67"],[1],["l68","l69","l70"]],["SamplePerfectTile",["l12"],[3,64],["v71","v72","v73"]],["Split",["l12","v71","v72","v73"],[1],["l74","l75","l76"]],["SamplePerfectTile",["l13"],[3,64],["v77","v78","v79"]],["Split",["l13","v77","v78","v79"],[1],["l80","l81","l82"]],["SamplePerfectTile",["l14"],[3,64],["v83","v84","v85"]],["Split",["l14","v83","v84","v85"],[1],["l86","l87","l88"]],["Reorder",["l20","l30","l40","l50","l60","l21","l31","l41","l51","l61","l22","l32","l42","l52","l62","l68","l74","l80","l86","l69","l75","l81","l87","l23","l33","l43","l53","l63","l70","l76","l82","l88","l24","l34","l44","l54","l64"],[],[]],["Fuse",["l20","l30","l40","l50","l60"],[1],["l89"]],["Bind",["l89"],["blockIdx.x"],[]],["Fuse",["l21","l31","l41","l51","l61"],[1],["l90"]],["Bind",["l90"],["vthread.x"],[]],["Fuse",["l22","l32","l42","l52","l62"],[1],["l91"]],["Bind",["l91"],["threadIdx.x"],[]],["Annotate",["b1",32],["meta_schedule.thread_extent_low_inclusive"],[]],["Annotate",["b1",1024],["meta_schedule.thread_extent_high_inclusive"],[]],["CacheWrite",["b1",[]],[0,"local"],["b92"]],["ReverseComputeAt",["b92","l91"],[1,-1],[]],["CacheRead",["b1",["b1"]],[0,"shared"],["b93"]],["ComputeAt",["b93","l86"],[1,-1],[]],["GetLoops",["b93"],[],["l94","l95","l96","l97","l98","l99","l100","l101","l102","l103","l104","l105"]],["Fuse",["l101","l102","l103","l104","l105"],[1],["l106"]],["SampleCategorical",[],[[1,2,3,4],[0.25,0.25,0.25,0.25]],["v107"]],["Annotate",["b93","v107"],["meta_schedule.cooperative_fetch"],[]],["CacheRead",["b1",["b1"]],[1,"shared"],["b108"]],["ComputeAt",["b108","l86"],[1,-1],[]],["GetLoops",["b108"],[],["l109","l110","l111","l112","l113","l114","l115","l116","l117","l118","l119","l120"]],["Fuse",["l116","l117","l118","l119","l120"],[1],["l121"]],["SampleCategorical",[],[[1,2,3,4],[0.25,0.25,0.25,0.25]],["v122"]],["Annotate",["b108","v122"],["meta_schedule.cooperative_fetch"],[]],["ReverseComputeInline",["b4"],[],[]],["ReverseComputeInline",["b3"],[],[]],["ReverseComputeInline",["b2"],[],[]],["ComputeInline",["b0"],[],[]],["SampleCategorical",[],[[0,16,64,512,1024],[0.2000000000000000111,0.2000000000000000111,0.2000000000000000111,0.2000000000000000111,0.2000000000000000111]],["v123"]],["Annotate",["b5","v123"],["meta_schedule.unroll_explicit"],[]],["EnterPostproc",[],[],[]],["Unannotate",["b93"],["meta_schedule.cooperative_fetch"],[]],["GetLoops",["b93"],[],["l124","l125","l126","l127","l128","l129","l130","l131"]],["Split",["l131","None",48],[1],["l132","l133"]],["Bind",["l133"],["threadIdx.x"],[]],["Unannotate",["b108"],["meta_schedule.cooperative_fetch"],[]],["GetLoops",["b108"],[],["l134","l135","l136","l137","l138","l139","l140","l141"]],["Split",["l141","None",48,3],[1],["l142","l143","l144"]],["Vectorize",["l144"],[],[]],["Bind",["l143"],["threadIdx.x"],[]],["GetBlock",[],["root","main"],["b145"]],["Unannotate",["b145"],["meta_schedule.unroll_explicit"],[]],["GetChildBlocks",["b145"],[],["b146","b147","b148","b149"]],["GetLoops",["b146"],[],["l150","l151","l152","l153","l154","l155","l156","l157","l158"]],["Annotate",["l150",64],["pragma_auto_unroll_max_step"],[]],["Annotate",["l150",1],["pragma_unroll_explicit"],[]],["GetLoops",["b147"],[],["l159","l160","l161","l162","l163","l164","l165","l166","l167","l168"]],["Annotate",["l159",64],["pragma_auto_unroll_max_step"],[]],["Annotate",["l159",1],["pragma_unroll_explicit"],[]],["GetLoops",["b148"],[],["l169","l170","l171","l172","l173","l174","l175","l176","l177","l178","l179","l180","l181","l182","l183","l184","l185","l186","l187","l188","l189","l190","l191","l192","l193"]],["Annotate",["l169",64],["pragma_auto_unroll_max_step"],[]],["Annotate",["l169",1],["pragma_unroll_explicit"],[]],["GetLoops",["b149"],[],["l194","l195","l196","l197","l198","l199","l200","l201"]],["Annotate",["l194",64],["pragma_auto_unroll_max_step"],[]],["Annotate",["l194",1],["pragma_unroll_explicit"],[]],["GetBlock",[],["conv3d_ndhwc","main"],["b202"]],["GetLoops",["b202"],[],["l203","l204","l205","l206","l207","l208","l209","l210","l211","l212","l213","l214","l215","l216","l217","l218","l219","l220","l221","l222","l223","l224","l225","l226","l227"]],["DecomposeReduction",["b202","l206"],[],["b228"]]],[[8,[1,1,1,1,1]],[10,[3,4,2,1,3]],[12,[2,1,6,1,3]],[14,[1,1,2,1,2]],[16,[2,2,2,4,4]],[18,[1,3,1]],[20,[3,1,1]],[22,[3,1,1]],[24,[128,1,1]],[41,0],[47,2],[53,2]]],[0],{"arch":"sm_70","keys":["cuda","gpu"],"kind":"cuda","max_num_threads":1024,"max_shared_memory_per_block":49152,"max_threads_per_block":1024,"registers_per_block":65536,"tag":"","thread_warp_size":32},[["TENSOR","float32",[1,72,36,4,128]],["TENSOR","float32",[3,3,3,128,128]],["TENSOR","float32",[1,1,1,1,128]],["TENSOR","float32",[1,72,36,4,128]],["TENSOR","float32",[1,72,36,4,128]]]]]
[0,[[[["GetBlock",[],["pad_temp","main"],["b0"]],["GetBlock",[],["conv3d_ndhwc","main"],["b1"]],["GetBlock",[],["T_add","main"],["b2"]],["GetBlock",[],["T_add_1","main"],["b3"]],["GetBlock",[],["T_relu","main"],["b4"]],["GetBlock",[],["root","main"],["b5"]],["Annotate",["b1","\"SSSRRSRS\""],["meta_schedule.tiling_structure"],[]],["GetLoops",["b1"],[],["l6","l7","l8","l9","l10","l11","l12","l13","l14"]],["SamplePerfectTile",["l6"],[5,64],["v15","v16","v17","v18","v19"]],["Split",["l6","v15","v16","v17","v18","v19"],[1],["l20","l21","l22","l23","l24"]],["SamplePerfectTile",["l7"],[5,64],["v25","v26","v27","v28","v29"]],["Split",["l7","v25","v26","v27","v28","v29"],[1],["l30","l31","l32","l33","l34"]],["SamplePerfectTile",["l8"],[5,64],["v35","v36","v37","v38","v39"]],["Split",["l8","v35","v36","v37","v38","v39"],[1],["l40","l41","l42","l43","l44"]],["SamplePerfectTile",["l9"],[5,64],["v45","v46","v47","v48","v49"]],["Split",["l9","v45","v46","v47","v48","v49"],[1],["l50","l51","l52","l53","l54"]],["SamplePerfectTile",["l10"],[5,64],["v55","v56","v57","v58","v59"]],["Split",["l10","v55","v56","v57","v58","v59"],[1],["l60","l61","l62","l63","l64"]],["SamplePerfectTile",["l11"],[3,64],["v65","v66","v67"]],["Split",["l11","v65","v66","v67"],[1],["l68","l69","l70"]],["SamplePerfectTile",["l12"],[3,64],["v71","v72","v73"]],["Split",["l12","v71","v72","v73"],[1],["l74","l75","l76"]],["SamplePerfectTile",["l13"],[3,64],["v77","v78","v79"]],["Split",["l13","v77","v78","v79"],[1],["l80","l81","l82"]],["SamplePerfectTile",["l14"],[3,64],["v83","v84","v85"]],["Split",["l14","v83","v84","v85"],[1],["l86","l87","l88"]],["Reorder",["l20","l30","l40","l50","l60","l21","l31","l41","l51","l61","l22","l32","l42","l52","l62","l68","l74","l80","l86","l69","l75","l81","l87","l23","l33","l43","l53","l63","l70","l76","l82","l88","l24","l34","l44","l54","l64"],[],[]],["Fuse",["l20","l30","l40","l50","l60"],[1],["l89"]],["Bind",["l89"],["blockIdx.x"],[]],["Fuse",["l21","l31","l41","l51","l61"],[1],["l90"]],["Bind",["l90"],["vthread.x"],[]],["Fuse",["l22","l32","l42","l52","l62"],[1],["l91"]],["Bind",["l91"],["threadIdx.x"],[]],["Annotate",["b1",32],["meta_schedule.thread_extent_low_inclusive"],[]],["Annotate",["b1",1024],["meta_schedule.thread_extent_high_inclusive"],[]],["CacheWrite",["b1",[]],[0,"local"],["b92"]],["ReverseComputeAt",["b92","l91"],[1,-1],[]],["CacheRead",["b1",["b1"]],[0,"shared"],["b93"]],["ComputeAt",["b93","l86"],[1,-1],[]],["GetLoops",["b93"],[],["l94","l95","l96","l97","l98","l99","l100","l101","l102","l103","l104","l105"]],["Fuse",["l101","l102","l103","l104","l105"],[1],["l106"]],["SampleCategorical",[],[[1,2,3,4],[0.25,0.25,0.25,0.25]],["v107"]],["Annotate",["b93","v107"],["meta_schedule.cooperative_fetch"],[]],["CacheRead",["b1",["b1"]],[1,"shared"],["b108"]],["ComputeAt",["b108","l86"],[1,-1],[]],["GetLoops",["b108"],[],["l109","l110","l111","l112","l113","l114","l115","l116","l117","l118","l119","l120"]],["Fuse",["l116","l117","l118","l119","l120"],[1],["l121"]],["SampleCategorical",[],[[1,2,3,4],[0.25,0.25,0.25,0.25]],["v122"]],["Annotate",["b108","v122"],["meta_schedule.cooperative_fetch"],[]],["ReverseComputeInline",["b4"],[],[]],["ReverseComputeInline",["b3"],[],[]],["ReverseComputeInline",["b2"],[],[]],["ComputeInline",["b0"],[],[]],["SampleCategorical",[],[[0,16,64,512,1024],[0.2000000000000000111,0.2000000000000000111,0.2000000000000000111,0.2000000000000000111,0.2000000000000000111]],["v123"]],["Annotate",["b5","v123"],["meta_schedule.unroll_explicit"],[]],["EnterPostproc",[],[],[]],["Unannotate",["b93"],["meta_schedule.cooperative_fetch"],[]],["GetLoops",["b93"],[],["l124","l125","l126","l127","l128","l129","l130","l131"]],["Split",["l131","None",432,2],[1],["l132","l133","l134"]],["Vectorize",["l134"],[],[]],["Bind",["l133"],["threadIdx.x"],[]],["Unannotate",["b108"],["meta_schedule.cooperative_fetch"],[]],["GetLoops",["b108"],[],["l135","l136","l137","l138","l139","l140","l141","l142"]],["Split",["l142","None",432],[1],["l143","l144"]],["Bind",["l144"],["threadIdx.x"],[]],["GetBlock",[],["root","main"],["b145"]],["Unannotate",["b145"],["meta_schedule.unroll_explicit"],[]],["GetChildBlocks",["b145"],[],["b146","b147","b148","b149"]],["GetLoops",["b146"],[],["l150","l151","l152","l153","l154","l155","l156","l157","l158","l159"]],["Annotate",["l150",1024],["pragma_auto_unroll_max_step"],[]],["Annotate",["l150",1],["pragma_unroll_explicit"],[]],["GetLoops",["b147"],[],["l160","l161","l162","l163","l164","l165","l166","l167","l168"]],["Annotate",["l160",1024],["pragma_auto_unroll_max_step"],[]],["Annotate",["l160",1],["pragma_unroll_explicit"],[]],["GetLoops",["b148"],[],["l169","l170","l171","l172","l173","l174","l175","l176","l177","l178","l179","l180","l181","l182","l183","l184","l185","l186","l187","l188","l189","l190","l191","l192","l193"]],["Annotate",["l169",1024],["pragma_auto_unroll_max_step"],[]],["Annotate",["l169",1],["pragma_unroll_explicit"],[]],["GetLoops",["b149"],[],["l194","l195","l196","l197","l198","l199","l200","l201"]],["Annotate",["l194",1024],["pragma_auto_unroll_max_step"],[]],["Annotate",["l194",1],["pragma_unroll_explicit"],[]],["GetBlock",[],["conv3d_ndhwc","main"],["b202"]],["GetLoops",["b202"],[],["l203","l204","l205","l206","l207","l208","l209","l210","l211","l212","l213","l214","l215","l216","l217","l218","l219","l220","l221","l222","l223","l224","l225","l226","l227"]],["DecomposeReduction",["b202","l206"],[],["b228"]]],[[8,[1,1,1,1,1]],[10,[3,2,12,1,1]],[12,[1,1,36,1,1]],[14,[2,1,1,2,1]],[16,[8,1,1,8,2]],[18,[3,1,1]],[20,[3,1,1]],[22,[3,1,1]],[24,[32,4,1]],[41,1],[47,0],[53,4]]],[0],{"arch":"sm_70","keys":["cuda","gpu"],"kind":"cuda","max_num_threads":1024,"max_shared_memory_per_block":49152,"max_threads_per_block":1024,"registers_per_block":65536,"tag":"","thread_warp_size":32},[["TENSOR","float32",[1,72,36,4,128]],["TENSOR","float32",[3,3,3,128,128]],["TENSOR","float32",[1,1,1,1,128]],["TENSOR","float32",[1,72,36,4,128]],["TENSOR","float32",[1,72,36,4,128]]]]]
