[0,[[[["GetBlock",[],["T_batch_matmul_NN","main"],["b0"]],["GetBlock",[],["root","main"],["b1"]],["Annotate",["b0","\"SSSRRSRS\""],["meta_schedule.tiling_structure"],[]],["GetLoops",["b0"],[],["l2","l3","l4","l5"]],["SamplePerfectTile",["l2"],[5,64],["v6","v7","v8","v9","v10"]],["Split",["l2","v6","v7","v8","v9","v10"],[1],["l11","l12","l13","l14","l15"]],["SamplePerfectTile",["l3"],[5,64],["v16","v17","v18","v19","v20"]],["Split",["l3","v16","v17","v18","v19","v20"],[1],["l21","l22","l23","l24","l25"]],["SamplePerfectTile",["l4"],[5,64],["v26","v27","v28","v29","v30"]],["Split",["l4","v26","v27","v28","v29","v30"],[1],["l31","l32","l33","l34","l35"]],["SamplePerfectTile",["l5"],[3,64],["v36","v37","v38"]],["Split",["l5","v36","v37","v38"],[1],["l39","l40","l41"]],["Reorder",["l11","l21","l31","l12","l22","l32","l13","l23","l33","l39","l40","l14","l24","l34","l41","l15","l25","l35"],[],[]],["Fuse",["l11","l21","l31"],[1],["l42"]],["Bind",["l42"],["blockIdx.x"],[]],["Fuse",["l12","l22","l32"],[1],["l43"]],["Bind",["l43"],["vthread.x"],[]],["Fuse",["l13","l23","l33"],[1],["l44"]],["Bind",["l44"],["threadIdx.x"],[]],["Annotate",["b0",32],["meta_schedule.thread_extent_low_inclusive"],[]],["Annotate",["b0",1024],["meta_schedule.thread_extent_high_inclusive"],[]],["CacheWrite",["b0",[]],[0,"local"],["b45"]],["ReverseComputeAt",["b45","l44"],[1,-1],[]],["CacheRead",["b0",["b0"]],[0,"shared"],["b46"]],["ComputeAt",["b46","l39"],[1,-1],[]],["GetLoops",["b46"],[],["l47","l48","l49","l50","l51","l52","l53"]],["Fuse",["l51","l52","l53"],[1],["l54"]],["SampleCategorical",[],[[1,2,3,4],[0.25,0.25,0.25,0.25]],["v55"]],["Annotate",["b46","v55"],["meta_schedule.cooperative_fetch"],[]],["CacheRead",["b0",["b0"]],[1,"shared"],["b56"]],["ComputeAt",["b56","l39"],[1,-1],[]],["GetLoops",["b56"],[],["l57","l58","l59","l60","l61","l62","l63"]],["Fuse",["l61","l62","l63"],[1],["l64"]],["SampleCategorical",[],[[1,2,3,4],[0.25,0.25,0.25,0.25]],["v65"]],["Annotate",["b56","v65"],["meta_schedule.cooperative_fetch"],[]],["SampleCategorical",[],[[0,16,64,512,1024],[0.2000000000000000111,0.2000000000000000111,0.2000000000000000111,0.2000000000000000111,0.2000000000000000111]],["v66"]],["Annotate",["b1","v66"],["meta_schedule.unroll_explicit"],[]],["EnterPostproc",[],[],[]],["Unannotate",["b46"],["meta_schedule.cooperative_fetch"],[]],["GetLoops",["b46"],[],["l67","l68","l69","l70","l71"]],["Split",["l71","None",32,4],[1],["l72","l73","l74"]],["Vectorize",["l74"],[],[]],["Bind",["l73"],["threadIdx.x"],[]],["Unannotate",["b56"],["meta_schedule.cooperative_fetch"],[]],["GetLoops",["b56"],[],["l75","l76","l77","l78","l79"]],["Split",["l79","None",32,4],[1],["l80","l81","l82"]],["Vectorize",["l82"],[],[]],["Bind",["l81"],["threadIdx.x"],[]],["GetBlock",[],["root","main"],["b83"]],["Unannotate",["b83"],["meta_schedule.unroll_explicit"],[]],["GetChildBlocks",["b83"],[],["b84","b85","b86","b87"]],["GetLoops",["b84"],[],["l88","l89","l90","l91","l92","l93","l94"]],["Annotate",["l88",1024],["pragma_auto_unroll_max_step"],[]],["Annotate",["l88",1],["pragma_unroll_explicit"],[]],["GetLoops",["b85"],[],["l95","l96","l97","l98","l99","l100","l101"]],["Annotate",["l95",1024],["pragma_auto_unroll_max_step"],[]],["Annotate",["l95",1],["pragma_unroll_explicit"],[]],["GetLoops",["b86"],[],["l102","l103","l104","l105","l106","l107","l108","l109","l110","l111","l112","l113"]],["Annotate",["l102",1024],["pragma_auto_unroll_max_step"],[]],["Annotate",["l102",1],["pragma_unroll_explicit"],[]],["GetLoops",["b87"],[],["l114","l115","l116","l117","l118","l119"]],["Annotate",["l114",1024],["pragma_auto_unroll_max_step"],[]],["Annotate",["l114",1],["pragma_unroll_explicit"],[]],["GetBlock",[],["T_batch_matmul_NN","main"],["b120"]],["GetLoops",["b120"],[],["l121","l122","l123","l124","l125","l126","l127","l128","l129","l130","l131","l132"]],["DecomposeReduction",["b120","l124"],[],["b133"]]],[[4,[2,1,1,1,1]],[6,[2,4,16,1,2]],[8,[4,2,2,4,16]],[10,[512,1,2]],[27,3],[33,3],[35,4]]],[0],{"arch":"sm_70","keys":["cuda","gpu"],"kind":"cuda","max_num_threads":1024,"max_shared_memory_per_block":49152,"max_threads_per_block":1024,"registers_per_block":65536,"tag":"","thread_warp_size":32},[["TENSOR","float32",[2,256,1024]],["TENSOR","float32",[2,1024,1024]],["TENSOR","float32",[2,256,1024]]]]]
[0,[[[["GetBlock",[],["T_batch_matmul_NN","main"],["b0"]],["GetBlock",[],["root","main"],["b1"]],["Annotate",["b0","\"SSSRRSRS\""],["meta_schedule.tiling_structure"],[]],["GetLoops",["b0"],[],["l2","l3","l4","l5"]],["SamplePerfectTile",["l2"],[5,64],["v6","v7","v8","v9","v10"]],["Split",["l2","v6","v7","v8","v9","v10"],[1],["l11","l12","l13","l14","l15"]],["SamplePerfectTile",["l3"],[5,64],["v16","v17","v18","v19","v20"]],["Split",["l3","v16","v17","v18","v19","v20"],[1],["l21","l22","l23","l24","l25"]],["SamplePerfectTile",["l4"],[5,64],["v26","v27","v28","v29","v30"]],["Split",["l4","v26","v27","v28","v29","v30"],[1],["l31","l32","l33","l34","l35"]],["SamplePerfectTile",["l5"],[3,64],["v36","v37","v38"]],["Split",["l5","v36","v37","v38"],[1],["l39","l40","l41"]],["Reorder",["l11","l21","l31","l12","l22","l32","l13","l23","l33","l39","l40","l14","l24","l34","l41","l15","l25","l35"],[],[]],["Fuse",["l11","l21","l31"],[1],["l42"]],["Bind",["l42"],["blockIdx.x"],[]],["Fuse",["l12","l22","l32"],[1],["l43"]],["Bind",["l43"],["vthread.x"],[]],["Fuse",["l13","l23","l33"],[1],["l44"]],["Bind",["l44"],["threadIdx.x"],[]],["Annotate",["b0",32],["meta_schedule.thread_extent_low_inclusive"],[]],["Annotate",["b0",1024],["meta_schedule.thread_extent_high_inclusive"],[]],["CacheWrite",["b0",[]],[0,"local"],["b45"]],["ReverseComputeAt",["b45","l44"],[1,-1],[]],["CacheRead",["b0",["b0"]],[0,"shared"],["b46"]],["ComputeAt",["b46","l39"],[1,-1],[]],["GetLoops",["b46"],[],["l47","l48","l49","l50","l51","l52","l53"]],["Fuse",["l51","l52","l53"],[1],["l54"]],["SampleCategorical",[],[[1,2,3,4],[0.25,0.25,0.25,0.25]],["v55"]],["Annotate",["b46","v55"],["meta_schedule.cooperative_fetch"],[]],["CacheRead",["b0",["b0"]],[1,"shared"],["b56"]],["ComputeAt",["b56","l39"],[1,-1],[]],["GetLoops",["b56"],[],["l57","l58","l59","l60","l61","l62","l63"]],["Fuse",["l61","l62","l63"],[1],["l64"]],["SampleCategorical",[],[[1,2,3,4],[0.25,0.25,0.25,0.25]],["v65"]],["Annotate",["b56","v65"],["meta_schedule.cooperative_fetch"],[]],["SampleCategorical",[],[[0,16,64,512,1024],[0.2000000000000000111,0.2000000000000000111,0.2000000000000000111,0.2000000000000000111,0.2000000000000000111]],["v66"]],["Annotate",["b1","v66"],["meta_schedule.unroll_explicit"],[]],["EnterPostproc",[],[],[]],["Unannotate",["b46"],["meta_schedule.cooperative_fetch"],[]],["GetLoops",["b46"],[],["l67","l68","l69","l70","l71"]],["Split",["l71","None",32],[1],["l72","l73"]],["Bind",["l73"],["threadIdx.x"],[]],["Unannotate",["b56"],["meta_schedule.cooperative_fetch"],[]],["GetLoops",["b56"],[],["l74","l75","l76","l77","l78"]],["Split",["l78","None",32],[1],["l79","l80"]],["Bind",["l80"],["threadIdx.x"],[]],["GetBlock",[],["root","main"],["b81"]],["Unannotate",["b81"],["meta_schedule.unroll_explicit"],[]],["GetChildBlocks",["b81"],[],["b82","b83","b84","b85"]],["GetLoops",["b82"],[],["l86","l87","l88","l89","l90","l91"]],["Annotate",["l86",16],["pragma_auto_unroll_max_step"],[]],["Annotate",["l86",1],["pragma_unroll_explicit"],[]],["GetLoops",["b83"],[],["l92","l93","l94","l95","l96","l97"]],["Annotate",["l92",16],["pragma_auto_unroll_max_step"],[]],["Annotate",["l92",1],["pragma_unroll_explicit"],[]],["GetLoops",["b84"],[],["l98","l99","l100","l101","l102","l103","l104","l105","l106","l107","l108","l109"]],["Annotate",["l98",16],["pragma_auto_unroll_max_step"],[]],["Annotate",["l98",1],["pragma_unroll_explicit"],[]],["GetLoops",["b85"],[],["l110","l111","l112","l113","l114","l115"]],["Annotate",["l110",16],["pragma_auto_unroll_max_step"],[]],["Annotate",["l110",1],["pragma_unroll_explicit"],[]],["GetBlock",[],["T_batch_matmul_NN","main"],["b116"]],["GetLoops",["b116"],[],["l117","l118","l119","l120","l121","l122","l123","l124","l125","l126","l127","l128"]],["DecomposeReduction",["b116","l120"],[],["b129"]]],[[4,[1,1,1,2,1]],[6,[16,2,1,8,1]],[8,[1,2,32,8,2]],[10,[512,2,1]],[27,0],[33,2],[35,1]]],[0],{"arch":"sm_70","keys":["cuda","gpu"],"kind":"cuda","max_num_threads":1024,"max_shared_memory_per_block":49152,"max_threads_per_block":1024,"registers_per_block":65536,"tag":"","thread_warp_size":32},[["TENSOR","float32",[2,256,1024]],["TENSOR","float32",[2,1024,1024]],["TENSOR","float32",[2,256,1024]]]]]
[0,[[[["GetBlock",[],["T_batch_matmul_NN","main"],["b0"]],["GetBlock",[],["root","main"],["b1"]],["Annotate",["b0","\"SSSRRSRS\""],["meta_schedule.tiling_structure"],[]],["GetLoops",["b0"],[],["l2","l3","l4","l5"]],["SamplePerfectTile",["l2"],[5,64],["v6","v7","v8","v9","v10"]],["Split",["l2","v6","v7","v8","v9","v10"],[1],["l11","l12","l13","l14","l15"]],["SamplePerfectTile",["l3"],[5,64],["v16","v17","v18","v19","v20"]],["Split",["l3","v16","v17","v18","v19","v20"],[1],["l21","l22","l23","l24","l25"]],["SamplePerfectTile",["l4"],[5,64],["v26","v27","v28","v29","v30"]],["Split",["l4","v26","v27","v28","v29","v30"],[1],["l31","l32","l33","l34","l35"]],["SamplePerfectTile",["l5"],[3,64],["v36","v37","v38"]],["Split",["l5","v36","v37","v38"],[1],["l39","l40","l41"]],["Reorder",["l11","l21","l31","l12","l22","l32","l13","l23","l33","l39","l40","l14","l24","l34","l41","l15","l25","l35"],[],[]],["Fuse",["l11","l21","l31"],[1],["l42"]],["Bind",["l42"],["blockIdx.x"],[]],["Fuse",["l12","l22","l32"],[1],["l43"]],["Bind",["l43"],["vthread.x"],[]],["Fuse",["l13","l23","l33"],[1],["l44"]],["Bind",["l44"],["threadIdx.x"],[]],["Annotate",["b0",32],["meta_schedule.thread_extent_low_inclusive"],[]],["Annotate",["b0",1024],["meta_schedule.thread_extent_high_inclusive"],[]],["CacheWrite",["b0",[]],[0,"local"],["b45"]],["ReverseComputeAt",["b45","l44"],[1,-1],[]],["CacheRead",["b0",["b0"]],[0,"shared"],["b46"]],["ComputeAt",["b46","l39"],[1,-1],[]],["GetLoops",["b46"],[],["l47","l48","l49","l50","l51","l52","l53"]],["Fuse",["l51","l52","l53"],[1],["l54"]],["SampleCategorical",[],[[1,2,3,4],[0.25,0.25,0.25,0.25]],["v55"]],["Annotate",["b46","v55"],["meta_schedule.cooperative_fetch"],[]],["CacheRead",["b0",["b0"]],[1,"shared"],["b56"]],["ComputeAt",["b56","l39"],[1,-1],[]],["GetLoops",["b56"],[],["l57","l58","l59","l60","l61","l62","l63"]],["Fuse",["l61","l62","l63"],[1],["l64"]],["SampleCategorical",[],[[1,2,3,4],[0.25,0.25,0.25,0.25]],["v65"]],["Annotate",["b56","v65"],["meta_schedule.cooperative_fetch"],[]],["SampleCategorical",[],[[0,16,64,512,1024],[0.2000000000000000111,0.2000000000000000111,0.2000000000000000111,0.2000000000000000111,0.2000000000000000111]],["v66"]],["Annotate",["b1","v66"],["meta_schedule.unroll_explicit"],[]],["EnterPostproc",[],[],[]],["Unannotate",["b46"],["meta_schedule.cooperative_fetch"],[]],["GetLoops",["b46"],[],["l67","l68","l69","l70","l71"]],["Split",["l71","None",512],[1],["l72","l73"]],["Bind",["l73"],["threadIdx.x"],[]],["Unannotate",["b56"],["meta_schedule.cooperative_fetch"],[]],["GetLoops",["b56"],[],["l74","l75","l76","l77","l78"]],["Split",["l78","None",512],[1],["l79","l80"]],["Bind",["l80"],["threadIdx.x"],[]],["GetBlock",[],["root","main"],["b81"]],["Unannotate",["b81"],["meta_schedule.unroll_explicit"],[]],["GetChildBlocks",["b81"],[],["b82","b83","b84","b85"]],["GetLoops",["b82"],[],["l86","l87","l88","l89","l90","l91"]],["GetLoops",["b83"],[],["l92","l93","l94","l95","l96","l97"]],["GetLoops",["b84"],[],["l98","l99","l100","l101","l102","l103","l104","l105","l106","l107","l108","l109"]],["GetLoops",["b85"],[],["l110","l111","l112","l113","l114","l115"]],["GetBlock",[],["T_batch_matmul_NN","main"],["b116"]],["GetLoops",["b116"],[],["l117","l118","l119","l120","l121","l122","l123","l124","l125","l126","l127","l128"]],["DecomposeReduction",["b116","l120"],[],["b129"]]],[[4,[1,1,1,2,1]],[6,[2,1,4,32,1]],[8,[2,1,128,4,1]],[10,[128,8,1]],[27,0],[33,0],[35,0]]],[0],{"arch":"sm_70","keys":["cuda","gpu"],"kind":"cuda","max_num_threads":1024,"max_shared_memory_per_block":49152,"max_threads_per_block":1024,"registers_per_block":65536,"tag":"","thread_warp_size":32},[["TENSOR","float32",[2,256,1024]],["TENSOR","float32",[2,1024,1024]],["TENSOR","float32",[2,256,1024]]]]]
[0,[[[["GetBlock",[],["T_batch_matmul_NN","main"],["b0"]],["GetBlock",[],["root","main"],["b1"]],["Annotate",["b0","\"SSSRRSRS\""],["meta_schedule.tiling_structure"],[]],["GetLoops",["b0"],[],["l2","l3","l4","l5"]],["SamplePerfectTile",["l2"],[5,64],["v6","v7","v8","v9","v10"]],["Split",["l2","v6","v7","v8","v9","v10"],[1],["l11","l12","l13","l14","l15"]],["SamplePerfectTile",["l3"],[5,64],["v16","v17","v18","v19","v20"]],["Split",["l3","v16","v17","v18","v19","v20"],[1],["l21","l22","l23","l24","l25"]],["SamplePerfectTile",["l4"],[5,64],["v26","v27","v28","v29","v30"]],["Split",["l4","v26","v27","v28","v29","v30"],[1],["l31","l32","l33","l34","l35"]],["SamplePerfectTile",["l5"],[3,64],["v36","v37","v38"]],["Split",["l5","v36","v37","v38"],[1],["l39","l40","l41"]],["Reorder",["l11","l21","l31","l12","l22","l32","l13","l23","l33","l39","l40","l14","l24","l34","l41","l15","l25","l35"],[],[]],["Fuse",["l11","l21","l31"],[1],["l42"]],["Bind",["l42"],["blockIdx.x"],[]],["Fuse",["l12","l22","l32"],[1],["l43"]],["Bind",["l43"],["vthread.x"],[]],["Fuse",["l13","l23","l33"],[1],["l44"]],["Bind",["l44"],["threadIdx.x"],[]],["Annotate",["b0",32],["meta_schedule.thread_extent_low_inclusive"],[]],["Annotate",["b0",1024],["meta_schedule.thread_extent_high_inclusive"],[]],["CacheWrite",["b0",[]],[0,"local"],["b45"]],["ReverseComputeAt",["b45","l44"],[1,-1],[]],["CacheRead",["b0",["b0"]],[0,"shared"],["b46"]],["ComputeAt",["b46","l39"],[1,-1],[]],["GetLoops",["b46"],[],["l47","l48","l49","l50","l51","l52","l53"]],["Fuse",["l51","l52","l53"],[1],["l54"]],["SampleCategorical",[],[[1,2,3,4],[0.25,0.25,0.25,0.25]],["v55"]],["Annotate",["b46","v55"],["meta_schedule.cooperative_fetch"],[]],["CacheRead",["b0",["b0"]],[1,"shared"],["b56"]],["ComputeAt",["b56","l39"],[1,-1],[]],["GetLoops",["b56"],[],["l57","l58","l59","l60","l61","l62","l63"]],["Fuse",["l61","l62","l63"],[1],["l64"]],["SampleCategorical",[],[[1,2,3,4],[0.25,0.25,0.25,0.25]],["v65"]],["Annotate",["b56","v65"],["meta_schedule.cooperative_fetch"],[]],["SampleCategorical",[],[[0,16,64,512,1024],[0.2000000000000000111,0.2000000000000000111,0.2000000000000000111,0.2000000000000000111,0.2000000000000000111]],["v66"]],["Annotate",["b1","v66"],["meta_schedule.unroll_explicit"],[]],["EnterPostproc",[],[],[]],["Unannotate",["b46"],["meta_schedule.cooperative_fetch"],[]],["GetLoops",["b46"],[],["l67","l68","l69","l70","l71"]],["Split",["l71","None",32],[1],["l72","l73"]],["Bind",["l73"],["threadIdx.x"],[]],["Unannotate",["b56"],["meta_schedule.cooperative_fetch"],[]],["GetLoops",["b56"],[],["l74","l75","l76","l77","l78"]],["Split",["l78","None",32],[1],["l79","l80"]],["Bind",["l80"],["threadIdx.x"],[]],["GetBlock",[],["root","main"],["b81"]],["Unannotate",["b81"],["meta_schedule.unroll_explicit"],[]],["GetChildBlocks",["b81"],[],["b82","b83","b84","b85"]],["GetLoops",["b82"],[],["l86","l87","l88","l89","l90","l91"]],["Annotate",["l86",512],["pragma_auto_unroll_max_step"],[]],["Annotate",["l86",1],["pragma_unroll_explicit"],[]],["GetLoops",["b83"],[],["l92","l93","l94","l95","l96","l97"]],["Annotate",["l92",512],["pragma_auto_unroll_max_step"],[]],["Annotate",["l92",1],["pragma_unroll_explicit"],[]],["GetLoops",["b84"],[],["l98","l99","l100","l101","l102","l103","l104","l105","l106","l107","l108","l109"]],["Annotate",["l98",512],["pragma_auto_unroll_max_step"],[]],["Annotate",["l98",1],["pragma_unroll_explicit"],[]],["GetLoops",["b85"],[],["l110","l111","l112","l113","l114","l115"]],["Annotate",["l110",512],["pragma_auto_unroll_max_step"],[]],["Annotate",["l110",1],["pragma_unroll_explicit"],[]],["GetBlock",[],["T_batch_matmul_NN","main"],["b116"]],["GetLoops",["b116"],[],["l117","l118","l119","l120","l121","l122","l123","l124","l125","l126","l127","l128"]],["DecomposeReduction",["b116","l120"],[],["b129"]]],[[4,[2,1,1,1,1]],[6,[4,1,32,2,1]],[8,[4,2,1,32,4]],[10,[256,4,1]],[27,2],[33,0],[35,3]]],[0],{"arch":"sm_70","keys":["cuda","gpu"],"kind":"cuda","max_num_threads":1024,"max_shared_memory_per_block":49152,"max_threads_per_block":1024,"registers_per_block":65536,"tag":"","thread_warp_size":32},[["TENSOR","float32",[2,256,1024]],["TENSOR","float32",[2,1024,1024]],["TENSOR","float32",[2,256,1024]]]]]
[0,[[[["GetBlock",[],["T_batch_matmul_NN","main"],["b0"]],["GetBlock",[],["root","main"],["b1"]],["Annotate",["b0","\"SSSRRSRS\""],["meta_schedule.tiling_structure"],[]],["GetLoops",["b0"],[],["l2","l3","l4","l5"]],["SamplePerfectTile",["l2"],[5,64],["v6","v7","v8","v9","v10"]],["Split",["l2","v6","v7","v8","v9","v10"],[1],["l11","l12","l13","l14","l15"]],["SamplePerfectTile",["l3"],[5,64],["v16","v17","v18","v19","v20"]],["Split",["l3","v16","v17","v18","v19","v20"],[1],["l21","l22","l23","l24","l25"]],["SamplePerfectTile",["l4"],[5,64],["v26","v27","v28","v29","v30"]],["Split",["l4","v26","v27","v28","v29","v30"],[1],["l31","l32","l33","l34","l35"]],["SamplePerfectTile",["l5"],[3,64],["v36","v37","v38"]],["Split",["l5","v36","v37","v38"],[1],["l39","l40","l41"]],["Reorder",["l11","l21","l31","l12","l22","l32","l13","l23","l33","l39","l40","l14","l24","l34","l41","l15","l25","l35"],[],[]],["Fuse",["l11","l21","l31"],[1],["l42"]],["Bind",["l42"],["blockIdx.x"],[]],["Fuse",["l12","l22","l32"],[1],["l43"]],["Bind",["l43"],["vthread.x"],[]],["Fuse",["l13","l23","l33"],[1],["l44"]],["Bind",["l44"],["threadIdx.x"],[]],["Annotate",["b0",32],["meta_schedule.thread_extent_low_inclusive"],[]],["Annotate",["b0",1024],["meta_schedule.thread_extent_high_inclusive"],[]],["CacheWrite",["b0",[]],[0,"local"],["b45"]],["ReverseComputeAt",["b45","l44"],[1,-1],[]],["CacheRead",["b0",["b0"]],[0,"shared"],["b46"]],["ComputeAt",["b46","l39"],[1,-1],[]],["GetLoops",["b46"],[],["l47","l48","l49","l50","l51","l52","l53"]],["Fuse",["l51","l52","l53"],[1],["l54"]],["SampleCategorical",[],[[1,2,3,4],[0.25,0.25,0.25,0.25]],["v55"]],["Annotate",["b46","v55"],["meta_schedule.cooperative_fetch"],[]],["CacheRead",["b0",["b0"]],[1,"shared"],["b56"]],["ComputeAt",["b56","l39"],[1,-1],[]],["GetLoops",["b56"],[],["l57","l58","l59","l60","l61","l62","l63"]],["Fuse",["l61","l62","l63"],[1],["l64"]],["SampleCategorical",[],[[1,2,3,4],[0.25,0.25,0.25,0.25]],["v65"]],["Annotate",["b56","v65"],["meta_schedule.cooperative_fetch"],[]],["SampleCategorical",[],[[0,16,64,512,1024],[0.2000000000000000111,0.2000000000000000111,0.2000000000000000111,0.2000000000000000111,0.2000000000000000111]],["v66"]],["Annotate",["b1","v66"],["meta_schedule.unroll_explicit"],[]],["EnterPostproc",[],[],[]],["Unannotate",["b46"],["meta_schedule.cooperative_fetch"],[]],["GetLoops",["b46"],[],["l67","l68","l69","l70","l71"]],["Split",["l71","None",32,2],[1],["l72","l73","l74"]],["Vectorize",["l74"],[],[]],["Bind",["l73"],["threadIdx.x"],[]],["Unannotate",["b56"],["meta_schedule.cooperative_fetch"],[]],["GetLoops",["b56"],[],["l75","l76","l77","l78","l79"]],["Split",["l79","None",32,2],[1],["l80","l81","l82"]],["Vectorize",["l82"],[],[]],["Bind",["l81"],["threadIdx.x"],[]],["GetBlock",[],["root","main"],["b83"]],["Unannotate",["b83"],["meta_schedule.unroll_explicit"],[]],["GetChildBlocks",["b83"],[],["b84","b85","b86","b87"]],["GetLoops",["b84"],[],["l88","l89","l90","l91","l92","l93","l94"]],["Annotate",["l88",1024],["pragma_auto_unroll_max_step"],[]],["Annotate",["l88",1],["pragma_unroll_explicit"],[]],["GetLoops",["b85"],[],["l95","l96","l97","l98","l99","l100","l101"]],["Annotate",["l95",1024],["pragma_auto_unroll_max_step"],[]],["Annotate",["l95",1],["pragma_unroll_explicit"],[]],["GetLoops",["b86"],[],["l102","l103","l104","l105","l106","l107","l108","l109","l110","l111","l112","l113"]],["Annotate",["l102",1024],["pragma_auto_unroll_max_step"],[]],["Annotate",["l102",1],["pragma_unroll_explicit"],[]],["GetLoops",["b87"],[],["l114","l115","l116","l117","l118","l119"]],["Annotate",["l114",1024],["pragma_auto_unroll_max_step"],[]],["Annotate",["l114",1],["pragma_unroll_explicit"],[]],["GetBlock",[],["T_batch_matmul_NN","main"],["b120"]],["GetLoops",["b120"],[],["l121","l122","l123","l124","l125","l126","l127","l128","l129","l130","l131","l132"]],["DecomposeReduction",["b120","l124"],[],["b133"]]],[[4,[1,1,2,1,1]],[6,[2,2,1,32,2]],[8,[1,2,16,2,16]],[10,[512,1,2]],[27,1],[33,1],[35,4]]],[0],{"arch":"sm_70","keys":["cuda","gpu"],"kind":"cuda","max_num_threads":1024,"max_shared_memory_per_block":49152,"max_threads_per_block":1024,"registers_per_block":65536,"tag":"","thread_warp_size":32},[["TENSOR","float32",[2,256,1024]],["TENSOR","float32",[2,1024,1024]],["TENSOR","float32",[2,256,1024]]]]]
[0,[[[["GetBlock",[],["T_batch_matmul_NN","main"],["b0"]],["GetBlock",[],["root","main"],["b1"]],["Annotate",["b0","\"SSSRRSRS\""],["meta_schedule.tiling_structure"],[]],["GetLoops",["b0"],[],["l2","l3","l4","l5"]],["SamplePerfectTile",["l2"],[5,64],["v6","v7","v8","v9","v10"]],["Split",["l2","v6","v7","v8","v9","v10"],[1],["l11","l12","l13","l14","l15"]],["SamplePerfectTile",["l3"],[5,64],["v16","v17","v18","v19","v20"]],["Split",["l3","v16","v17","v18","v19","v20"],[1],["l21","l22","l23","l24","l25"]],["SamplePerfectTile",["l4"],[5,64],["v26","v27","v28","v29","v30"]],["Split",["l4","v26","v27","v28","v29","v30"],[1],["l31","l32","l33","l34","l35"]],["SamplePerfectTile",["l5"],[3,64],["v36","v37","v38"]],["Split",["l5","v36","v37","v38"],[1],["l39","l40","l41"]],["Reorder",["l11","l21","l31","l12","l22","l32","l13","l23","l33","l39","l40","l14","l24","l34","l41","l15","l25","l35"],[],[]],["Fuse",["l11","l21","l31"],[1],["l42"]],["Bind",["l42"],["blockIdx.x"],[]],["Fuse",["l12","l22","l32"],[1],["l43"]],["Bind",["l43"],["vthread.x"],[]],["Fuse",["l13","l23","l33"],[1],["l44"]],["Bind",["l44"],["threadIdx.x"],[]],["Annotate",["b0",32],["meta_schedule.thread_extent_low_inclusive"],[]],["Annotate",["b0",1024],["meta_schedule.thread_extent_high_inclusive"],[]],["CacheWrite",["b0",[]],[0,"local"],["b45"]],["ReverseComputeAt",["b45","l44"],[1,-1],[]],["CacheRead",["b0",["b0"]],[0,"shared"],["b46"]],["ComputeAt",["b46","l39"],[1,-1],[]],["GetLoops",["b46"],[],["l47","l48","l49","l50","l51","l52","l53"]],["Fuse",["l51","l52","l53"],[1],["l54"]],["SampleCategorical",[],[[1,2,3,4],[0.25,0.25,0.25,0.25]],["v55"]],["Annotate",["b46","v55"],["meta_schedule.cooperative_fetch"],[]],["CacheRead",["b0",["b0"]],[1,"shared"],["b56"]],["ComputeAt",["b56","l39"],[1,-1],[]],["GetLoops",["b56"],[],["l57","l58","l59","l60","l61","l62","l63"]],["Fuse",["l61","l62","l63"],[1],["l64"]],["SampleCategorical",[],[[1,2,3,4],[0.25,0.25,0.25,0.25]],["v65"]],["Annotate",["b56","v65"],["meta_schedule.cooperative_fetch"],[]],["SampleCategorical",[],[[0,16,64,512,1024],[0.2000000000000000111,0.2000000000000000111,0.2000000000000000111,0.2000000000000000111,0.2000000000000000111]],["v66"]],["Annotate",["b1","v66"],["meta_schedule.unroll_explicit"],[]],["EnterPostproc",[],[],[]],["Unannotate",["b46"],["meta_schedule.cooperative_fetch"],[]],["GetLoops",["b46"],[],["l67","l68","l69","l70","l71"]],["Split",["l71","None",32,4],[1],["l72","l73","l74"]],["Vectorize",["l74"],[],[]],["Bind",["l73"],["threadIdx.x"],[]],["Unannotate",["b56"],["meta_schedule.cooperative_fetch"],[]],["GetLoops",["b56"],[],["l75","l76","l77","l78","l79"]],["Split",["l79","None",32],[1],["l80","l81"]],["Bind",["l81"],["threadIdx.x"],[]],["GetBlock",[],["root","main"],["b82"]],["Unannotate",["b82"],["meta_schedule.unroll_explicit"],[]],["GetChildBlocks",["b82"],[],["b83","b84","b85","b86"]],["GetLoops",["b83"],[],["l87","l88","l89","l90","l91","l92","l93"]],["GetLoops",["b84"],[],["l94","l95","l96","l97","l98","l99"]],["GetLoops",["b85"],[],["l100","l101","l102","l103","l104","l105","l106","l107","l108","l109","l110","l111"]],["GetLoops",["b86"],[],["l112","l113","l114","l115","l116","l117"]],["GetBlock",[],["T_batch_matmul_NN","main"],["b118"]],["GetLoops",["b118"],[],["l119","l120","l121","l122","l123","l124","l125","l126","l127","l128","l129","l130"]],["DecomposeReduction",["b118","l122"],[],["b131"]]],[[4,[2,1,1,1,1]],[6,[8,2,2,8,1]],[8,[32,1,16,2,1]],[10,[128,8,1]],[27,3],[33,2],[35,0]]],[0],{"arch":"sm_70","keys":["cuda","gpu"],"kind":"cuda","max_num_threads":1024,"max_shared_memory_per_block":49152,"max_threads_per_block":1024,"registers_per_block":65536,"tag":"","thread_warp_size":32},[["TENSOR","float32",[2,256,1024]],["TENSOR","float32",[2,1024,1024]],["TENSOR","float32",[2,256,1024]]]]]
[0,[[[["GetBlock",[],["T_batch_matmul_NN","main"],["b0"]],["GetBlock",[],["root","main"],["b1"]],["Annotate",["b0","\"SSSRRSRS\""],["meta_schedule.tiling_structure"],[]],["GetLoops",["b0"],[],["l2","l3","l4","l5"]],["SamplePerfectTile",["l2"],[5,64],["v6","v7","v8","v9","v10"]],["Split",["l2","v6","v7","v8","v9","v10"],[1],["l11","l12","l13","l14","l15"]],["SamplePerfectTile",["l3"],[5,64],["v16","v17","v18","v19","v20"]],["Split",["l3","v16","v17","v18","v19","v20"],[1],["l21","l22","l23","l24","l25"]],["SamplePerfectTile",["l4"],[5,64],["v26","v27","v28","v29","v30"]],["Split",["l4","v26","v27","v28","v29","v30"],[1],["l31","l32","l33","l34","l35"]],["SamplePerfectTile",["l5"],[3,64],["v36","v37","v38"]],["Split",["l5","v36","v37","v38"],[1],["l39","l40","l41"]],["Reorder",["l11","l21","l31","l12","l22","l32","l13","l23","l33","l39","l40","l14","l24","l34","l41","l15","l25","l35"],[],[]],["Fuse",["l11","l21","l31"],[1],["l42"]],["Bind",["l42"],["blockIdx.x"],[]],["Fuse",["l12","l22","l32"],[1],["l43"]],["Bind",["l43"],["vthread.x"],[]],["Fuse",["l13","l23","l33"],[1],["l44"]],["Bind",["l44"],["threadIdx.x"],[]],["Annotate",["b0",32],["meta_schedule.thread_extent_low_inclusive"],[]],["Annotate",["b0",1024],["meta_schedule.thread_extent_high_inclusive"],[]],["CacheWrite",["b0",[]],[0,"local"],["b45"]],["ReverseComputeAt",["b45","l44"],[1,-1],[]],["CacheRead",["b0",["b0"]],[0,"shared"],["b46"]],["ComputeAt",["b46","l39"],[1,-1],[]],["GetLoops",["b46"],[],["l47","l48","l49","l50","l51","l52","l53"]],["Fuse",["l51","l52","l53"],[1],["l54"]],["SampleCategorical",[],[[1,2,3,4],[0.25,0.25,0.25,0.25]],["v55"]],["Annotate",["b46","v55"],["meta_schedule.cooperative_fetch"],[]],["CacheRead",["b0",["b0"]],[1,"shared"],["b56"]],["ComputeAt",["b56","l39"],[1,-1],[]],["GetLoops",["b56"],[],["l57","l58","l59","l60","l61","l62","l63"]],["Fuse",["l61","l62","l63"],[1],["l64"]],["SampleCategorical",[],[[1,2,3,4],[0.25,0.25,0.25,0.25]],["v65"]],["Annotate",["b56","v65"],["meta_schedule.cooperative_fetch"],[]],["SampleCategorical",[],[[0,16,64,512,1024],[0.2000000000000000111,0.2000000000000000111,0.2000000000000000111,0.2000000000000000111,0.2000000000000000111]],["v66"]],["Annotate",["b1","v66"],["meta_schedule.unroll_explicit"],[]],["EnterPostproc",[],[],[]],["Unannotate",["b46"],["meta_schedule.cooperative_fetch"],[]],["GetLoops",["b46"],[],["l67","l68","l69","l70","l71"]],["Split",["l71","None",32,2],[1],["l72","l73","l74"]],["Vectorize",["l74"],[],[]],["Bind",["l73"],["threadIdx.x"],[]],["Unannotate",["b56"],["meta_schedule.cooperative_fetch"],[]],["GetLoops",["b56"],[],["l75","l76","l77","l78","l79"]],["Split",["l79","None",32,2],[1],["l80","l81","l82"]],["Vectorize",["l82"],[],[]],["Bind",["l81"],["threadIdx.x"],[]],["GetBlock",[],["root","main"],["b83"]],["Unannotate",["b83"],["meta_schedule.unroll_explicit"],[]],["GetChildBlocks",["b83"],[],["b84","b85","b86","b87"]],["GetLoops",["b84"],[],["l88","l89","l90","l91","l92","l93","l94"]],["Annotate",["l88",16],["pragma_auto_unroll_max_step"],[]],["Annotate",["l88",1],["pragma_unroll_explicit"],[]],["GetLoops",["b85"],[],["l95","l96","l97","l98","l99","l100","l101"]],["Annotate",["l95",16],["pragma_auto_unroll_max_step"],[]],["Annotate",["l95",1],["pragma_unroll_explicit"],[]],["GetLoops",["b86"],[],["l102","l103","l104","l105","l106","l107","l108","l109","l110","l111","l112","l113"]],["Annotate",["l102",16],["pragma_auto_unroll_max_step"],[]],["Annotate",["l102",1],["pragma_unroll_explicit"],[]],["GetLoops",["b87"],[],["l114","l115","l116","l117","l118","l119"]],["Annotate",["l114",16],["pragma_auto_unroll_max_step"],[]],["Annotate",["l114",1],["pragma_unroll_explicit"],[]],["GetBlock",[],["T_batch_matmul_NN","main"],["b120"]],["GetLoops",["b120"],[],["l121","l122","l123","l124","l125","l126","l127","l128","l129","l130","l131","l132"]],["DecomposeReduction",["b120","l124"],[],["b133"]]],[[4,[1,1,2,1,1]],[6,[2,2,8,8,1]],[8,[1,32,2,8,2]],[10,[512,1,2]],[27,1],[33,1],[35,1]]],[0],{"arch":"sm_70","keys":["cuda","gpu"],"kind":"cuda","max_num_threads":1024,"max_shared_memory_per_block":49152,"max_threads_per_block":1024,"registers_per_block":65536,"tag":"","thread_warp_size":32},[["TENSOR","float32",[2,256,1024]],["TENSOR","float32",[2,1024,1024]],["TENSOR","float32",[2,256,1024]]]]]
[0,[[[["GetBlock",[],["T_batch_matmul_NN","main"],["b0"]],["GetBlock",[],["root","main"],["b1"]],["Annotate",["b0","\"SSSRRSRS\""],["meta_schedule.tiling_structure"],[]],["GetLoops",["b0"],[],["l2","l3","l4","l5"]],["SamplePerfectTile",["l2"],[5,64],["v6","v7","v8","v9","v10"]],["Split",["l2","v6","v7","v8","v9","v10"],[1],["l11","l12","l13","l14","l15"]],["SamplePerfectTile",["l3"],[5,64],["v16","v17","v18","v19","v20"]],["Split",["l3","v16","v17","v18","v19","v20"],[1],["l21","l22","l23","l24","l25"]],["SamplePerfectTile",["l4"],[5,64],["v26","v27","v28","v29","v30"]],["Split",["l4","v26","v27","v28","v29","v30"],[1],["l31","l32","l33","l34","l35"]],["SamplePerfectTile",["l5"],[3,64],["v36","v37","v38"]],["Split",["l5","v36","v37","v38"],[1],["l39","l40","l41"]],["Reorder",["l11","l21","l31","l12","l22","l32","l13","l23","l33","l39","l40","l14","l24","l34","l41","l15","l25","l35"],[],[]],["Fuse",["l11","l21","l31"],[1],["l42"]],["Bind",["l42"],["blockIdx.x"],[]],["Fuse",["l12","l22","l32"],[1],["l43"]],["Bind",["l43"],["vthread.x"],[]],["Fuse",["l13","l23","l33"],[1],["l44"]],["Bind",["l44"],["threadIdx.x"],[]],["Annotate",["b0",32],["meta_schedule.thread_extent_low_inclusive"],[]],["Annotate",["b0",1024],["meta_schedule.thread_extent_high_inclusive"],[]],["CacheWrite",["b0",[]],[0,"local"],["b45"]],["ReverseComputeAt",["b45","l44"],[1,-1],[]],["CacheRead",["b0",["b0"]],[0,"shared"],["b46"]],["ComputeAt",["b46","l39"],[1,-1],[]],["GetLoops",["b46"],[],["l47","l48","l49","l50","l51","l52","l53"]],["Fuse",["l51","l52","l53"],[1],["l54"]],["SampleCategorical",[],[[1,2,3,4],[0.25,0.25,0.25,0.25]],["v55"]],["Annotate",["b46","v55"],["meta_schedule.cooperative_fetch"],[]],["CacheRead",["b0",["b0"]],[1,"shared"],["b56"]],["ComputeAt",["b56","l39"],[1,-1],[]],["GetLoops",["b56"],[],["l57","l58","l59","l60","l61","l62","l63"]],["Fuse",["l61","l62","l63"],[1],["l64"]],["SampleCategorical",[],[[1,2,3,4],[0.25,0.25,0.25,0.25]],["v65"]],["Annotate",["b56","v65"],["meta_schedule.cooperative_fetch"],[]],["SampleCategorical",[],[[0,16,64,512,1024],[0.2000000000000000111,0.2000000000000000111,0.2000000000000000111,0.2000000000000000111,0.2000000000000000111]],["v66"]],["Annotate",["b1","v66"],["meta_schedule.unroll_explicit"],[]],["EnterPostproc",[],[],[]],["Unannotate",["b46"],["meta_schedule.cooperative_fetch"],[]],["GetLoops",["b46"],[],["l67","l68","l69","l70","l71"]],["Split",["l71","None",64,4],[1],["l72","l73","l74"]],["Vectorize",["l74"],[],[]],["Bind",["l73"],["threadIdx.x"],[]],["Unannotate",["b56"],["meta_schedule.cooperative_fetch"],[]],["GetLoops",["b56"],[],["l75","l76","l77","l78","l79"]],["Split",["l79","None",64,4],[1],["l80","l81","l82"]],["Vectorize",["l82"],[],[]],["Bind",["l81"],["threadIdx.x"],[]],["GetBlock",[],["root","main"],["b83"]],["Unannotate",["b83"],["meta_schedule.unroll_explicit"],[]],["GetChildBlocks",["b83"],[],["b84","b85","b86","b87"]],["GetLoops",["b84"],[],["l88","l89","l90","l91","l92","l93","l94"]],["Annotate",["l88",1024],["pragma_auto_unroll_max_step"],[]],["Annotate",["l88",1],["pragma_unroll_explicit"],[]],["GetLoops",["b85"],[],["l95","l96","l97","l98","l99","l100","l101"]],["Annotate",["l95",1024],["pragma_auto_unroll_max_step"],[]],["Annotate",["l95",1],["pragma_unroll_explicit"],[]],["GetLoops",["b86"],[],["l102","l103","l104","l105","l106","l107","l108","l109","l110","l111","l112","l113"]],["Annotate",["l102",1024],["pragma_auto_unroll_max_step"],[]],["Annotate",["l102",1],["pragma_unroll_explicit"],[]],["GetLoops",["b87"],[],["l114","l115","l116","l117","l118","l119"]],["Annotate",["l114",1024],["pragma_auto_unroll_max_step"],[]],["Annotate",["l114",1],["pragma_unroll_explicit"],[]],["GetBlock",[],["T_batch_matmul_NN","main"],["b120"]],["GetLoops",["b120"],[],["l121","l122","l123","l124","l125","l126","l127","l128","l129","l130","l131","l132"]],["DecomposeReduction",["b120","l124"],[],["b133"]]],[[4,[1,1,1,2,1]],[6,[2,2,2,1,32]],[8,[2,8,32,1,2]],[10,[128,4,2]],[27,3],[33,3],[35,4]]],[0],{"arch":"sm_70","keys":["cuda","gpu"],"kind":"cuda","max_num_threads":1024,"max_shared_memory_per_block":49152,"max_threads_per_block":1024,"registers_per_block":65536,"tag":"","thread_warp_size":32},[["TENSOR","float32",[2,256,1024]],["TENSOR","float32",[2,1024,1024]],["TENSOR","float32",[2,256,1024]]]]]
[0,[[[["GetBlock",[],["T_batch_matmul_NN","main"],["b0"]],["GetBlock",[],["root","main"],["b1"]],["Annotate",["b0","\"SSSRRSRS\""],["meta_schedule.tiling_structure"],[]],["GetLoops",["b0"],[],["l2","l3","l4","l5"]],["SamplePerfectTile",["l2"],[5,64],["v6","v7","v8","v9","v10"]],["Split",["l2","v6","v7","v8","v9","v10"],[1],["l11","l12","l13","l14","l15"]],["SamplePerfectTile",["l3"],[5,64],["v16","v17","v18","v19","v20"]],["Split",["l3","v16","v17","v18","v19","v20"],[1],["l21","l22","l23","l24","l25"]],["SamplePerfectTile",["l4"],[5,64],["v26","v27","v28","v29","v30"]],["Split",["l4","v26","v27","v28","v29","v30"],[1],["l31","l32","l33","l34","l35"]],["SamplePerfectTile",["l5"],[3,64],["v36","v37","v38"]],["Split",["l5","v36","v37","v38"],[1],["l39","l40","l41"]],["Reorder",["l11","l21","l31","l12","l22","l32","l13","l23","l33","l39","l40","l14","l24","l34","l41","l15","l25","l35"],[],[]],["Fuse",["l11","l21","l31"],[1],["l42"]],["Bind",["l42"],["blockIdx.x"],[]],["Fuse",["l12","l22","l32"],[1],["l43"]],["Bind",["l43"],["vthread.x"],[]],["Fuse",["l13","l23","l33"],[1],["l44"]],["Bind",["l44"],["threadIdx.x"],[]],["Annotate",["b0",32],["meta_schedule.thread_extent_low_inclusive"],[]],["Annotate",["b0",1024],["meta_schedule.thread_extent_high_inclusive"],[]],["CacheWrite",["b0",[]],[0,"local"],["b45"]],["ReverseComputeAt",["b45","l44"],[1,-1],[]],["CacheRead",["b0",["b0"]],[0,"shared"],["b46"]],["ComputeAt",["b46","l39"],[1,-1],[]],["GetLoops",["b46"],[],["l47","l48","l49","l50","l51","l52","l53"]],["Fuse",["l51","l52","l53"],[1],["l54"]],["SampleCategorical",[],[[1,2,3,4],[0.25,0.25,0.25,0.25]],["v55"]],["Annotate",["b46","v55"],["meta_schedule.cooperative_fetch"],[]],["CacheRead",["b0",["b0"]],[1,"shared"],["b56"]],["ComputeAt",["b56","l39"],[1,-1],[]],["GetLoops",["b56"],[],["l57","l58","l59","l60","l61","l62","l63"]],["Fuse",["l61","l62","l63"],[1],["l64"]],["SampleCategorical",[],[[1,2,3,4],[0.25,0.25,0.25,0.25]],["v65"]],["Annotate",["b56","v65"],["meta_schedule.cooperative_fetch"],[]],["SampleCategorical",[],[[0,16,64,512,1024],[0.2000000000000000111,0.2000000000000000111,0.2000000000000000111,0.2000000000000000111,0.2000000000000000111]],["v66"]],["Annotate",["b1","v66"],["meta_schedule.unroll_explicit"],[]],["EnterPostproc",[],[],[]],["Unannotate",["b46"],["meta_schedule.cooperative_fetch"],[]],["GetLoops",["b46"],[],["l67","l68","l69","l70","l71"]],["Split",["l71","None",128,4],[1],["l72","l73","l74"]],["Vectorize",["l74"],[],[]],["Bind",["l73"],["threadIdx.x"],[]],["Unannotate",["b56"],["meta_schedule.cooperative_fetch"],[]],["GetLoops",["b56"],[],["l75","l76","l77","l78","l79"]],["Split",["l79","None",128,4],[1],["l80","l81","l82"]],["Vectorize",["l82"],[],[]],["Bind",["l81"],["threadIdx.x"],[]],["GetBlock",[],["root","main"],["b83"]],["Unannotate",["b83"],["meta_schedule.unroll_explicit"],[]],["GetChildBlocks",["b83"],[],["b84","b85","b86","b87"]],["GetLoops",["b84"],[],["l88","l89","l90","l91","l92","l93","l94"]],["Annotate",["l88",64],["pragma_auto_unroll_max_step"],[]],["Annotate",["l88",1],["pragma_unroll_explicit"],[]],["GetLoops",["b85"],[],["l95","l96","l97","l98","l99","l100","l101"]],["Annotate",["l95",64],["pragma_auto_unroll_max_step"],[]],["Annotate",["l95",1],["pragma_unroll_explicit"],[]],["GetLoops",["b86"],[],["l102","l103","l104","l105","l106","l107","l108","l109","l110","l111","l112","l113"]],["Annotate",["l102",64],["pragma_auto_unroll_max_step"],[]],["Annotate",["l102",1],["pragma_unroll_explicit"],[]],["GetLoops",["b87"],[],["l114","l115","l116","l117","l118","l119"]],["Annotate",["l114",64],["pragma_auto_unroll_max_step"],[]],["Annotate",["l114",1],["pragma_unroll_explicit"],[]],["GetBlock",[],["T_batch_matmul_NN","main"],["b120"]],["GetLoops",["b120"],[],["l121","l122","l123","l124","l125","l126","l127","l128","l129","l130","l131","l132"]],["DecomposeReduction",["b120","l124"],[],["b133"]]],[[4,[1,1,1,1,2]],[6,[4,8,8,1,1]],[8,[2,1,16,4,8]],[10,[256,4,1]],[27,3],[33,3],[35,2]]],[0],{"arch":"sm_70","keys":["cuda","gpu"],"kind":"cuda","max_num_threads":1024,"max_shared_memory_per_block":49152,"max_threads_per_block":1024,"registers_per_block":65536,"tag":"","thread_warp_size":32},[["TENSOR","float32",[2,256,1024]],["TENSOR","float32",[2,1024,1024]],["TENSOR","float32",[2,256,1024]]]]]
[0,[[[["GetBlock",[],["T_batch_matmul_NN","main"],["b0"]],["GetBlock",[],["root","main"],["b1"]],["Annotate",["b0","\"SSSRRSRS\""],["meta_schedule.tiling_structure"],[]],["GetLoops",["b0"],[],["l2","l3","l4","l5"]],["SamplePerfectTile",["l2"],[5,64],["v6","v7","v8","v9","v10"]],["Split",["l2","v6","v7","v8","v9","v10"],[1],["l11","l12","l13","l14","l15"]],["SamplePerfectTile",["l3"],[5,64],["v16","v17","v18","v19","v20"]],["Split",["l3","v16","v17","v18","v19","v20"],[1],["l21","l22","l23","l24","l25"]],["SamplePerfectTile",["l4"],[5,64],["v26","v27","v28","v29","v30"]],["Split",["l4","v26","v27","v28","v29","v30"],[1],["l31","l32","l33","l34","l35"]],["SamplePerfectTile",["l5"],[3,64],["v36","v37","v38"]],["Split",["l5","v36","v37","v38"],[1],["l39","l40","l41"]],["Reorder",["l11","l21","l31","l12","l22","l32","l13","l23","l33","l39","l40","l14","l24","l34","l41","l15","l25","l35"],[],[]],["Fuse",["l11","l21","l31"],[1],["l42"]],["Bind",["l42"],["blockIdx.x"],[]],["Fuse",["l12","l22","l32"],[1],["l43"]],["Bind",["l43"],["vthread.x"],[]],["Fuse",["l13","l23","l33"],[1],["l44"]],["Bind",["l44"],["threadIdx.x"],[]],["Annotate",["b0",32],["meta_schedule.thread_extent_low_inclusive"],[]],["Annotate",["b0",1024],["meta_schedule.thread_extent_high_inclusive"],[]],["CacheWrite",["b0",[]],[0,"local"],["b45"]],["ReverseComputeAt",["b45","l44"],[1,-1],[]],["CacheRead",["b0",["b0"]],[0,"shared"],["b46"]],["ComputeAt",["b46","l39"],[1,-1],[]],["GetLoops",["b46"],[],["l47","l48","l49","l50","l51","l52","l53"]],["Fuse",["l51","l52","l53"],[1],["l54"]],["SampleCategorical",[],[[1,2,3,4],[0.25,0.25,0.25,0.25]],["v55"]],["Annotate",["b46","v55"],["meta_schedule.cooperative_fetch"],[]],["CacheRead",["b0",["b0"]],[1,"shared"],["b56"]],["ComputeAt",["b56","l39"],[1,-1],[]],["GetLoops",["b56"],[],["l57","l58","l59","l60","l61","l62","l63"]],["Fuse",["l61","l62","l63"],[1],["l64"]],["SampleCategorical",[],[[1,2,3,4],[0.25,0.25,0.25,0.25]],["v65"]],["Annotate",["b56","v65"],["meta_schedule.cooperative_fetch"],[]],["SampleCategorical",[],[[0,16,64,512,1024],[0.2000000000000000111,0.2000000000000000111,0.2000000000000000111,0.2000000000000000111,0.2000000000000000111]],["v66"]],["Annotate",["b1","v66"],["meta_schedule.unroll_explicit"],[]],["EnterPostproc",[],[],[]],["Unannotate",["b46"],["meta_schedule.cooperative_fetch"],[]],["GetLoops",["b46"],[],["l67","l68","l69","l70","l71"]],["Split",["l71","None",256,4],[1],["l72","l73","l74"]],["Vectorize",["l74"],[],[]],["Bind",["l73"],["threadIdx.x"],[]],["Unannotate",["b56"],["meta_schedule.cooperative_fetch"],[]],["GetLoops",["b56"],[],["l75","l76","l77","l78","l79"]],["Split",["l79","None",256,2],[1],["l80","l81","l82"]],["Vectorize",["l82"],[],[]],["Bind",["l81"],["threadIdx.x"],[]],["GetBlock",[],["root","main"],["b83"]],["Unannotate",["b83"],["meta_schedule.unroll_explicit"],[]],["GetChildBlocks",["b83"],[],["b84","b85","b86","b87"]],["GetLoops",["b84"],[],["l88","l89","l90","l91","l92","l93","l94"]],["Annotate",["l88",1024],["pragma_auto_unroll_max_step"],[]],["Annotate",["l88",1],["pragma_unroll_explicit"],[]],["GetLoops",["b85"],[],["l95","l96","l97","l98","l99","l100","l101"]],["Annotate",["l95",1024],["pragma_auto_unroll_max_step"],[]],["Annotate",["l95",1],["pragma_unroll_explicit"],[]],["GetLoops",["b86"],[],["l102","l103","l104","l105","l106","l107","l108","l109","l110","l111","l112","l113"]],["Annotate",["l102",1024],["pragma_auto_unroll_max_step"],[]],["Annotate",["l102",1],["pragma_unroll_explicit"],[]],["GetLoops",["b87"],[],["l114","l115","l116","l117","l118","l119"]],["Annotate",["l114",1024],["pragma_auto_unroll_max_step"],[]],["Annotate",["l114",1],["pragma_unroll_explicit"],[]],["GetBlock",[],["T_batch_matmul_NN","main"],["b120"]],["GetLoops",["b120"],[],["l121","l122","l123","l124","l125","l126","l127","l128","l129","l130","l131","l132"]],["DecomposeReduction",["b120","l124"],[],["b133"]]],[[4,[1,1,2,1,1]],[6,[4,2,2,4,4]],[8,[2,4,64,2,1]],[10,[128,2,4]],[27,3],[33,1],[35,4]]],[0],{"arch":"sm_70","keys":["cuda","gpu"],"kind":"cuda","max_num_threads":1024,"max_shared_memory_per_block":49152,"max_threads_per_block":1024,"registers_per_block":65536,"tag":"","thread_warp_size":32},[["TENSOR","float32",[2,256,1024]],["TENSOR","float32",[2,1024,1024]],["TENSOR","float32",[2,256,1024]]]]]
[0,[[[["GetBlock",[],["T_batch_matmul_NN","main"],["b0"]],["GetBlock",[],["root","main"],["b1"]],["Annotate",["b0","\"SSSRRSRS\""],["meta_schedule.tiling_structure"],[]],["GetLoops",["b0"],[],["l2","l3","l4","l5"]],["SamplePerfectTile",["l2"],[5,64],["v6","v7","v8","v9","v10"]],["Split",["l2","v6","v7","v8","v9","v10"],[1],["l11","l12","l13","l14","l15"]],["SamplePerfectTile",["l3"],[5,64],["v16","v17","v18","v19","v20"]],["Split",["l3","v16","v17","v18","v19","v20"],[1],["l21","l22","l23","l24","l25"]],["SamplePerfectTile",["l4"],[5,64],["v26","v27","v28","v29","v30"]],["Split",["l4","v26","v27","v28","v29","v30"],[1],["l31","l32","l33","l34","l35"]],["SamplePerfectTile",["l5"],[3,64],["v36","v37","v38"]],["Split",["l5","v36","v37","v38"],[1],["l39","l40","l41"]],["Reorder",["l11","l21","l31","l12","l22","l32","l13","l23","l33","l39","l40","l14","l24","l34","l41","l15","l25","l35"],[],[]],["Fuse",["l11","l21","l31"],[1],["l42"]],["Bind",["l42"],["blockIdx.x"],[]],["Fuse",["l12","l22","l32"],[1],["l43"]],["Bind",["l43"],["vthread.x"],[]],["Fuse",["l13","l23","l33"],[1],["l44"]],["Bind",["l44"],["threadIdx.x"],[]],["Annotate",["b0",32],["meta_schedule.thread_extent_low_inclusive"],[]],["Annotate",["b0",1024],["meta_schedule.thread_extent_high_inclusive"],[]],["CacheWrite",["b0",[]],[0,"local"],["b45"]],["ReverseComputeAt",["b45","l44"],[1,-1],[]],["CacheRead",["b0",["b0"]],[0,"shared"],["b46"]],["ComputeAt",["b46","l39"],[1,-1],[]],["GetLoops",["b46"],[],["l47","l48","l49","l50","l51","l52","l53"]],["Fuse",["l51","l52","l53"],[1],["l54"]],["SampleCategorical",[],[[1,2,3,4],[0.25,0.25,0.25,0.25]],["v55"]],["Annotate",["b46","v55"],["meta_schedule.cooperative_fetch"],[]],["CacheRead",["b0",["b0"]],[1,"shared"],["b56"]],["ComputeAt",["b56","l39"],[1,-1],[]],["GetLoops",["b56"],[],["l57","l58","l59","l60","l61","l62","l63"]],["Fuse",["l61","l62","l63"],[1],["l64"]],["SampleCategorical",[],[[1,2,3,4],[0.25,0.25,0.25,0.25]],["v65"]],["Annotate",["b56","v65"],["meta_schedule.cooperative_fetch"],[]],["SampleCategorical",[],[[0,16,64,512,1024],[0.2000000000000000111,0.2000000000000000111,0.2000000000000000111,0.2000000000000000111,0.2000000000000000111]],["v66"]],["Annotate",["b1","v66"],["meta_schedule.unroll_explicit"],[]],["EnterPostproc",[],[],[]],["Unannotate",["b46"],["meta_schedule.cooperative_fetch"],[]],["GetLoops",["b46"],[],["l67","l68","l69","l70","l71"]],["Split",["l71","None",32,4],[1],["l72","l73","l74"]],["Vectorize",["l74"],[],[]],["Bind",["l73"],["threadIdx.x"],[]],["Unannotate",["b56"],["meta_schedule.cooperative_fetch"],[]],["GetLoops",["b56"],[],["l75","l76","l77","l78","l79"]],["Split",["l79","None",32,4],[1],["l80","l81","l82"]],["Vectorize",["l82"],[],[]],["Bind",["l81"],["threadIdx.x"],[]],["GetBlock",[],["root","main"],["b83"]],["Unannotate",["b83"],["meta_schedule.unroll_explicit"],[]],["GetChildBlocks",["b83"],[],["b84","b85","b86","b87"]],["GetLoops",["b84"],[],["l88","l89","l90","l91","l92","l93","l94"]],["Annotate",["l88",64],["pragma_auto_unroll_max_step"],[]],["Annotate",["l88",1],["pragma_unroll_explicit"],[]],["GetLoops",["b85"],[],["l95","l96","l97","l98","l99","l100","l101"]],["Annotate",["l95",64],["pragma_auto_unroll_max_step"],[]],["Annotate",["l95",1],["pragma_unroll_explicit"],[]],["GetLoops",["b86"],[],["l102","l103","l104","l105","l106","l107","l108","l109","l110","l111","l112","l113"]],["Annotate",["l102",64],["pragma_auto_unroll_max_step"],[]],["Annotate",["l102",1],["pragma_unroll_explicit"],[]],["GetLoops",["b87"],[],["l114","l115","l116","l117","l118","l119"]],["Annotate",["l114",64],["pragma_auto_unroll_max_step"],[]],["Annotate",["l114",1],["pragma_unroll_explicit"],[]],["GetBlock",[],["T_batch_matmul_NN","main"],["b120"]],["GetLoops",["b120"],[],["l121","l122","l123","l124","l125","l126","l127","l128","l129","l130","l131","l132"]],["DecomposeReduction",["b120","l124"],[],["b133"]]],[[4,[2,1,1,1,1]],[6,[1,2,32,4,1]],[8,[16,1,1,32,2]],[10,[32,2,16]],[27,3],[33,3],[35,2]]],[0],{"arch":"sm_70","keys":["cuda","gpu"],"kind":"cuda","max_num_threads":1024,"max_shared_memory_per_block":49152,"max_threads_per_block":1024,"registers_per_block":65536,"tag":"","thread_warp_size":32},[["TENSOR","float32",[2,256,1024]],["TENSOR","float32",[2,1024,1024]],["TENSOR","float32",[2,256,1024]]]]]
[0,[[[["GetBlock",[],["T_batch_matmul_NN","main"],["b0"]],["GetBlock",[],["root","main"],["b1"]],["Annotate",["b0","\"SSSRRSRS\""],["meta_schedule.tiling_structure"],[]],["GetLoops",["b0"],[],["l2","l3","l4","l5"]],["SamplePerfectTile",["l2"],[5,64],["v6","v7","v8","v9","v10"]],["Split",["l2","v6","v7","v8","v9","v10"],[1],["l11","l12","l13","l14","l15"]],["SamplePerfectTile",["l3"],[5,64],["v16","v17","v18","v19","v20"]],["Split",["l3","v16","v17","v18","v19","v20"],[1],["l21","l22","l23","l24","l25"]],["SamplePerfectTile",["l4"],[5,64],["v26","v27","v28","v29","v30"]],["Split",["l4","v26","v27","v28","v29","v30"],[1],["l31","l32","l33","l34","l35"]],["SamplePerfectTile",["l5"],[3,64],["v36","v37","v38"]],["Split",["l5","v36","v37","v38"],[1],["l39","l40","l41"]],["Reorder",["l11","l21","l31","l12","l22","l32","l13","l23","l33","l39","l40","l14","l24","l34","l41","l15","l25","l35"],[],[]],["Fuse",["l11","l21","l31"],[1],["l42"]],["Bind",["l42"],["blockIdx.x"],[]],["Fuse",["l12","l22","l32"],[1],["l43"]],["Bind",["l43"],["vthread.x"],[]],["Fuse",["l13","l23","l33"],[1],["l44"]],["Bind",["l44"],["threadIdx.x"],[]],["Annotate",["b0",32],["meta_schedule.thread_extent_low_inclusive"],[]],["Annotate",["b0",1024],["meta_schedule.thread_extent_high_inclusive"],[]],["CacheWrite",["b0",[]],[0,"local"],["b45"]],["ReverseComputeAt",["b45","l44"],[1,-1],[]],["CacheRead",["b0",["b0"]],[0,"shared"],["b46"]],["ComputeAt",["b46","l39"],[1,-1],[]],["GetLoops",["b46"],[],["l47","l48","l49","l50","l51","l52","l53"]],["Fuse",["l51","l52","l53"],[1],["l54"]],["SampleCategorical",[],[[1,2,3,4],[0.25,0.25,0.25,0.25]],["v55"]],["Annotate",["b46","v55"],["meta_schedule.cooperative_fetch"],[]],["CacheRead",["b0",["b0"]],[1,"shared"],["b56"]],["ComputeAt",["b56","l39"],[1,-1],[]],["GetLoops",["b56"],[],["l57","l58","l59","l60","l61","l62","l63"]],["Fuse",["l61","l62","l63"],[1],["l64"]],["SampleCategorical",[],[[1,2,3,4],[0.25,0.25,0.25,0.25]],["v65"]],["Annotate",["b56","v65"],["meta_schedule.cooperative_fetch"],[]],["SampleCategorical",[],[[0,16,64,512,1024],[0.2000000000000000111,0.2000000000000000111,0.2000000000000000111,0.2000000000000000111,0.2000000000000000111]],["v66"]],["Annotate",["b1","v66"],["meta_schedule.unroll_explicit"],[]],["EnterPostproc",[],[],[]],["Unannotate",["b46"],["meta_schedule.cooperative_fetch"],[]],["GetLoops",["b46"],[],["l67","l68","l69","l70","l71"]],["Split",["l71","None",64],[1],["l72","l73"]],["Bind",["l73"],["threadIdx.x"],[]],["Unannotate",["b56"],["meta_schedule.cooperative_fetch"],[]],["GetLoops",["b56"],[],["l74","l75","l76","l77","l78"]],["Split",["l78","None",64,4],[1],["l79","l80","l81"]],["Vectorize",["l81"],[],[]],["Bind",["l80"],["threadIdx.x"],[]],["GetBlock",[],["root","main"],["b82"]],["Unannotate",["b82"],["meta_schedule.unroll_explicit"],[]],["GetChildBlocks",["b82"],[],["b83","b84","b85","b86"]],["GetLoops",["b83"],[],["l87","l88","l89","l90","l91","l92"]],["Annotate",["l87",1024],["pragma_auto_unroll_max_step"],[]],["Annotate",["l87",1],["pragma_unroll_explicit"],[]],["GetLoops",["b84"],[],["l93","l94","l95","l96","l97","l98","l99"]],["Annotate",["l93",1024],["pragma_auto_unroll_max_step"],[]],["Annotate",["l93",1],["pragma_unroll_explicit"],[]],["GetLoops",["b85"],[],["l100","l101","l102","l103","l104","l105","l106","l107","l108","l109","l110","l111"]],["Annotate",["l100",1024],["pragma_auto_unroll_max_step"],[]],["Annotate",["l100",1],["pragma_unroll_explicit"],[]],["GetLoops",["b86"],[],["l112","l113","l114","l115","l116","l117"]],["Annotate",["l112",1024],["pragma_auto_unroll_max_step"],[]],["Annotate",["l112",1],["pragma_unroll_explicit"],[]],["GetBlock",[],["T_batch_matmul_NN","main"],["b118"]],["GetLoops",["b118"],[],["l119","l120","l121","l122","l123","l124","l125","l126","l127","l128","l129","l130"]],["DecomposeReduction",["b118","l122"],[],["b131"]]],[[4,[2,1,1,1,1]],[6,[1,2,16,2,4]],[8,[8,2,4,1,16]],[10,[64,16,1]],[27,0],[33,3],[35,4]]],[0],{"arch":"sm_70","keys":["cuda","gpu"],"kind":"cuda","max_num_threads":1024,"max_shared_memory_per_block":49152,"max_threads_per_block":1024,"registers_per_block":65536,"tag":"","thread_warp_size":32},[["TENSOR","float32",[2,256,1024]],["TENSOR","float32",[2,1024,1024]],["TENSOR","float32",[2,256,1024]]]]]
[0,[[[["GetBlock",[],["T_batch_matmul_NN","main"],["b0"]],["GetBlock",[],["root","main"],["b1"]],["Annotate",["b0","\"SSSRRSRS\""],["meta_schedule.tiling_structure"],[]],["GetLoops",["b0"],[],["l2","l3","l4","l5"]],["SamplePerfectTile",["l2"],[5,64],["v6","v7","v8","v9","v10"]],["Split",["l2","v6","v7","v8","v9","v10"],[1],["l11","l12","l13","l14","l15"]],["SamplePerfectTile",["l3"],[5,64],["v16","v17","v18","v19","v20"]],["Split",["l3","v16","v17","v18","v19","v20"],[1],["l21","l22","l23","l24","l25"]],["SamplePerfectTile",["l4"],[5,64],["v26","v27","v28","v29","v30"]],["Split",["l4","v26","v27","v28","v29","v30"],[1],["l31","l32","l33","l34","l35"]],["SamplePerfectTile",["l5"],[3,64],["v36","v37","v38"]],["Split",["l5","v36","v37","v38"],[1],["l39","l40","l41"]],["Reorder",["l11","l21","l31","l12","l22","l32","l13","l23","l33","l39","l40","l14","l24","l34","l41","l15","l25","l35"],[],[]],["Fuse",["l11","l21","l31"],[1],["l42"]],["Bind",["l42"],["blockIdx.x"],[]],["Fuse",["l12","l22","l32"],[1],["l43"]],["Bind",["l43"],["vthread.x"],[]],["Fuse",["l13","l23","l33"],[1],["l44"]],["Bind",["l44"],["threadIdx.x"],[]],["Annotate",["b0",32],["meta_schedule.thread_extent_low_inclusive"],[]],["Annotate",["b0",1024],["meta_schedule.thread_extent_high_inclusive"],[]],["CacheWrite",["b0",[]],[0,"local"],["b45"]],["ReverseComputeAt",["b45","l44"],[1,-1],[]],["CacheRead",["b0",["b0"]],[0,"shared"],["b46"]],["ComputeAt",["b46","l39"],[1,-1],[]],["GetLoops",["b46"],[],["l47","l48","l49","l50","l51","l52","l53"]],["Fuse",["l51","l52","l53"],[1],["l54"]],["SampleCategorical",[],[[1,2,3,4],[0.25,0.25,0.25,0.25]],["v55"]],["Annotate",["b46","v55"],["meta_schedule.cooperative_fetch"],[]],["CacheRead",["b0",["b0"]],[1,"shared"],["b56"]],["ComputeAt",["b56","l39"],[1,-1],[]],["GetLoops",["b56"],[],["l57","l58","l59","l60","l61","l62","l63"]],["Fuse",["l61","l62","l63"],[1],["l64"]],["SampleCategorical",[],[[1,2,3,4],[0.25,0.25,0.25,0.25]],["v65"]],["Annotate",["b56","v65"],["meta_schedule.cooperative_fetch"],[]],["SampleCategorical",[],[[0,16,64,512,1024],[0.2000000000000000111,0.2000000000000000111,0.2000000000000000111,0.2000000000000000111,0.2000000000000000111]],["v66"]],["Annotate",["b1","v66"],["meta_schedule.unroll_explicit"],[]],["EnterPostproc",[],[],[]],["Unannotate",["b46"],["meta_schedule.cooperative_fetch"],[]],["GetLoops",["b46"],[],["l67","l68","l69","l70","l71"]],["Split",["l71","None",512],[1],["l72","l73"]],["Bind",["l73"],["threadIdx.x"],[]],["Unannotate",["b56"],["meta_schedule.cooperative_fetch"],[]],["GetLoops",["b56"],[],["l74","l75","l76","l77","l78"]],["Split",["l78","None",512],[1],["l79","l80"]],["Bind",["l80"],["threadIdx.x"],[]],["GetBlock",[],["root","main"],["b81"]],["Unannotate",["b81"],["meta_schedule.unroll_explicit"],[]],["GetChildBlocks",["b81"],[],["b82","b83","b84","b85"]],["GetLoops",["b82"],[],["l86","l87","l88","l89","l90","l91"]],["Annotate",["l86",512],["pragma_auto_unroll_max_step"],[]],["Annotate",["l86",1],["pragma_unroll_explicit"],[]],["GetLoops",["b83"],[],["l92","l93","l94","l95","l96","l97"]],["Annotate",["l92",512],["pragma_auto_unroll_max_step"],[]],["Annotate",["l92",1],["pragma_unroll_explicit"],[]],["GetLoops",["b84"],[],["l98","l99","l100","l101","l102","l103","l104","l105","l106","l107","l108","l109"]],["Annotate",["l98",512],["pragma_auto_unroll_max_step"],[]],["Annotate",["l98",1],["pragma_unroll_explicit"],[]],["GetLoops",["b85"],[],["l110","l111","l112","l113","l114","l115"]],["Annotate",["l110",512],["pragma_auto_unroll_max_step"],[]],["Annotate",["l110",1],["pragma_unroll_explicit"],[]],["GetBlock",[],["T_batch_matmul_NN","main"],["b116"]],["GetLoops",["b116"],[],["l117","l118","l119","l120","l121","l122","l123","l124","l125","l126","l127","l128"]],["DecomposeReduction",["b116","l120"],[],["b129"]]],[[4,[1,1,2,1,1]],[6,[1,4,4,4,4]],[8,[4,2,64,1,2]],[10,[128,1,8]],[27,2],[33,2],[35,3]]],[0],{"arch":"sm_70","keys":["cuda","gpu"],"kind":"cuda","max_num_threads":1024,"max_shared_memory_per_block":49152,"max_threads_per_block":1024,"registers_per_block":65536,"tag":"","thread_warp_size":32},[["TENSOR","float32",[2,256,1024]],["TENSOR","float32",[2,1024,1024]],["TENSOR","float32",[2,256,1024]]]]]
[0,[[[["GetBlock",[],["T_batch_matmul_NN","main"],["b0"]],["GetBlock",[],["root","main"],["b1"]],["Annotate",["b0","\"SSSRRSRS\""],["meta_schedule.tiling_structure"],[]],["GetLoops",["b0"],[],["l2","l3","l4","l5"]],["SamplePerfectTile",["l2"],[5,64],["v6","v7","v8","v9","v10"]],["Split",["l2","v6","v7","v8","v9","v10"],[1],["l11","l12","l13","l14","l15"]],["SamplePerfectTile",["l3"],[5,64],["v16","v17","v18","v19","v20"]],["Split",["l3","v16","v17","v18","v19","v20"],[1],["l21","l22","l23","l24","l25"]],["SamplePerfectTile",["l4"],[5,64],["v26","v27","v28","v29","v30"]],["Split",["l4","v26","v27","v28","v29","v30"],[1],["l31","l32","l33","l34","l35"]],["SamplePerfectTile",["l5"],[3,64],["v36","v37","v38"]],["Split",["l5","v36","v37","v38"],[1],["l39","l40","l41"]],["Reorder",["l11","l21","l31","l12","l22","l32","l13","l23","l33","l39","l40","l14","l24","l34","l41","l15","l25","l35"],[],[]],["Fuse",["l11","l21","l31"],[1],["l42"]],["Bind",["l42"],["blockIdx.x"],[]],["Fuse",["l12","l22","l32"],[1],["l43"]],["Bind",["l43"],["vthread.x"],[]],["Fuse",["l13","l23","l33"],[1],["l44"]],["Bind",["l44"],["threadIdx.x"],[]],["Annotate",["b0",32],["meta_schedule.thread_extent_low_inclusive"],[]],["Annotate",["b0",1024],["meta_schedule.thread_extent_high_inclusive"],[]],["CacheWrite",["b0",[]],[0,"local"],["b45"]],["ReverseComputeAt",["b45","l44"],[1,-1],[]],["CacheRead",["b0",["b0"]],[0,"shared"],["b46"]],["ComputeAt",["b46","l39"],[1,-1],[]],["GetLoops",["b46"],[],["l47","l48","l49","l50","l51","l52","l53"]],["Fuse",["l51","l52","l53"],[1],["l54"]],["SampleCategorical",[],[[1,2,3,4],[0.25,0.25,0.25,0.25]],["v55"]],["Annotate",["b46","v55"],["meta_schedule.cooperative_fetch"],[]],["CacheRead",["b0",["b0"]],[1,"shared"],["b56"]],["ComputeAt",["b56","l39"],[1,-1],[]],["GetLoops",["b56"],[],["l57","l58","l59","l60","l61","l62","l63"]],["Fuse",["l61","l62","l63"],[1],["l64"]],["SampleCategorical",[],[[1,2,3,4],[0.25,0.25,0.25,0.25]],["v65"]],["Annotate",["b56","v65"],["meta_schedule.cooperative_fetch"],[]],["SampleCategorical",[],[[0,16,64,512,1024],[0.2000000000000000111,0.2000000000000000111,0.2000000000000000111,0.2000000000000000111,0.2000000000000000111]],["v66"]],["Annotate",["b1","v66"],["meta_schedule.unroll_explicit"],[]],["EnterPostproc",[],[],[]],["Unannotate",["b46"],["meta_schedule.cooperative_fetch"],[]],["GetLoops",["b46"],[],["l67","l68","l69","l70","l71"]],["Split",["l71","None",256],[1],["l72","l73"]],["Bind",["l73"],["threadIdx.x"],[]],["Unannotate",["b56"],["meta_schedule.cooperative_fetch"],[]],["GetLoops",["b56"],[],["l74","l75","l76","l77","l78"]],["Split",["l78","None",256],[1],["l79","l80"]],["Bind",["l80"],["threadIdx.x"],[]],["GetBlock",[],["root","main"],["b81"]],["Unannotate",["b81"],["meta_schedule.unroll_explicit"],[]],["GetChildBlocks",["b81"],[],["b82","b83","b84","b85"]],["GetLoops",["b82"],[],["l86","l87","l88","l89","l90","l91"]],["Annotate",["l86",16],["pragma_auto_unroll_max_step"],[]],["Annotate",["l86",1],["pragma_unroll_explicit"],[]],["GetLoops",["b83"],[],["l92","l93","l94","l95","l96","l97"]],["Annotate",["l92",16],["pragma_auto_unroll_max_step"],[]],["Annotate",["l92",1],["pragma_unroll_explicit"],[]],["GetLoops",["b84"],[],["l98","l99","l100","l101","l102","l103","l104","l105","l106","l107","l108","l109"]],["Annotate",["l98",16],["pragma_auto_unroll_max_step"],[]],["Annotate",["l98",1],["pragma_unroll_explicit"],[]],["GetLoops",["b85"],[],["l110","l111","l112","l113","l114","l115"]],["Annotate",["l110",16],["pragma_auto_unroll_max_step"],[]],["Annotate",["l110",1],["pragma_unroll_explicit"],[]],["GetBlock",[],["T_batch_matmul_NN","main"],["b116"]],["GetLoops",["b116"],[],["l117","l118","l119","l120","l121","l122","l123","l124","l125","l126","l127","l128"]],["DecomposeReduction",["b116","l120"],[],["b129"]]],[[4,[2,1,1,1,1]],[6,[2,32,4,1,1]],[8,[2,1,64,1,8]],[10,[256,1,4]],[27,0],[33,2],[35,1]]],[0],{"arch":"sm_70","keys":["cuda","gpu"],"kind":"cuda","max_num_threads":1024,"max_shared_memory_per_block":49152,"max_threads_per_block":1024,"registers_per_block":65536,"tag":"","thread_warp_size":32},[["TENSOR","float32",[2,256,1024]],["TENSOR","float32",[2,1024,1024]],["TENSOR","float32",[2,256,1024]]]]]
[0,[[[["GetBlock",[],["T_batch_matmul_NN","main"],["b0"]],["GetBlock",[],["root","main"],["b1"]],["Annotate",["b0","\"SSSRRSRS\""],["meta_schedule.tiling_structure"],[]],["GetLoops",["b0"],[],["l2","l3","l4","l5"]],["SamplePerfectTile",["l2"],[5,64],["v6","v7","v8","v9","v10"]],["Split",["l2","v6","v7","v8","v9","v10"],[1],["l11","l12","l13","l14","l15"]],["SamplePerfectTile",["l3"],[5,64],["v16","v17","v18","v19","v20"]],["Split",["l3","v16","v17","v18","v19","v20"],[1],["l21","l22","l23","l24","l25"]],["SamplePerfectTile",["l4"],[5,64],["v26","v27","v28","v29","v30"]],["Split",["l4","v26","v27","v28","v29","v30"],[1],["l31","l32","l33","l34","l35"]],["SamplePerfectTile",["l5"],[3,64],["v36","v37","v38"]],["Split",["l5","v36","v37","v38"],[1],["l39","l40","l41"]],["Reorder",["l11","l21","l31","l12","l22","l32","l13","l23","l33","l39","l40","l14","l24","l34","l41","l15","l25","l35"],[],[]],["Fuse",["l11","l21","l31"],[1],["l42"]],["Bind",["l42"],["blockIdx.x"],[]],["Fuse",["l12","l22","l32"],[1],["l43"]],["Bind",["l43"],["vthread.x"],[]],["Fuse",["l13","l23","l33"],[1],["l44"]],["Bind",["l44"],["threadIdx.x"],[]],["Annotate",["b0",32],["meta_schedule.thread_extent_low_inclusive"],[]],["Annotate",["b0",1024],["meta_schedule.thread_extent_high_inclusive"],[]],["CacheWrite",["b0",[]],[0,"local"],["b45"]],["ReverseComputeAt",["b45","l44"],[1,-1],[]],["CacheRead",["b0",["b0"]],[0,"shared"],["b46"]],["ComputeAt",["b46","l39"],[1,-1],[]],["GetLoops",["b46"],[],["l47","l48","l49","l50","l51","l52","l53"]],["Fuse",["l51","l52","l53"],[1],["l54"]],["SampleCategorical",[],[[1,2,3,4],[0.25,0.25,0.25,0.25]],["v55"]],["Annotate",["b46","v55"],["meta_schedule.cooperative_fetch"],[]],["CacheRead",["b0",["b0"]],[1,"shared"],["b56"]],["ComputeAt",["b56","l39"],[1,-1],[]],["GetLoops",["b56"],[],["l57","l58","l59","l60","l61","l62","l63"]],["Fuse",["l61","l62","l63"],[1],["l64"]],["SampleCategorical",[],[[1,2,3,4],[0.25,0.25,0.25,0.25]],["v65"]],["Annotate",["b56","v65"],["meta_schedule.cooperative_fetch"],[]],["SampleCategorical",[],[[0,16,64,512,1024],[0.2000000000000000111,0.2000000000000000111,0.2000000000000000111,0.2000000000000000111,0.2000000000000000111]],["v66"]],["Annotate",["b1","v66"],["meta_schedule.unroll_explicit"],[]],["EnterPostproc",[],[],[]],["Unannotate",["b46"],["meta_schedule.cooperative_fetch"],[]],["GetLoops",["b46"],[],["l67","l68","l69","l70","l71"]],["Split",["l71","None",128],[1],["l72","l73"]],["Bind",["l73"],["threadIdx.x"],[]],["Unannotate",["b56"],["meta_schedule.cooperative_fetch"],[]],["GetLoops",["b56"],[],["l74","l75","l76","l77","l78"]],["Split",["l78","None",128],[1],["l79","l80"]],["Bind",["l80"],["threadIdx.x"],[]],["GetBlock",[],["root","main"],["b81"]],["Unannotate",["b81"],["meta_schedule.unroll_explicit"],[]],["GetChildBlocks",["b81"],[],["b82","b83","b84","b85"]],["GetLoops",["b82"],[],["l86","l87","l88","l89","l90","l91"]],["Annotate",["l86",16],["pragma_auto_unroll_max_step"],[]],["Annotate",["l86",1],["pragma_unroll_explicit"],[]],["GetLoops",["b83"],[],["l92","l93","l94","l95","l96","l97"]],["Annotate",["l92",16],["pragma_auto_unroll_max_step"],[]],["Annotate",["l92",1],["pragma_unroll_explicit"],[]],["GetLoops",["b84"],[],["l98","l99","l100","l101","l102","l103","l104","l105","l106","l107","l108","l109"]],["Annotate",["l98",16],["pragma_auto_unroll_max_step"],[]],["Annotate",["l98",1],["pragma_unroll_explicit"],[]],["GetLoops",["b85"],[],["l110","l111","l112","l113","l114","l115"]],["Annotate",["l110",16],["pragma_auto_unroll_max_step"],[]],["Annotate",["l110",1],["pragma_unroll_explicit"],[]],["GetBlock",[],["T_batch_matmul_NN","main"],["b116"]],["GetLoops",["b116"],[],["l117","l118","l119","l120","l121","l122","l123","l124","l125","l126","l127","l128"]],["DecomposeReduction",["b116","l120"],[],["b129"]]],[[4,[2,1,1,1,1]],[6,[1,8,2,1,16]],[8,[1,4,64,4,1]],[10,[512,1,2]],[27,0],[33,2],[35,1]]],[0],{"arch":"sm_70","keys":["cuda","gpu"],"kind":"cuda","max_num_threads":1024,"max_shared_memory_per_block":49152,"max_threads_per_block":1024,"registers_per_block":65536,"tag":"","thread_warp_size":32},[["TENSOR","float32",[2,256,1024]],["TENSOR","float32",[2,1024,1024]],["TENSOR","float32",[2,256,1024]]]]]
[0,[[[["GetBlock",[],["T_batch_matmul_NN","main"],["b0"]],["GetBlock",[],["root","main"],["b1"]],["Annotate",["b0","\"SSSRRSRS\""],["meta_schedule.tiling_structure"],[]],["GetLoops",["b0"],[],["l2","l3","l4","l5"]],["SamplePerfectTile",["l2"],[5,64],["v6","v7","v8","v9","v10"]],["Split",["l2","v6","v7","v8","v9","v10"],[1],["l11","l12","l13","l14","l15"]],["SamplePerfectTile",["l3"],[5,64],["v16","v17","v18","v19","v20"]],["Split",["l3","v16","v17","v18","v19","v20"],[1],["l21","l22","l23","l24","l25"]],["SamplePerfectTile",["l4"],[5,64],["v26","v27","v28","v29","v30"]],["Split",["l4","v26","v27","v28","v29","v30"],[1],["l31","l32","l33","l34","l35"]],["SamplePerfectTile",["l5"],[3,64],["v36","v37","v38"]],["Split",["l5","v36","v37","v38"],[1],["l39","l40","l41"]],["Reorder",["l11","l21","l31","l12","l22","l32","l13","l23","l33","l39","l40","l14","l24","l34","l41","l15","l25","l35"],[],[]],["Fuse",["l11","l21","l31"],[1],["l42"]],["Bind",["l42"],["blockIdx.x"],[]],["Fuse",["l12","l22","l32"],[1],["l43"]],["Bind",["l43"],["vthread.x"],[]],["Fuse",["l13","l23","l33"],[1],["l44"]],["Bind",["l44"],["threadIdx.x"],[]],["Annotate",["b0",32],["meta_schedule.thread_extent_low_inclusive"],[]],["Annotate",["b0",1024],["meta_schedule.thread_extent_high_inclusive"],[]],["CacheWrite",["b0",[]],[0,"local"],["b45"]],["ReverseComputeAt",["b45","l44"],[1,-1],[]],["CacheRead",["b0",["b0"]],[0,"shared"],["b46"]],["ComputeAt",["b46","l39"],[1,-1],[]],["GetLoops",["b46"],[],["l47","l48","l49","l50","l51","l52","l53"]],["Fuse",["l51","l52","l53"],[1],["l54"]],["SampleCategorical",[],[[1,2,3,4],[0.25,0.25,0.25,0.25]],["v55"]],["Annotate",["b46","v55"],["meta_schedule.cooperative_fetch"],[]],["CacheRead",["b0",["b0"]],[1,"shared"],["b56"]],["ComputeAt",["b56","l39"],[1,-1],[]],["GetLoops",["b56"],[],["l57","l58","l59","l60","l61","l62","l63"]],["Fuse",["l61","l62","l63"],[1],["l64"]],["SampleCategorical",[],[[1,2,3,4],[0.25,0.25,0.25,0.25]],["v65"]],["Annotate",["b56","v65"],["meta_schedule.cooperative_fetch"],[]],["SampleCategorical",[],[[0,16,64,512,1024],[0.2000000000000000111,0.2000000000000000111,0.2000000000000000111,0.2000000000000000111,0.2000000000000000111]],["v66"]],["Annotate",["b1","v66"],["meta_schedule.unroll_explicit"],[]],["EnterPostproc",[],[],[]],["Unannotate",["b46"],["meta_schedule.cooperative_fetch"],[]],["GetLoops",["b46"],[],["l67","l68","l69","l70","l71"]],["Split",["l71","None",32],[1],["l72","l73"]],["Bind",["l73"],["threadIdx.x"],[]],["Unannotate",["b56"],["meta_schedule.cooperative_fetch"],[]],["GetLoops",["b56"],[],["l74","l75","l76","l77","l78"]],["Split",["l78","None",32],[1],["l79","l80"]],["Bind",["l80"],["threadIdx.x"],[]],["GetBlock",[],["root","main"],["b81"]],["Unannotate",["b81"],["meta_schedule.unroll_explicit"],[]],["GetChildBlocks",["b81"],[],["b82","b83","b84","b85"]],["GetLoops",["b82"],[],["l86","l87","l88","l89","l90","l91"]],["Annotate",["l86",1024],["pragma_auto_unroll_max_step"],[]],["Annotate",["l86",1],["pragma_unroll_explicit"],[]],["GetLoops",["b83"],[],["l92","l93","l94","l95","l96","l97"]],["Annotate",["l92",1024],["pragma_auto_unroll_max_step"],[]],["Annotate",["l92",1],["pragma_unroll_explicit"],[]],["GetLoops",["b84"],[],["l98","l99","l100","l101","l102","l103","l104","l105","l106","l107","l108","l109"]],["Annotate",["l98",1024],["pragma_auto_unroll_max_step"],[]],["Annotate",["l98",1],["pragma_unroll_explicit"],[]],["GetLoops",["b85"],[],["l110","l111","l112","l113","l114","l115"]],["Annotate",["l110",1024],["pragma_auto_unroll_max_step"],[]],["Annotate",["l110",1],["pragma_unroll_explicit"],[]],["GetBlock",[],["T_batch_matmul_NN","main"],["b116"]],["GetLoops",["b116"],[],["l117","l118","l119","l120","l121","l122","l123","l124","l125","l126","l127","l128"]],["DecomposeReduction",["b116","l120"],[],["b129"]]],[[4,[1,1,1,1,2]],[6,[1,2,8,8,2]],[8,[4,2,4,4,8]],[10,[128,1,8]],[27,0],[33,2],[35,4]]],[0],{"arch":"sm_70","keys":["cuda","gpu"],"kind":"cuda","max_num_threads":1024,"max_shared_memory_per_block":49152,"max_threads_per_block":1024,"registers_per_block":65536,"tag":"","thread_warp_size":32},[["TENSOR","float32",[2,256,1024]],["TENSOR","float32",[2,1024,1024]],["TENSOR","float32",[2,256,1024]]]]]
